ZDI ID,ZDI CAN,Vendor/Product,CVE,CVSS,Published,Updated,Unnamed: 7,Unnamed: 8,Vendor,Reported_Date,Published_Date,Patch_Time_Days
ZDI-14-430,ZDI-CAN-2811,Microsoft,CVE-2014-6374,6.8,2015-12-18,,Microsoft Internet Explorer RtfToForeign32 Out-Of-Bounds Indexing Remote Code Execution Vulnerability,,Microsoft,2015-03-27,2015-12-18,266
ZDI-14-427,ZDI-CAN-2531,Mozilla,CVE-2014-1581,6.8,2015-02-23,,Mozilla Firefox DirectionalityUtils Use-After-Free Remote Code Execution Vulnerability,,Mozilla,2014-09-16,2015-02-23,160
ZDI-14-417,ZDI-CAN-2552,Adobe,CVE-2014-9163,6.8,2014-12-09,,Adobe Flash Player parseFloat Stack Buffer Overflow Remote Code Execution Vulnerability,,Adobe,2014-10-15,2014-12-09,55
ZDI-14-416,ZDI-CAN-2588,Adobe,CVE-2014-9162,6.8,2014-12-09,,Adobe Flash Player Regular Expression Object Out-Of-Bound Read Information Disclosure Vulnerability,,Adobe,2014-11-04,2014-12-09,35
ZDI-14-409,ZDI-CAN-2536,Microsoft,CVE-2014-8966,6.8,2014-12-09,,Microsoft Internet Explorer CInputElement Type Confusion Remote Code Execution Vulnerability,,Microsoft,2014-09-29,2014-12-09,71
ZDI-14-408,ZDI-CAN-2522,Microsoft,CVE-2014-6329,6.8,2014-12-09,,Microsoft Internet Explorer CTreePos Use-After-Free Remote Code Execution Vulnerability,,Microsoft,2014-09-04,2014-12-09,96
ZDI-14-407,ZDI-CAN-2521,Microsoft,CVE-2014-6327,6.8,2014-12-09,,Microsoft Internet Explorer CSetTimeoutInfo Use-After-Free Remote Code Execution Vulnerability,,Microsoft,2014-09-04,2014-12-09,96
ZDI-14-406,ZDI-CAN-2520,Microsoft,CVE-2014-6376,5.1,2014-12-09,,Microsoft Internet Explorer LineBoxBuilder::FindWord Out-Of-Bounds Memory Access Vulnerability,,Microsoft,2014-09-04,2014-12-09,96
ZDI-14-405,ZDI-CAN-2503,Microsoft,CVE-2014-6375,6.8,2014-12-09,,Microsoft Internet Explorer Insert Command Use-After-Free Remote Code Execution Vulnerability,,Microsoft,2014-09-04,2014-12-09,96
ZDI-14-404,ZDI-CAN-2498,Microsoft,CVE-2014-6374,6.8,2014-12-09,,Microsoft Internet Explorer RtfToForeign32 Out-Of-Bounds Indexing Remote Code Execution Vulnerability,,Microsoft,2014-08-28,2014-12-09,103
ZDI-14-403,ZDI-CAN-2365,Microsoft,CVE-2014-8967,6.8,2014-12-04,,(0Day) Microsoft Internet Explorer display:run-in Use-After-Free Remote Code Execution Vulnerability,,Microsoft,2014-06-03,2014-12-04,184
ZDI-14-390,ZDI-CAN-2222,Apple,CVE-2014-1314,4.6,2014-12-02,,(Pwn2Own) Apple OS X WindowsServer Sandbox Escape Vulnerability,,Apple,2014-03-13,2014-12-02,264
ZDI-14-381,ZDI-CAN-2544,Microsoft,CVE-2014-6351,6.8,2014-11-19,,Microsoft Internet Explorer CSS Quotes Use-After-Free Remote Code Execution Vulnerability,,Microsoft,2014-10-05,2014-11-19,45
ZDI-14-380,ZDI-CAN-2482,Microsoft,CVE-2014-6348,6.8,2014-11-19,,Microsoft Internet Explorer CHeaderElement Use-After-Free Remote Code Execution Vulnerability,,Microsoft,2014-08-04,2014-11-19,107
ZDI-14-379,ZDI-CAN-2436,Microsoft,CVE-2014-6344,6.8,2014-11-19,,Microsoft Internet Explorer GetReplacedUrlImgCtxCookie Out-of-bounds Indexing Remote Code Execution Vulnerability,,Microsoft,2014-07-24,2014-11-19,118
ZDI-14-378,ZDI-CAN-2410,Microsoft,CVE-2014-6343,6.8,2014-11-19,,Microsoft Internet Explorer CElement Use-After-Free Remote Code Execution Vulnerability,,Microsoft,2014-07-24,2014-11-19,118
ZDI-14-377,ZDI-CAN-2474,Microsoft,CVE-2014-6342,6.8,2014-11-19,,Microsoft Internet Explorer CPtsTextParaclient::GetApeCorners Out-Of-Bounds Write Remote Code Execution Vulnerability,,Microsoft,2014-07-24,2014-11-19,118
ZDI-14-376,ZDI-CAN-2433,Microsoft,CVE-2014-6341,6.8,2014-11-19,,Microsoft Internet Explorer CStyleSheet::get_parentStyleSheet Use-After-Free Remote Code Execution Vulnerability,,Microsoft,2014-07-24,2014-11-19,118
ZDI-14-375,ZDI-CAN-2404,Microsoft,CVE-2014-4143,6.8,2014-11-19,,Microsoft Internet Explorer CSecurityContext Use-After-Free Remote Code Execution Vulnerability,,Microsoft,2014-07-07,2014-11-19,135
ZDI-14-374,ZDI-CAN-2399,Microsoft,CVE-2014-6347,6.8,2014-11-19,,Microsoft Internet Explorer DOMStringMap Type Confusion Remote Code Execution Vulnerability,,Microsoft,2014-07-01,2014-11-19,141
ZDI-14-368,ZDI-CAN-1923,Apple,CVE-2014-4391,5.6,2014-10-24,,Apple OS X GateKeeper Bypass Vulnerability,,Apple,2013-07-30,2014-10-24,451
ZDI-14-367,ZDI-CAN-2306,Microsoft,CVE-2014-1803,6.8,2014-10-14,,Microsoft Internet Explorer CAnchorElement Use-After-Free Remote Code Execution Vulnerability,,Microsoft,2014-05-08,2014-10-14,159
ZDI-14-366,ZDI-CAN-2324,Microsoft,CVE-2014-1799,6.8,2014-10-14,,Microsoft Internet Explorer CDOMEvent Use-After-Free Remote Code Execution Vulnerability,,Microsoft,2014-05-08,2014-10-14,159
ZDI-14-365,ZDI-CAN-2518,Adobe,CVE-2014-0569,6.8,2014-10-14,,Adobe Flash Player casi32 Integer Overflow Remote Code Execution Vulnerability,,Adobe,2014-09-10,2014-10-14,34
ZDI-14-357,ZDI-CAN-2280,Microsoft,CVE-2014-1769,6.8,2014-10-14,,Microsoft Internet Explorer CTreePos Use-After-Free Remote Code Execution Vulnerability,,Microsoft,2014-04-23,2014-10-14,174
ZDI-14-356,ZDI-CAN-2388,Microsoft,CVE-2014-4145,6.8,2014-10-14,,Microsoft Internet Explorer CElement::DelMarkupPtr Out-Of-Bounds Read Remote Code Execution Vulnerability,,Microsoft,2014-06-30,2014-10-14,106
ZDI-14-355,ZDI-CAN-2398,Microsoft,CVE-2014-4092,6.8,2014-10-14,,Microsoft Internet Explorer CTableCell Use-After-Free Remote Code Execution Vulnerability,,Microsoft,2014-07-07,2014-10-14,99
ZDI-14-354,ZDI-CAN-2359,Microsoft,CVE-2014-1799,6.8,2014-10-14,,Microsoft Internet Explorer CMarkup Use-After-Free Remote Code Execution Vulnerability,,Microsoft,2014-05-29,2014-10-14,138
ZDI-14-353,ZDI-CAN-2377,Microsoft,CVE-2014-4130,6.8,2014-10-14,,Microsoft Internet Explorer Title attribute Use-After-Free Remote Code Execution Vulnerability,,Microsoft,2014-06-09,2014-10-14,127
ZDI-14-352,ZDI-CAN-2382,Microsoft,CVE-2014-4138,5.1,2014-10-14,,Microsoft Internet Explorer ConvertBitmaptoPng Heap Buffer Overflow Remote Code Execution Vulnerability,,Microsoft,2014-06-23,2014-10-14,113
ZDI-14-351,ZDI-CAN-2397,Microsoft,CVE-2014-4141,6.8,2014-10-14,,Microsoft Internet Explorer CAttrValue Use-After-Free Remote Code Execution Vulnerability,,Microsoft,2014-07-07,2014-10-14,99
ZDI-14-350,ZDI-CAN-2484,Microsoft,CVE-2014-4117,6.8,2014-10-14,,Microsoft Word Style Tag Use-After-Free Remote Code Execution Vulnerability,,Microsoft,2014-08-04,2014-10-14,71
ZDI-14-349,ZDI-CAN-2387,Microsoft,,6.8,2014-10-02,,(0Day) Microsoft Internet Explorer ScriptEngine Use-After-Free Remote Code Execution Vulnerability,,Microsoft,2014-06-30,2014-10-02,94
ZDI-14-346,ZDI-CAN-2147,Apple,,4.7,2014-10-02,,(0Day) Apple OS X IOHIDSecurePromptClient Denial Of Service Vulnerability,,Apple,2014-02-06,2014-10-02,238
ZDI-14-330,ZDI-CAN-2185,Microsoft,CVE-2014-4112,6.8,2014-10-01,,Microsoft Internet Explorer Layout Use-After-Free Remote Code Execution Vulnerability,,Microsoft,2014-04-03,2014-10-01,181
ZDI-14-327,ZDI-CAN-2346,Microsoft,CVE-2014-4067,6.8,2014-09-25,,Microsoft Internet Explorer CSS Transition Remote Code Execution Vulnerability,,Microsoft,2014-05-28,2014-09-25,120
ZDI-14-326,ZDI-CAN-2238,Apple,CVE-2014-4350,7.5,2014-09-22,,Apple QuickTime MIDI Heap Buffer Overflow Remote Code Execution Vulnerability,,Apple,2014-04-03,2014-09-22,172
ZDI-14-325,ZDI-CAN-1996,Apple,CVE-2014-1391,6.8,2014-09-22,,Apple QuickTime mdat Atom Heap Buffer Overflow Remote Code Execution Vulnerability,,Apple,2013-10-23,2014-09-22,334
ZDI-14-324,ZDI-CAN-2300,Adobe,CVE-2014-0561,7.5,2014-09-16,,Adobe Reader 3DIF Plugin Heap Buffer Overflow Remote Code Execution Vulnerability,,Adobe,2014-05-06,2014-09-16,133
ZDI-14-323,ZDI-CAN-2432,Adobe,CVE-2014-0567,6.8,2014-09-16,,Adobe Reader replace() Heap Buffer Overflow Remote Code Execution Vulnerability,,Adobe,2014-07-24,2014-09-16,54
ZDI-14-322,ZDI-CAN-2487,Microsoft,CVE-2014-4101,5.1,2014-09-16,,Microsoft Internet Explorer UpdateColumnAndColGroupStyles Remote Code Execution Vulnerability,,Microsoft,2014-08-27,2014-09-16,20
ZDI-14-321,ZDI-CAN-2403,Microsoft,CVE-2014-4092,6.8,2014-09-16,,Microsoft Internet Explorer CTableOMRowCache Use-After-Free Remote Code Execution Vulnerability,,Microsoft,2014-07-07,2014-09-16,71
ZDI-14-320,ZDI-CAN-2430,Microsoft,CVE-2014-4092,6.8,2014-09-16,,Microsoft Internet Explorer CTableOMRowCache Use-After-Free Remote Code Execution Vulnerability,,Microsoft,2014-07-24,2014-09-16,54
ZDI-14-319,ZDI-CAN-2486,Microsoft,CVE-2014-4096,6.8,2014-09-16,,Microsoft Internet Explorer CBackgroundCollection Use-After-Free Remote Code Execution Vulnerability,,Microsoft,2014-08-04,2014-09-16,43
ZDI-14-318,ZDI-CAN-2393,Microsoft,CVE-2014-4079,6.8,2014-09-16,,Microsoft Internet Explorer CGeneratedTreeNode Use-After-Free Remote Code Execution Vulnerability,,Microsoft,2014-07-11,2014-09-16,67
ZDI-14-317,ZDI-CAN-2412,Microsoft,CVE-2014-4090,6.8,2014-09-16,,Microsoft Internet Explorer CTableCell Use-After-Free Remote Code Execution Vulnerability,,Microsoft,2014-07-11,2014-09-16,67
ZDI-14-316,ZDI-CAN-2391,Microsoft,CVE-2014-4085,6.8,2014-09-16,,Microsoft Internet Explorer CMarkup Use-After-Free Remote Code Execution Vulnerability,,Microsoft,2014-07-07,2014-09-16,71
ZDI-14-315,ZDI-CAN-2401,Microsoft,CVE-2014-4108,6.8,2014-09-16,,Microsoft Internet Explorer CTable Use-After-Free Remote Code Execution Vulnerability,,Microsoft,2014-07-01,2014-09-16,77
ZDI-14-314,ZDI-CAN-2400,Microsoft,CVE-2014-4107,6.8,2014-09-16,,Microsoft Internet Explorer CAttrValue Use-After-Free Remote Code Execution Vulnerability,,Microsoft,2014-07-01,2014-09-16,77
ZDI-14-313,ZDI-CAN-2392,Microsoft,CVE-2014-4105,6.8,2014-09-16,,Microsoft Internet Explorer CSelectTracker::GetMoveDirection Use-After-Free Remote Code Execution Vulnerability,,Microsoft,2014-06-30,2014-09-16,78
ZDI-14-312,ZDI-CAN-2390,Microsoft,CVE-2014-4103,6.8,2014-09-16,,Microsoft Internet Explorer CDataBindTask Use-After-Free Remote Code Execution Vulnerability,,Microsoft,2014-06-18,2014-09-16,90
ZDI-14-311,ZDI-CAN-2356,Microsoft,CVE-2014-4099,6.8,2014-09-16,,Microsoft Internet Explorer CCanvasRadialGradient Out-Of-Bounds Indexing Remote Code Execution Vulnerability,,Microsoft,2014-06-06,2014-09-16,102
ZDI-14-310,ZDI-CAN-2364,Microsoft,CVE-2014-4098,6.8,2014-09-16,,Microsoft Internet Explorer CGeneratedTreeNode Use-After-Free Remote Code Execution Vulnerability,,Microsoft,2014-06-03,2014-09-16,105
ZDI-14-309,ZDI-CAN-2353,Microsoft,CVE-2014-4096,6.8,2014-09-16,,Microsoft Internet Explorer Empty CAttrValue Uninitialized Variable Remote Code Execution Vulnerability,,Microsoft,2014-05-28,2014-09-16,111
ZDI-14-308,ZDI-CAN-2347,Microsoft,CVE-2014-4097,6.8,2014-09-16,,Microsoft Internet Explorer CFieldSetLayout Use-After-Free Remote Code Execution Vulnerability,,Microsoft,2014-05-29,2014-09-16,110
ZDI-14-307,ZDI-CAN-2345,Microsoft,CVE-2014-4095,6.8,2014-09-16,,Microsoft Internet Explorer CHTMLEditorProxy Use-After-Free Remote Code Execution Vulnerability,,Microsoft,2014-05-28,2014-09-16,111
ZDI-14-306,ZDI-CAN-2276,Microsoft,CVE-2014-4065,6.8,2014-09-16,,Microsoft Internet Explorer CAttrArray Use-After-Free Remote Code Execution Vulnerability,,Microsoft,2014-04-16,2014-09-16,153
ZDI-14-304,ZDI-CAN-2394,Mozilla,CVE-2014-1567,6.8,2014-09-03,,Mozilla Firefox DirectionalityUtils Use-After-Free Remote Code Execution Vulnerability,,Mozilla,2014-07-11,2014-09-03,54
ZDI-14-292,ZDI-CAN-2236,Microsoft,CVE-2014-2819,7.2,2014-08-07,,(0Day) (Pwn2Own) Microsoft Internet Explorer PresentationHost.exe Protected Mode Bypass Vulnerability,,Microsoft,2014-03-13,2014-08-07,147
ZDI-14-287,ZDI-CAN-2277,Microsoft,CVE-2014-4060,6.8,2014-08-12,,Microsoft Windows Media Center CSyncBasePlayer Use-After-Free Remote Code Execution Vulnerability,,Microsoft,2014-04-24,2014-08-12,110
ZDI-14-286,ZDI-CAN-2316,Microsoft,CVE-2014-4051,7.5,2014-08-12,,Microsoft Internet Explorer CPhraseElement Use-After-Free Remote Code Execution Vulnerability,,Microsoft,2014-05-08,2014-08-12,96
ZDI-14-285,ZDI-CAN-2309,Microsoft,CVE-2014-4050,6.8,2014-08-12,,Microsoft Internet Explorer first-letter Use-After-Free Remote Code Execution Vulnerability,,Microsoft,2014-05-08,2014-08-12,96
ZDI-14-284,ZDI-CAN-2278,Microsoft,CVE-2014-2827,6.8,2014-08-12,,Microsoft Internet Explorer Arrow Key Use-After-Free Remote Code Execution Vulnerability,,Microsoft,2014-05-08,2014-08-12,96
ZDI-14-283,ZDI-CAN-2272,Microsoft,CVE-2014-4056,7.5,2014-08-12,,Microsoft Internet Explorer CTreePos Use-After-Free Remote Code Execution Vulnerability,,Microsoft,2014-05-08,2014-08-12,96
ZDI-14-282,ZDI-CAN-2323,Microsoft,CVE-2014-4058,6.8,2014-08-12,,Microsoft Internet Explorer CScriptElement Use-After-Free Remote Code Execution Vulnerability,,Microsoft,2014-05-06,2014-08-12,98
ZDI-14-281,ZDI-CAN-2315,Microsoft,CVE-2014-4055,6.8,2014-08-12,,Microsoft Internet Explorer CInput onfocus Use-After-Free Remote Code Execution Vulnerability,,Microsoft,2014-05-06,2014-08-12,98
ZDI-14-280,ZDI-CAN-2314,Microsoft,CVE-2014-4052,6.8,2014-08-12,,Microsoft Internet Explorer CTableRow Use-After-Free Remote Code Execution Vulnerability,,Microsoft,2014-05-06,2014-08-12,98
ZDI-14-278,ZDI-CAN-2243,Microsoft,CVE-2014-2820,6.8,2014-08-12,,Microsoft Internet Explorer CDOMUIEvent Use-After-Free Remote Code Execution Vulnerability,,Microsoft,2014-04-03,2014-08-12,131
ZDI-14-277,ZDI-CAN-2326,Adobe,CVE-2014-0540,6.8,2014-08-12,,Adobe Flash Player Vector Object Information Disclosure Vulnerability,,Adobe,2014-05-28,2014-08-12,76
ZDI-14-276,ZDI-CAN-2204,Microsoft,CVE-2014-2818,6.8,2014-08-12,,Microsoft Internet Explorer CScriptData Use-After-Free Remote Code Execution Vulnerability,,Microsoft,2014-03-26,2014-08-12,139
ZDI-14-275,ZDI-CAN-2156,Microsoft,CVE-2014-2774,6.8,2014-08-12,,Microsoft Internet Explorer CElement::GetClassCacheArray Improper Indexing Remote Code Execution Vulnerability,,Microsoft,2014-03-26,2014-08-12,139
ZDI-14-274,ZDI-CAN-2184,Microsoft,CVE-2014-4063,6.8,2014-08-12,,Microsoft Internet Explorer CSegment Object Use-After-Free Remote Code Execution Vulnerability,,Microsoft,2014-03-07,2014-08-12,158
ZDI-14-270,ZDI-CAN-2209,Microsoft,CVE-2014-1762,7.5,2014-07-30,,(0Day) (Pwn2Own\Pwn4Fun) Microsoft Internet Explorer localhost Protected Mode Bypass Vulnerability,,Microsoft,2014-03-12,2014-07-30,140
ZDI-14-266,ZDI-CAN-2363,Microsoft,CVE-2014-2803,6.8,2014-07-24,,Microsoft Internet Explorer CTreePos Use-After-Free Remote Code Execution Vulnerability,,Microsoft,2014-06-09,2014-07-24,45
ZDI-14-265,ZDI-CAN-2376,Microsoft,CVE-2014-2802,6.8,2014-07-24,,Microsoft Internet Explorer CTitleElement Use-After-Free Remote Code Execution Vulnerability,,Microsoft,2014-06-09,2014-07-24,45
ZDI-14-264,ZDI-CAN-2082,Apple,CVE-2014-4979,6.8,2014-07-23,,(0Day) Apple QuickTime 'mvhd' Atom Heap Memory Corruption Remote Code Execution Vulnerability,,Apple,2014-02-18,2014-07-23,155
ZDI-14-261,ZDI-CAN-2366,Microsoft,CVE-2014-1765,6.8,2014-07-23,,Microsoft Internet Explorer CAttrValue Use-After-Free Remote Code Execution Vulnerability,,Microsoft,2014-06-09,2014-07-23,44
ZDI-14-260,ZDI-CAN-2371,Microsoft,CVE-2014-1799,6.8,2014-07-23,,Microsoft Internet Explorer CMarkupPointer Use-After-Free Remote Code Execution Vulnerability,,Microsoft,2014-06-09,2014-07-23,44
ZDI-14-259,ZDI-CAN-2187,Microsoft,CVE-2014-2764,6.8,2014-07-23,,Microsoft Internet Explorer CTreeNode Double Free Remote Code Execution Vulnerability,,Microsoft,2014-04-03,2014-07-23,111
ZDI-14-240,ZDI-CAN-2285,Apple,CVE-2014-1371,4.6,2014-07-18,,Apple OS X Dock Service Sandbox Escape Vulnerability,,Apple,2014-04-23,2014-07-18,86
ZDI-14-238,ZDI-CAN-2201,Microsoft,CVE-2014-0308,6.8,2014-07-18,,Microsoft Internet Explorer CUListElement Use-After-Free Remote Code Execution Vulnerability,,Microsoft,2014-03-07,2014-07-18,133
ZDI-14-237,ZDI-CAN-2368,Microsoft,CVE-2014-1799,6.8,2014-07-18,,Microsoft Internet Explorer CView Use-After-Free Remote Code Execution Vulnerability,,Microsoft,2014-06-09,2014-07-18,39
ZDI-14-227,ZDI-CAN-2367,Microsoft,CVE-2014-2761,6.8,2014-07-09,,Microsoft Internet Explorer TextBlockRun Use-After-Free Remote Code Execution Vulnerability,,Microsoft,2014-06-09,2014-07-09,30
ZDI-14-226,ZDI-CAN-2370,Microsoft,CVE-2014-1769,6.8,2014-07-09,,Microsoft Internet Explorer Uninitialized Variable Remote Code Execution Vulnerability,,Microsoft,2014-06-06,2014-07-09,33
ZDI-14-225,ZDI-CAN-2303,Microsoft,CVE-2014-2813,6.8,2014-07-09,,Microsoft Internet Explorer CMarkup Use-After-Free Remote Code Execution Vulnerability,,Microsoft,2014-04-24,2014-07-09,76
ZDI-14-223,ZDI-CAN-2269,Microsoft,CVE-2014-1765,6.8,2014-07-09,,Microsoft Internet Explorer CAttrArray Use-After-Free Remote Code Execution Vulnerability,,Microsoft,2014-04-03,2014-07-09,97
ZDI-14-222,ZDI-CAN-2239,Microsoft,CVE-2014-2809,6.8,2014-07-09,,Microsoft Internet Explorer CImgElement Use-After-Free Remote Code Execution Vulnerability,,Microsoft,2014-04-04,2014-07-09,96
ZDI-14-221,ZDI-CAN-2231,Microsoft,CVE-2014-2780,4.4,2014-07-09,,(Pwn2Own) Microsoft Windows DirectShow Privilege Escalation Vulnerability,,Microsoft,2014-03-11,2014-07-09,120
ZDI-14-220,ZDI-CAN-2228,Microsoft,CVE-2014-1767,6.9,2014-07-09,,(Pwn2Own) Microsoft Windows AFD.SYS Dangling Pointer Privilege Escalation Vulnerability,,Microsoft,2014-03-11,2014-07-09,120
ZDI-14-219,ZDI-CAN-2226,Microsoft,CVE-2014-1765,6.8,2014-07-09,,(Pwn2Own) Microsoft Internet Explorer CAttrArray Use-After-Free Remote Code Execution Vulnerability,,Microsoft,2014-03-11,2014-07-09,120
ZDI-14-218,ZDI-CAN-2224,Microsoft,CVE-2014-2781,4.6,2014-07-09,,(Pwn2Own) Microsoft On-Screen Keyboard Privilege Escalation Vulnerability,,Microsoft,2014-03-11,2014-07-09,120
ZDI-14-217,ZDI-CAN-2212,Microsoft,CVE-2014-1763,6.8,2014-07-09,,(Pwn2Own) Microsoft Internet Explorer CSS Memory Corruption Vulnerability,,Microsoft,2014-03-11,2014-07-09,120
ZDI-14-216,ZDI-CAN-2203,Microsoft,CVE-2014-2792,6.8,2014-07-09,,Microsoft Internet Explorer CDOMNode Use-After-Free Remote Code Execution Vulnerability,,Microsoft,2014-03-26,2014-07-09,105
ZDI-14-215,ZDI-CAN-2169,Microsoft,CVE-2014-2791,6.8,2014-07-09,,Microsoft Internet Explorer CAryWindowTbl Use-After-Free Remote Code Execution Vulnerability,,Microsoft,2014-05-06,2014-07-09,64
ZDI-14-213,ZDI-CAN-2240,Microsoft,CVE-2014-2782,6.8,2014-06-18,,Microsoft Internet Explorer ControlTracker Use-After-Free Remote Code Execution Vulnerability,,Microsoft,2014-04-03,2014-06-18,76
ZDI-14-212,ZDI-CAN-2271,Microsoft,CVE-2014-0282,6.8,2014-06-18,,Microsoft Internet Explorer CInput Use-After-Free Remote Code Execution Vulnerability,,Microsoft,2014-04-03,2014-06-18,76
ZDI-14-194,ZDI-CAN-2267,Microsoft,CVE-2014-1799,6.8,2014-06-11,,Microsoft Internet Explorer CTreeNode Use-After-Free Remote Code Execution Vulnerability,,Microsoft,2014-04-03,2014-06-11,69
ZDI-14-193,ZDI-CAN-2237,Microsoft,CVE-2014-2756,6.8,2014-06-11,,Microsoft Internet Explorer CMarkupPointer Use-After-Free Remote Code Execution Vulnerability,,Microsoft,2014-03-27,2014-06-11,76
ZDI-14-192,ZDI-CAN-2227,Microsoft,CVE-2014-1766,7.5,2014-06-11,,(Pwn2Own) Microsoft Internet Explorer CDispNodeBase Use-After-Free Remote Code Execution Vulnerability,,Microsoft,2014-03-14,2014-06-11,89
ZDI-14-191,ZDI-CAN-2223,Microsoft,CVE-2014-1805,7.5,2014-06-11,,Microsoft Internet Explorer CWindow Use-After-Free Remote Code Execution Vulnerability,,Microsoft,2014-03-14,2014-06-11,89
ZDI-14-190,ZDI-CAN-2213,Microsoft,CVE-2014-1764,7.2,2014-06-11,,(Pwn2Own) Microsoft Internet Explorer Protected Mode Bypass Vulnerability,,Microsoft,2014-03-13,2014-06-11,90
ZDI-14-189,ZDI-CAN-2218,Microsoft,CVE-2014-2777,7.2,2014-06-11,,(Pwn2Own) Microsoft Internet Explorer Protected Mode Bypass Vulnerability,,Microsoft,2014-03-13,2014-06-11,90
ZDI-14-188,ZDI-CAN-2202,Microsoft,CVE-2014-2776,6.8,2014-06-11,,Microsoft Internet Explorer Js::PathTypeHandlerBase Improper Indexing Remote Code Execution Vulnerability,,Microsoft,2014-03-26,2014-06-11,77
ZDI-14-187,ZDI-CAN-2166,Microsoft,CVE-2014-2775,6.8,2014-06-11,,Microsoft Internet Explorer CMarkup Use-After-Free Remote Code Execution Vulnerability,,Microsoft,2014-03-26,2014-06-11,77
ZDI-14-186,ZDI-CAN-2099,Microsoft,CVE-2014-1762,6.8,2014-06-11,,(Pwn2Own\Pwn4Fun) Microsoft Internet Explorer CDOMTextNode Use-After-Free Remote Code Execution Vulnerability,,Microsoft,2014-03-13,2014-06-11,90
ZDI-14-185,ZDI-CAN-2199,Microsoft,CVE-2014-2772,6.8,2014-06-11,,Microsoft Internet Explorer textContent Heap Buffer Overflow Remote Code Execution Vulnerability,,Microsoft,2014-03-07,2014-06-11,96
ZDI-14-184,ZDI-CAN-2159,Microsoft,CVE-2014-1800,6.8,2014-06-11,,Microsoft Internet Explorer CTreePos Use-After-Free Remote Code Execution Vulnerability,,Microsoft,2014-02-18,2014-06-11,113
ZDI-14-183,ZDI-CAN-2145,Microsoft,CVE-2014-1797,6.8,2014-06-11,,Microsoft Internet Explorer isindex Memory Corruption Remote Code Execution Vulnerability,,Microsoft,2014-02-06,2014-06-11,125
ZDI-14-182,ZDI-CAN-2144,Microsoft,CVE-2014-2758,6.8,2014-06-11,,Microsoft Internet Explorer CDXTFilterNode Use-After-Free Remote Code Execution Vulnerability,,Microsoft,2014-02-06,2014-06-11,125
ZDI-14-181,ZDI-CAN-2134,Microsoft,CVE-2014-2757,6.8,2014-06-11,,Microsoft Internet Explorer CElement Use-After-Free Remote Code Execution Vulnerability,,Microsoft,2014-02-06,2014-06-11,125
ZDI-14-180,ZDI-CAN-2110,Microsoft,CVE-2014-1785,6.8,2014-06-11,,Microsoft Internet Explorer CMarkup Use-After-Free Remote Code Execution Vulnerability,,Microsoft,2014-01-14,2014-06-11,148
ZDI-14-179,ZDI-CAN-2076,Microsoft,CVE-2014-1782,6.8,2014-06-11,,Microsoft Internet Explorer CGeneratedContent Use-After-Free Remote Code Execution Vulnerability,,Microsoft,2013-12-18,2014-06-11,175
ZDI-14-178,ZDI-CAN-2055,Microsoft,CVE-2014-1780,6.8,2014-06-11,,Microsoft Internet Explorer CElement Use-After-Free Remote Code Execution Vulnerability,,Microsoft,2013-12-06,2014-06-11,187
ZDI-14-177,ZDI-CAN-2057,Microsoft,CVE-2014-1779,6.8,2014-06-11,,Microsoft Internet Explorer CElement Use-After-Free Remote Code Execution Vulnerability,,Microsoft,2013-12-06,2014-06-11,187
ZDI-14-176,ZDI-CAN-2039,Microsoft,CVE-2014-0282,6.8,2014-06-11,,Microsoft Internet Explorer CFormElement Use-After-Free Remote Code Execution Vulnerability,,Microsoft,2013-11-07,2014-06-11,216
ZDI-14-175,ZDI-CAN-2037,Microsoft,CVE-2014-1775,6.8,2014-06-11,,Microsoft Internet Explorer CPeerFactoryUrlMap Use-After-Free Remote Code Execution Vulnerability,,Microsoft,2013-11-07,2014-06-11,216
ZDI-14-174,ZDI-CAN-2025,Microsoft,CVE-2014-1774,6.8,2014-06-11,,Microsoft Internet Explorer CGeneratedTreeNode Use-After-Free Remote Code Execution Vulnerability,,Microsoft,2013-11-07,2014-06-11,216
ZDI-14-140,ZDI-CAN-1989,Microsoft,CVE-2014-1770,6.8,2014-05-21,,(0Day) Microsoft Internet Explorer CMarkup Use-After-Free Remote Code Execution Vulnerability,,Microsoft,2013-10-11,2014-05-21,222
ZDI-14-132,ZDI-CAN-2211,Adobe,CVE-2014-0512,4.6,2014-05-19,,(Pwn2Own) Adobe Reader Sandbox Bypass Remote Code Execution Vulnerability,,Adobe,2014-03-13,2014-05-19,67
ZDI-14-131,ZDI-CAN-2210,Adobe,CVE-2014-0511,6.8,2014-05-19,,(Pwn2Own) Adobe Reader PDF417 Barcode Parsing Integer Overflow Remote Code Execution Vulnerability,,Adobe,2014-03-13,2014-05-19,67
ZDI-14-130,ZDI-CAN-2235,Adobe,CVE-2014-0510,6.8,2014-05-19,,(Pwn2Own) Adobe Flash Display Object Memory Corruption Remote Code Execution Vulnerability,,Adobe,2014-03-13,2014-05-19,67
ZDI-14-129,ZDI-CAN-1856,Microsoft,CVE-2014-3802,6.8,2014-05-14,,Microsoft DIA SDK msdia.dll Memory Corruption Vulnerability,,Microsoft,2013-05-13,2014-05-14,366
ZDI-14-128,ZDI-CAN-2001,Adobe,CVE-2014-0527,6.8,2014-05-13,,Adobe Reader AcroPDF messageHandler Use-After-Free Remote Code Execution Vulnerability,,Adobe,2013-10-23,2014-05-13,202
ZDI-14-126,ZDI-CAN-2245,Google,CVE-2014-1736,6.8,2014-05-13,,Google Chrome ImageData Signedness Error Remote Code Execution Vulnerability,,Google,2014-04-03,2014-05-13,40
ZDI-14-125,ZDI-CAN-2101,Microsoft,CVE-2014-0310,6.8,2014-05-13,,Microsoft Internet Explorer Attribute Double Free Remote Code Execution Vulnerability,,Microsoft,2013-12-20,2014-05-13,144
ZDI-14-121,ZDI-CAN-2208,Apple,CVE-2014-1318,6.9,2014-05-02,,(Pwn2Own\Pwn4Fun) Apple OS X Graphics Driver Memory Corruption Remote Code Execution Vulnerability,,Apple,2014-03-13,2014-05-02,50
ZDI-14-120,ZDI-CAN-2207,Apple,CVE-2014-1320,2.1,2014-05-02,,(Pwn2Own\Pwn4Fun) Apple OS X IOKit Kernel Information Disclosure Vulnerability,,Apple,2014-03-13,2014-05-02,50
ZDI-14-119,ZDI-CAN-2141,Microsoft,CVE-2014-0285,6.8,2014-05-02,,Microsoft Internet Explorer CMarkup Use-After-Free Remote Code Execution Vulnerability,,Microsoft,2014-02-06,2014-05-02,85
ZDI-14-113,ZDI-CAN-2131,Microsoft,CVE-2014-0290,6.8,2014-04-23,,Microsoft Internet Explorer CMarkup Undo execCommand Use-After-Free Remote Code Execution Vulnerability,,Microsoft,2014-01-31,2014-04-23,82
ZDI-14-112,ZDI-CAN-2132,Microsoft,CVE-2014-0278,6.8,2014-04-23,,Microsoft Internet Explorer CSS Out-Of-Bounds Indexing Remote Code Execution Vulnerability,,Microsoft,2014-02-06,2014-04-23,76
ZDI-14-101,ZDI-CAN-2112,Microsoft,CVE-2014-0321,6.8,2014-04-21,,Microsoft Internet Explorer CTreeNode Use-After-Free Remote Code Execution Vulnerability,,Microsoft,2014-01-30,2014-04-21,81
ZDI-14-092,ZDI-CAN-2216,Adobe,CVE-2014-0506,6.8,2014-04-11,,(Pwn2Own) Adobe Flash ExternalInterface Use-After-Free Remote Code Execution Vulnerability,,Adobe,2014-03-13,2014-04-11,29
ZDI-14-091,ZDI-CAN-2221,Apple,CVE-2014-1303,6.8,2014-04-11,,(Pwn2Own) Apple Safari Heap Buffer Overflow Remote Code Execution Vulnerability,,Apple,2014-03-13,2014-04-11,29
ZDI-14-090,ZDI-CAN-2206,Apple,CVE-2014-1300,6.8,2014-04-11,,(Pwn2Own\Pwn4Fun) Apple Webkit JSStringJoiner Memory Corruption Remote Code Execution Vulnerability,,Apple,2014-03-13,2014-04-11,29
ZDI-14-089,ZDI-CAN-2234,Google,CVE-2014-1715,6.8,2014-04-11,,(Pwn2Own) Google Chrome Directory Traversal Sandbox Escape Vulnerability,,Google,2014-03-13,2014-04-11,29
ZDI-14-088,ZDI-CAN-2233,Google,CVE-2014-1705,6.8,2014-04-11,,(Pwn2Own) Google Chrome V8 Arbitrary Memory Read/Write Remote Code Execution Vulnerability,,Google,2014-03-13,2014-04-11,29
ZDI-14-087,ZDI-CAN-2230,Google,CVE-2014-1714,6.8,2014-04-11,,(Pwn2Own) Google Chrome Clipboard Sandbox Escape Vulnerability,,Google,2014-03-13,2014-04-11,29
ZDI-14-086,ZDI-CAN-2229,Google,CVE-2014-1713,6.8,2014-04-11,,(Pwn2Own) Google Chrome Blink Use-After-Free Remote Code Execution Vulnerability,,Google,2014-03-13,2014-04-11,29
ZDI-14-085,ZDI-CAN-2225,Mozilla,CVE-2014-1514,6.8,2014-04-11,,(Pwn2Own) Mozilla Firefox TypedArrayObject Out-Of-Bounds Write Remote Code Execution Vulnerability,,Mozilla,2014-03-12,2014-04-11,30
ZDI-14-084,ZDI-CAN-2220,Mozilla,CVE-2014-1513,6.8,2014-04-11,,(Pwn2Own) Mozilla Firefox ArrayBuffer Out-Of-Bounds Read/Write Remote Code Execution Vulnerability,,Mozilla,2014-03-12,2014-04-11,30
ZDI-14-083,ZDI-CAN-2219,Mozilla,CVE-2014-1512,6.8,2014-04-11,,(Pwn2Own) Mozilla Firefox TypeObject Use-After-Free Remote Code Execution Vulnerability,,Mozilla,2014-03-12,2014-04-11,30
ZDI-14-082,ZDI-CAN-2215,Mozilla,CVE-2014-1511,6.8,2014-04-11,,(Pwn2Own) Mozilla Firefox Pop-Up Blocker Bypass Vulnerability,,Mozilla,2014-03-12,2014-04-11,30
ZDI-14-081,ZDI-CAN-2214,Mozilla,CVE-2014-1510,6.8,2014-04-11,,(Pwn2Own) Mozilla Firefox Privileged Content Loading Remote Code Execution Vulnerability,,Mozilla,2014-03-12,2014-04-11,30
ZDI-14-080,ZDI-CAN-2122,Microsoft,CVE-2014-1760,6.8,2014-04-10,,Microsoft Internet Explorer CFormatCache<CSvgFormat>::AddRefData Improper Indexing Remote Code Execution Vulnerability,,Microsoft,2014-03-31,2014-04-10,10
ZDI-14-079,ZDI-CAN-2111,Microsoft,CVE-2014-1753,6.8,2014-04-10,,Microsoft Internet Explorer CAttrArray Use-After-Free Remote Code Execution Vulnerability,,Microsoft,2014-03-31,2014-04-10,10
ZDI-14-078,ZDI-CAN-2077,Microsoft,CVE-2014-0325,6.8,2014-04-10,,Microsoft Internet Explorer CElement Use-After-Free Remote Code Execution Vulnerability,,Microsoft,2014-02-16,2014-04-10,53
ZDI-14-070,ZDI-CAN-2167,Adobe,CVE-2014-0507,7.5,2014-04-08,,Adobe Flash Player Regular Expression Stack Overflow Remote Code Execution Vulnerability,,Adobe,2014-03-07,2014-04-08,32
ZDI-14-062,ZDI-CAN-2100,Microsoft,CVE-2014-0285,7.5,2014-04-08,,Microsoft Internet Explorer NavigateToBookmark Use-After-Free Remote Code Execution Vulnerability,,Microsoft,2014-02-18,2014-04-08,49
ZDI-14-061,ZDI-CAN-2074,Microsoft,CVE-2014-0274,6.8,2014-04-08,,Microsoft Internet Explorer CDomRange Use-After-Free Remote Code Execution Vulnerability,,Microsoft,2014-02-04,2014-04-08,63
ZDI-14-058,ZDI-CAN-2036,Mozilla,CVE-2014-1486,6.8,2014-04-03,,Mozilla Firefox imgRequestProxy Use-After-Free Remote Code Execution Vulnerability,,Mozilla,2014-01-20,2014-04-03,73
ZDI-14-057,ZDI-CAN-2109,Apple,CVE-2014-1290,6.8,2014-04-03,,Apple Mobile Safari isindex Use-After-Free Remote Code Execution Vulnerability,,Apple,2014-01-30,2014-04-03,63
ZDI-14-049,ZDI-CAN-1945,Apple,CVE-2014-1251,6.8,2014-04-03,,Apple QuickTime clef Atom Heap Buffer Overflow Remote Code Execution Vulnerability,,Apple,2013-11-03,2014-04-03,151
ZDI-14-048,ZDI-CAN-1943,Apple,CVE-2014-1246,7.5,2014-04-03,,Apple QuickTime ftab Atom Remote Code Execution Vulnerability,,Apple,2013-09-21,2014-04-03,194
ZDI-14-047,ZDI-CAN-1939,Apple,CVE-2014-1245,7.5,2014-04-03,,Apple QuickTime stsz Atom Remote Code Execution Vulnerability,,Apple,2013-09-21,2014-04-03,194
ZDI-14-046,ZDI-CAN-1940,Apple,CVE-2014-1247,7.5,2014-04-03,,Apple QuickTime dref Atom Remote Code Execution Vulnerability,,Apple,2013-09-21,2014-04-03,194
ZDI-14-045,ZDI-CAN-1860,Apple,CVE-2014-1244,10.0,2014-04-03,,Apple QuickTime stsz Atom Remote Code Execution Vulnerability,,Apple,2013-07-13,2014-04-03,264
ZDI-14-044,ZDI-CAN-1737,Apple,CVE-2014-1243,6.8,2014-04-03,,Apple QuickTime nam Atom Parsing Remote Code Execution Vulnerability,,Apple,2013-07-13,2014-04-03,264
ZDI-14-040,ZDI-CAN-2070,Adobe,CVE-2014-0498,7.5,2014-04-03,,Adobe Flash Player RegExp Stack Buffer Overflow Remote Code Execution Vulnerability,,Adobe,2014-02-07,2014-04-03,55
ZDI-14-036,ZDI-CAN-2073,Microsoft,CVE-2014-0307,6.8,2014-04-03,,Microsoft Internet Explorer HtmlLayout Use-After-Free Remote Code Execution Vulnerability,,Microsoft,2014-02-04,2014-04-03,58
ZDI-14-035,ZDI-CAN-2072,Microsoft,CVE-2014-0308,6.8,2014-04-03,,Microsoft Internet Explorer CMarkup Use-After-Free Remote Code Execution Vulnerability,,Microsoft,2014-02-04,2014-04-03,58
ZDI-14-034,ZDI-CAN-2046,Microsoft,CVE-2014-0313,6.8,2014-04-03,,Microsoft Internet Explorer Heap Buffer Overflow Remote Code Execution Vulnerability,,Microsoft,2014-01-20,2014-04-03,73
ZDI-14-033,ZDI-CAN-2040,Microsoft,CVE-2014-0312,7.5,2014-03-20,,Microsoft Internet Explorer CSelectElement Use-After-Free Remote Code Execution Vulnerability,,Microsoft,2013-11-21,2014-03-20,119
ZDI-14-032,ZDI-CAN-2033,Microsoft,CVE-2014-0299,6.8,2014-03-20,,Microsoft Internet Explorer Uninitialized Variable Remote Code Execution Vulnerability,,Microsoft,2013-11-21,2014-03-20,119
ZDI-14-031,ZDI-CAN-2030,Microsoft,CVE-2014-0298,6.8,2014-03-20,,Microsoft Internet Explorer CMarkup Use-After-Free Remote Code Execution Vulnerability,,Microsoft,2013-11-07,2014-03-20,133
ZDI-14-030,ZDI-CAN-2029,Microsoft,CVE-2014-0297,6.8,2014-03-20,,Microsoft Internet Explorer CTraversalMarkupPointer Use-After-Free Remote Code Execution Vulnerability,,Microsoft,2013-11-07,2014-03-20,133
ZDI-14-028,ZDI-CAN-2035,Microsoft,CVE-2014-0281,6.8,2014-02-13,,Microsoft Internet Explorer CTreeNode Use-After-Free Remote Code Execution Vulnerability,,Microsoft,2013-11-07,2014-02-13,98
ZDI-14-027,ZDI-CAN-2034,Microsoft,CVE-2014-0289,6.8,2014-02-13,,Microsoft Internet Explorer CMarkupPointer Use-After-Free Remote Code Execution Vulnerability,,Microsoft,2013-11-07,2014-02-13,98
ZDI-14-026,ZDI-CAN-2006,Microsoft,CVE-2014-0275,6.8,2014-02-13,,Microsoft Internet Explorer CAreaElement Use-After-Free Remote Code Execution Vulnerability,,Microsoft,2013-10-23,2014-02-13,113
ZDI-14-025,ZDI-CAN-2005,Microsoft,CVE-2014-0274,6.8,2014-02-13,,Microsoft Internet Explorer CDomRange Use-After-Free Remote Code Execution Vulnerability,,Microsoft,2013-10-23,2014-02-13,113
ZDI-14-024,ZDI-CAN-2002,Microsoft,CVE-2014-0287,6.8,2014-02-13,,Microsoft Internet Explorer CHtmlLayout Use-After-Free Remote Code Execution Vulnerability,,Microsoft,2013-10-11,2014-02-13,125
ZDI-14-023,ZDI-CAN-1984,Microsoft,CVE-2014-0286,6.8,2014-02-13,,Microsoft Internet Explorer CInputElement Use-After-Free Remote Code Execution Vulnerability,,Microsoft,2013-09-12,2014-02-13,154
ZDI-14-022,ZDI-CAN-1982,Microsoft,CVE-2014-0288,6.8,2014-02-13,,Microsoft Internet Explorer CDivElement Use-After-Free Remote Code Execution Vulnerability,,Microsoft,2013-10-22,2014-02-13,114
ZDI-14-021,ZDI-CAN-1974,Microsoft,CVE-2014-0269,6.8,2014-02-13,,Microsoft Internet Explorer CMarkup Use-After-Free Remote Code Execution Vulnerability,,Microsoft,2013-09-04,2014-02-13,162
ZDI-14-020,ZDI-CAN-1973,Microsoft,CVE-2014-0270,6.8,2014-02-13,,Microsoft Internet Explorer CMarkup Use-After-Free Remote Code Execution Vulnerability,,Microsoft,2013-09-12,2014-02-13,154
ZDI-14-019,ZDI-CAN-1877,Microsoft,CVE-2014-0263,5.1,2014-02-13,,Microsoft Direct2D Graphics Component Remote Code Execution Vulnerability,,Microsoft,2013-06-10,2014-02-13,248
ZDI-14-014,ZDI-CAN-1993,Adobe,CVE-2014-0492,5.0,2014-02-05,,Adobe Flash Player Jump Opcode Information Leak Vulnerability,,Adobe,2013-10-23,2014-02-05,105
ZDI-15-666,ZDI-CAN-3450,Adobe,CVE-2015-8416,6.8,2016-06-03,,Adobe Flash TextBlock releaseLineCreationData Use-After-Free Remote Code Execution Vulnerability,,Adobe,2015-12-07,2016-06-03,179
ZDI-15-665,ZDI-CAN-3357,Adobe,CVE-2015-8823,6.8,2016-04-15,,Adobe Flash TextField text Use-After-Free Remote Code Execution Vulnerability,,Adobe,2015-10-08,2016-04-15,190
ZDI-15-664,ZDI-CAN-3434,Adobe,CVE-2015-8822,6.8,2016-03-02,,Adobe Flash MPEG Use-After-Free Remote Code Execution Vulnerability,,Adobe,2015-12-01,2016-03-02,92
ZDI-15-663,ZDI-CAN-3438,Adobe,CVE-2015-8821,6.8,2016-03-02,,Adobe Flash MPEG Use-After-Free Remote Code Execution Vulnerability,,Adobe,2015-12-01,2016-03-02,92
ZDI-15-662,ZDI-CAN-3439,Adobe,CVE-2015-8658,6.8,2016-03-02,,Adobe Flash MPEG Parsing Uninitialized Pointer Remote Code Execution Vulnerability,,Adobe,2015-12-01,2016-03-02,92
ZDI-15-661,ZDI-CAN-3437,Adobe,CVE-2015-8820,6.8,2016-03-02,,Adobe Flash MPEG Out-Of-Bounds Read Remote Code Execution Vulnerability,,Adobe,2015-12-01,2016-03-02,92
ZDI-15-660,ZDI-CAN-3435,Adobe,CVE-2015-8657,6.8,2016-03-02,,Adobe Flash MPEG Out-Of-Bounds Read Remote Code Execution Vulnerability,,Adobe,2015-12-01,2016-03-02,92
ZDI-15-659,ZDI-CAN-3436,Adobe,CVE-2015-8656,6.8,2016-03-02,,Adobe Flash MPEG Out-Of-Bounds Read Remote Code Execution Vulnerability,,Adobe,2015-12-01,2016-03-02,92
ZDI-15-658,ZDI-CAN-3415,Adobe,CVE-2015-8654,6.8,2016-03-02,,Adobe Flash MPEG-4 Out-Of-Bounds Read Remote Code Execution Vulnerability,,Adobe,2015-11-17,2016-03-02,106
ZDI-15-657,ZDI-CAN-3412,Adobe,CVE-2015-8653,6.8,2016-03-02,,Adobe Flash MPEG-4 Use-After-Free Remote Code Execution Vulnerability,,Adobe,2015-11-17,2016-03-02,106
ZDI-15-656,ZDI-CAN-3416,Adobe,CVE-2015-8652,6.8,2016-03-02,,Adobe Flash MPEG-4 Out-Of-Bounds Read Remote Code Execution Vulnerability,,Adobe,2015-11-17,2016-03-02,106
ZDI-15-655,ZDI-CAN-3418,Adobe,CVE-2015-8655,6.8,2016-03-02,,Adobe Flash MPEG-4 Use-After-Free Remote Code Execution Vulnerability,,Adobe,2015-12-01,2016-03-02,92
ZDI-15-654,ZDI-CAN-3373,Microsoft,CVE-2015-6065,6.8,2016-03-02,,Microsoft Internet Explorer CFontFace Use-After-Free Remote Code Execution Vulnerability,,Microsoft,2015-11-02,2016-03-02,121
ZDI-15-653,ZDI-CAN-3443,Adobe,CVE-2015-8649,6.8,2015-12-29,,Adobe Flash Object hasOwnProperty Use-After-Free Remote Code Execution Vulnerability,,Adobe,2015-12-03,2015-12-29,26
ZDI-15-652,ZDI-CAN-3442,Adobe,CVE-2015-8648,6.8,2015-12-29,,Adobe Flash MovieClip setMask Use-After-Free Remote Code Execution Vulnerability,,Adobe,2015-12-03,2015-12-29,26
ZDI-15-651,ZDI-CAN-3444,Adobe,CVE-2015-8650,6.8,2015-12-29,,Adobe Flash LoadVars decode Use-After-Free Remote Code Execution Vulnerability,,Adobe,2015-12-03,2015-12-29,26
ZDI-15-650,ZDI-CAN-3441,Adobe,CVE-2015-8647,6.8,2015-12-29,,Adobe Flash MovieClip attachMovie Use-After-Free Remote Code Execution Vulnerability,,Adobe,2015-12-03,2015-12-29,26
ZDI-15-649,ZDI-CAN-3371,Adobe,CVE-2015-8639,6.8,2015-12-29,,Adobe Flash MovieClip hitTest Use-After-Free Remote Code Execution Vulnerability,,Adobe,2015-11-17,2015-12-29,42
ZDI-15-648,ZDI-CAN-3372,Adobe,CVE-2015-8638,6.8,2015-12-29,,Adobe Flash MovieClip getBounds Use-After-Free Remote Code Execution Vulnerability,,Adobe,2015-11-17,2015-12-29,42
ZDI-15-647,ZDI-CAN-3298,Microsoft,CVE-2015-6083,6.8,2015-12-23,,Microsoft Internet Explorer CTableRow Use-After-Free Remote Code Execution Vulnerability,,Microsoft,2015-09-17,2015-12-23,97
ZDI-15-646,ZDI-CAN-3176,Mozilla,CVE-2015-4509,6.8,2015-12-18,,Mozilla Firefox HTMLVideoElement Use-After-Free Remote Code Execution Vulnerability,,Mozilla,2015-08-24,2015-12-18,116
ZDI-15-645,ZDI-CAN-3440,Microsoft,CVE-2015-6159,4.3,2015-12-17,,Microsoft Internet Explorer TextBlock Out-Of-Bounds Read Information Disclosure Vulnerability,,Microsoft,2015-12-03,2015-12-17,14
ZDI-15-639,ZDI-CAN-3269,Microsoft,CVE-2016-0035,6.8,2015-12-14,,(0Day) Microsoft Office Excel Binary Worksheet Use-After-Free Remote Code Execution Vulnerability,,Microsoft,2015-09-08,2015-12-14,97
ZDI-15-637,ZDI-CAN-3019,Adobe,CVE-2015-8458,6.8,2015-12-14,,Adobe Reader DC AGM Heap Buffer Overflow Remote Code Execution Vulnerability,,Adobe,2015-06-25,2015-12-14,172
ZDI-15-636,ZDI-CAN-3331,Adobe,CVE-2015-8457,6.8,2015-12-10,,Adobe Flash HLS Stack Buffer Overflow Remote Code Execution Vulnerability,,Adobe,2015-10-06,2015-12-10,65
ZDI-15-614,ZDI-CAN-2217,Adobe,CVE-2015-8453,5.1,2015-12-08,,Adobe Flash JIT Spray ASLR/DEP Bypass Vulnerability,,Adobe,2014-12-23,2015-12-08,350
ZDI-15-613,ZDI-CAN-3255,Adobe,CVE-2015-8450,6.8,2015-12-08,,Adobe Flash AS2 TextField filters Use-After-Free Remote Code Execution Vulnerability,,Adobe,2015-09-01,2015-12-08,98
ZDI-15-612,ZDI-CAN-3257,Adobe,CVE-2015-8449,6.8,2015-12-08,,Adobe Flash AS2 MovieClip lineTo Use-After-Free Remote Code Execution Vulnerability,,Adobe,2015-09-01,2015-12-08,98
ZDI-15-611,ZDI-CAN-3259,Adobe,CVE-2015-8448,6.8,2015-12-08,,Adobe Flash AS2 DisplacementMapFilter mapBitmap Use-After-Free Remote Code Execution Vulnerability,,Adobe,2015-09-01,2015-12-08,98
ZDI-15-610,ZDI-CAN-3277,Adobe,CVE-2015-8447,6.8,2015-12-08,,Adobe Flash AS2 Color setTransform Use-After-Free Remote Code Execution Vulnerability,,Adobe,2015-09-03,2015-12-08,96
ZDI-15-609,ZDI-CAN-3262,Adobe,CVE-2015-8446,6.8,2015-12-08,,Adobe Flash MP3 ID3 COMM Tag Heap Buffer Overflow Remote Code Execution Vulnerability,,Adobe,2015-09-03,2015-12-08,96
ZDI-15-608,ZDI-CAN-3258,Adobe,CVE-2015-8445,6.8,2015-12-08,,Adobe Flash AS3 ShaderParameter Integer Overflow Remote Code Execution Vulnerability,,Adobe,2015-09-08,2015-12-08,91
ZDI-15-607,ZDI-CAN-3292,Adobe,CVE-2015-8442,6.8,2015-12-08,,Adobe Flash AS2 MovieClip filters Use-After-Free Remote Code Execution Vulnerability,,Adobe,2015-09-15,2015-12-08,84
ZDI-15-606,ZDI-CAN-3328,Adobe,CVE-2015-8439,6.8,2015-12-08,,Adobe Flash AS2 SharedObject getRemote Type Confusion Remote Code Execution Vulnerability,,Adobe,2015-10-01,2015-12-08,68
ZDI-15-605,ZDI-CAN-3317,Adobe,CVE-2015-8438,6.8,2015-12-08,,Adobe Flash AS2 XML toString Heap Buffer Overflow Remote Code Execution Vulnerability,,Adobe,2015-10-06,2015-12-08,63
ZDI-15-604,ZDI-CAN-3359,Adobe,CVE-2015-8437,6.8,2015-12-08,,Adobe Flash AS2 Selection setFocus Use-After-Free Remote Code Execution Vulnerability,,Adobe,2015-10-08,2015-12-08,61
ZDI-15-603,ZDI-CAN-3358,Adobe,CVE-2015-8436,6.8,2015-12-08,,Adobe Flash PrintJob addPage Use-After-Free Remote Code Execution Vulnerability,,Adobe,2015-10-08,2015-12-08,61
ZDI-15-602,ZDI-CAN-3370,Adobe,CVE-2015-8050,6.8,2015-12-08,,Adobe Flash MovieClip beginGradientFill Use-After-Free Remote Code Execution Vulnerability,,Adobe,2015-11-02,2015-12-08,36
ZDI-15-601,ZDI-CAN-3369,Adobe,CVE-2015-8049,6.8,2015-12-08,,Adobe Flash TextField autoSize Use-After-Free Remote Code Execution Vulnerability,,Adobe,2015-11-02,2015-12-08,36
ZDI-15-600,ZDI-CAN-3335,Microsoft,CVE-2015-6134,6.8,2015-12-08,,Microsoft Windows JScript External Object Type Confusion Remote Code Execution Vulnerability,,Microsoft,2015-10-08,2015-12-08,61
ZDI-15-599,ZDI-CAN-3283,Microsoft,CVE-2015-6151,6.8,2015-12-08,,Microsoft Internet Explorer CSelectTracker Use-After-Free Remote Code Execution Vulnerability,,Microsoft,2015-09-04,2015-12-08,95
ZDI-15-598,ZDI-CAN-3148,Microsoft,CVE-2015-6147,6.8,2015-12-08,,Microsoft Internet Explorer CTableRowCellsCollectionCacheItem Out-Of-Bounds Access Remote Code Execution Vulnerability,,Microsoft,2015-09-08,2015-12-08,91
ZDI-15-597,ZDI-CAN-3145,Microsoft,CVE-2015-6136,4.3,2015-12-08,,Microsoft Windows VBScript StrComp Function Use-After-Free Information Disclosure Vulnerability,,Microsoft,2015-08-31,2015-12-08,99
ZDI-15-596,ZDI-CAN-3144,Microsoft,CVE-2015-6136,4.3,2015-12-08,,Microsoft Windows VBScript Split Function Use-After-Free Information Disclosure Vulnerability,,Microsoft,2015-08-31,2015-12-08,99
ZDI-15-595,ZDI-CAN-3143,Microsoft,CVE-2015-6136,4.3,2015-12-08,,Microsoft Windows VBScript Replace Function Use-After-Free Information Disclosure Vulnerability,,Microsoft,2015-08-31,2015-12-08,99
ZDI-15-594,ZDI-CAN-3142,Microsoft,CVE-2015-6136,4.3,2015-12-08,,Microsoft Windows VBScript InStr/InStrRev Functions Use-After-Free Information Disclosure Vulnerability,,Microsoft,2015-08-31,2015-12-08,99
ZDI-15-593,ZDI-CAN-3141,Microsoft,CVE-2015-6136,4.3,2015-12-08,,Microsoft Windows VBScript InStrB Function Use-After-Free Information Disclosure Vulnerability,,Microsoft,2015-08-31,2015-12-08,99
ZDI-15-592,ZDI-CAN-3140,Microsoft,CVE-2015-6136,4.3,2015-12-08,,Microsoft Windows VBScript Filter Function Use-After-Free Information Disclosure Vulnerability,,Microsoft,2015-08-31,2015-12-08,99
ZDI-15-591,ZDI-CAN-3121,Microsoft,CVE-2015-6136,4.3,2015-12-08,,Microsoft Windows VBScript Join Function Use-After-Free Information Disclosure Vulnerability,,Microsoft,2015-08-31,2015-12-08,99
ZDI-15-590,ZDI-CAN-3146,Microsoft,CVE-2015-6150,6.8,2015-12-08,,Microsoft Internet Explorer CTableLayout Use-After-Free Remote Code Execution Vulnerability,,Microsoft,2015-09-08,2015-12-08,91
ZDI-15-589,ZDI-CAN-3147,Microsoft,CVE-2015-6149,6.8,2015-12-08,,Microsoft Internet Explorer CTableCell colspan Improper Indexing Remote Code Execution Vulnerability,,Microsoft,2015-09-08,2015-12-08,91
ZDI-15-588,ZDI-CAN-3261,Microsoft,CVE-2015-6148,6.8,2015-12-08,,Microsoft Internet Explorer CBGsound Use-After-Free Remote Code Execution Vulnerability,,Microsoft,2015-09-08,2015-12-08,91
ZDI-15-587,ZDI-CAN-3319,Microsoft,CVE-2015-6142,6.8,2015-12-08,,Microsoft Internet Explorer CAttrArray Type Confusion Remote Code Execution Vulnerability,,Microsoft,2015-09-17,2015-12-08,82
ZDI-15-586,ZDI-CAN-3318,Microsoft,CVE-2015-6135,4.3,2015-12-08,,Microsoft Windows VBScript CreateObject Function Use-After-Free Information Disclosure Vulnerability,,Microsoft,2015-09-22,2015-12-08,77
ZDI-15-585,ZDI-CAN-3296,Microsoft,CVE-2015-6141,6.8,2015-12-08,,Microsoft Internet Explorer CStylesheet Rules Out-Of-Bounds Access Remote Code Execution Vulnerability,,Microsoft,2015-09-17,2015-12-08,82
ZDI-15-584,ZDI-CAN-3287,Microsoft,CVE-2015-6143,6.8,2015-12-08,,Microsoft Internet Explorer CAttrArray Use-After-Free Remote Code Execution Vulnerability,,Microsoft,2015-09-17,2015-12-08,82
ZDI-15-583,ZDI-CAN-3281,Microsoft,CVE-2015-6168,6.8,2015-12-08,,Microsoft Edge CAttrArray Out-Of-Bounds Read Remote Code Execution Vulnerability,,Microsoft,2015-09-03,2015-12-08,96
ZDI-15-582,ZDI-CAN-3124,Microsoft,CVE-2015-6160,6.8,2015-12-08,,Microsoft Internet Explorer Mutation Observer Use-After-Free Remote Code Execution Vulnerability,,Microsoft,2015-08-21,2015-12-08,109
ZDI-15-569,ZDI-CAN-3002,Adobe,CVE-2015-6696,6.8,2015-11-16,,Adobe Reader DC AGM Heap Buffer Overflow Remote Code Execution Vulnerability,,Adobe,2015-06-25,2015-11-16,144
ZDI-15-568,ZDI-CAN-3024,Microsoft,CVE-2015-1767,6.8,2015-11-12,,Microsoft Internet Explorer TreeWalker Use-After-Free Remote Code Execution Vulnerability,,Microsoft,2015-07-02,2015-11-12,133
ZDI-15-567,ZDI-CAN-3295,Adobe,CVE-2015-7657,6.8,2015-11-10,,Adobe Flash AS2 actionCallMethod Use-After-Free Remote Code Execution Vulnerability,,Adobe,2015-09-15,2015-11-10,56
ZDI-15-566,ZDI-CAN-3294,Adobe,CVE-2015-7659,6.8,2015-11-10,,Adobe Flash AS2 NetConnection Type Confusion Remote Code Execution Vulnerability,,Adobe,2015-09-15,2015-11-10,56
ZDI-15-565,ZDI-CAN-3291,Adobe,CVE-2015-7660,6.8,2015-11-10,,Adobe Flash AS2 MovieClip setMask Use-After-Free Remote Code Execution Vulnerability,,Adobe,2015-09-15,2015-11-10,56
ZDI-15-564,ZDI-CAN-3290,Adobe,CVE-2015-7661,6.8,2015-11-10,,Adobe Flash AS2 MovieClip getBounds Use-After-Free Remote Code Execution Vulnerability,,Adobe,2015-09-15,2015-11-10,56
ZDI-15-563,ZDI-CAN-3289,Adobe,CVE-2015-8042,6.8,2015-11-10,,Adobe Flash AS2 Sound loadSound Use-After-Free Remote Code Execution Vulnerability,,Adobe,2015-10-06,2015-11-10,35
ZDI-15-562,ZDI-CAN-3288,Adobe,CVE-2015-7658,6.8,2015-11-10,,Adobe Flash AS2 actionInstanceOf Use-After-Free Remote Code Execution Vulnerability,,Adobe,2015-09-15,2015-11-10,56
ZDI-15-561,ZDI-CAN-3279,Adobe,CVE-2015-7653,6.8,2015-11-10,,Adobe Flash AS2 MovieClip globalToLocal Use-After-Free Remote Code Execution Vulnerability,,Adobe,2015-09-03,2015-11-10,68
ZDI-15-560,ZDI-CAN-3278,Adobe,CVE-2015-7654,6.8,2015-11-10,,Adobe Flash AS2 Sound attachSound Use-After-Free Remote Code Execution Vulnerability,,Adobe,2015-09-03,2015-11-10,68
ZDI-15-559,ZDI-CAN-3276,Adobe,CVE-2015-7655,6.8,2015-11-10,,Adobe Flash AS2 actionExtends Use-After-Free Remote Code Execution Vulnerability,,Adobe,2015-09-08,2015-11-10,63
ZDI-15-558,ZDI-CAN-3275,Adobe,CVE-2015-7656,6.8,2015-11-10,,Adobe Flash AS2 actionImplementsOp Use-After-Free Remote Code Execution Vulnerability,,Adobe,2015-09-08,2015-11-10,63
ZDI-15-557,ZDI-CAN-3256,Adobe,CVE-2015-7652,6.8,2015-11-10,,Adobe Flash AS2 TextField gridFitType Use-After-Free Remote Code Execution Vulnerability,,Adobe,2015-09-01,2015-11-10,70
ZDI-15-556,ZDI-CAN-3107,Adobe,CVE-2015-7651,6.8,2015-11-10,,Adobe Flash AS2 DefineFunction Invalid Free Remote Code Execution Vulnerability,,Adobe,2015-08-03,2015-11-10,99
ZDI-15-547,ZDI-CAN-3122,Microsoft,CVE-2015-6086,4.3,2015-11-10,,Microsoft Internet Explorer CDOMStringDataList::InitFromString Out-Of-Bounds Indexing Information Disclosure Vulnerability,,Microsoft,2015-09-08,2015-11-10,63
ZDI-15-546,ZDI-CAN-3270,Microsoft,CVE-2015-6094,6.8,2015-11-10,,Microsoft Office Excel Binary Worksheet Use-After-Free Remote Code Execution Vulnerability,,Microsoft,2015-09-08,2015-11-10,63
ZDI-15-545,ZDI-CAN-3272,Microsoft,CVE-2015-6051,4.4,2015-11-10,,Microsoft Internet Explorer ShowSaveFileDialog Protected Mode Sandbox Escape Vulnerability,,Microsoft,2015-09-03,2015-11-10,68
ZDI-15-544,ZDI-CAN-3116,Microsoft,CVE-2015-6081,6.8,2015-11-10,,Microsoft Internet Explorer CTableLayout Out-Of-Bounds Memory Access Remote Code Execution Vulnerability,,Microsoft,2015-08-13,2015-11-10,89
ZDI-15-543,ZDI-CAN-3109,Microsoft,CVE-2015-6038,6.8,2015-11-10,,Microsoft Office Excel Binary Worksheet Uninitialized Pointer Remote Code Execution Vulnerability,,Microsoft,2015-08-03,2015-11-10,99
ZDI-15-542,ZDI-CAN-3099,Microsoft,CVE-2015-6077,6.8,2015-11-10,,Microsoft Internet Explorer CTsfTextStore Use-After-Free Remote Code Execution Vulnerability,,Microsoft,2015-08-03,2015-11-10,99
ZDI-15-541,ZDI-CAN-3114,Microsoft,CVE-2015-6076,6.8,2015-11-10,,Microsoft Internet Explorer htmlFor Attribute Use-After-Free Remote Code Execution Vulnerability,,Microsoft,2015-08-03,2015-11-10,99
ZDI-15-540,ZDI-CAN-3113,Microsoft,CVE-2015-6075,6.8,2015-11-10,,Microsoft Internet Explorer URLIMGCTX Use-After-Free Remote Code Execution Vulnerability,,Microsoft,2015-08-03,2015-11-10,99
ZDI-15-539,ZDI-CAN-3102,Microsoft,CVE-2015-6093,6.8,2015-11-10,,Microsoft Office Word TTF Size Miscalculation Remote Code Execution Vulnerability,,Microsoft,2015-07-28,2015-11-10,105
ZDI-15-538,ZDI-CAN-2915,Microsoft,CVE-2015-6064,6.8,2015-11-10,,Microsoft Internet Explorer COptionElement::InvalidateDataListAncestorCollections Use-After-Free Remote Code Execution Vulnerability,,Microsoft,2015-05-06,2015-11-10,188
ZDI-15-537,ZDI-CAN-3327,Microsoft,CVE-2015-6055,6.8,2015-11-10,,Microsoft Windows VBScript Join Function Type Confusion Remote Code Execution Vulnerability,,Microsoft,2015-09-22,2015-11-10,49
ZDI-15-536,ZDI-CAN-2933,Microsoft,CVE-2015-2367,2.1,2015-11-10,,Microsoft Windows NtUserDisableProcessWindowFiltering Information Disclosure Vulnerability,,Microsoft,2015-05-07,2015-11-10,187
ZDI-15-534,ZDI-CAN-3334,Adobe,CVE-2015-7650,6.8,2015-11-02,,Adobe Acrobat Reader DC CMAP Table Out-Of-Bounds Read Remote Code Execution Vulnerability,,Adobe,2015-10-01,2015-11-02,32
ZDI-15-533,ZDI-CAN-3268,Apple,CVE-2015-6978,6.8,2015-10-21,,Apple Safari TTF Out-Of-Bounds Access Remote Code Execution Vulnerability,,Apple,2015-09-03,2015-10-21,48
ZDI-15-523,ZDI-CAN-3119,Microsoft,CVE-2015-6045,6.8,2015-10-13,,Microsoft Internet Explorer empty-cells Use-After-Free Remote Code Execution Vulnerability,,Microsoft,2015-08-21,2015-10-13,53
ZDI-15-522,ZDI-CAN-3042,Microsoft,CVE-2015-6047,6.9,2015-10-13,,Microsoft Internet Explorer EditWith Sandbox Escape Vulnerability,,Microsoft,2015-07-07,2015-10-13,98
ZDI-15-521,ZDI-CAN-3115,Microsoft,CVE-2015-6055,7.5,2015-10-13,,Microsoft Windows VBScript Filter Function Remote Code Execution Vulnerability,,Microsoft,2015-08-03,2015-10-13,71
ZDI-15-520,ZDI-CAN-3106,Microsoft,CVE-2015-6042,6.8,2015-10-13,,Microsoft Internet Explorer CWindow Use-After-Free Remote Code Execution Vulnerability,,Microsoft,2015-08-03,2015-10-13,71
ZDI-15-519,ZDI-CAN-3096,Microsoft,CVE-2015-2557,6.8,2015-10-13,,Microsoft Office Visio UML Remote Code Execution Vulnerability,,Microsoft,2015-08-03,2015-10-13,71
ZDI-15-518,ZDI-CAN-3045,Microsoft,CVE-2015-6053,6.8,2015-10-13,,Microsoft Windows JScript ArrayBuffer.slice Information Disclosure Vulnerability,,Microsoft,2015-07-09,2015-10-13,96
ZDI-15-517,ZDI-CAN-3014,Microsoft,CVE-2015-2555,6.8,2015-10-13,,Microsoft Office Excel calculatedColumnFormula Use-After-Free Information Disclosure Vulnerability,,Microsoft,2015-07-09,2015-10-13,96
ZDI-15-516,ZDI-CAN-3038,Microsoft,CVE-2015-2558,6.8,2015-10-13,,Microsoft Office Excel fileVersion Use-After-Free Remote Code Execution Vulnerability,,Microsoft,2015-07-02,2015-10-13,103
ZDI-15-515,ZDI-CAN-2899,Microsoft,CVE-2015-2482,6.8,2015-10-13,,Microsoft Windows JavaScript Regular Expression Use-After-Free Remote Code Execution Vulnerability,,Microsoft,2015-04-23,2015-10-13,173
ZDI-15-514,ZDI-CAN-2960,Adobe,CVE-2015-7629,6.8,2015-10-13,,Adobe Flash TextFormat tabStops Use-After-Free Remote Code Execution Vulnerability,,Adobe,2015-06-25,2015-10-13,110
ZDI-15-513,ZDI-CAN-3108,Adobe,CVE-2015-7631,6.8,2015-10-13,,Adobe Flash TextLine validity Use-After-Free Remote Code Execution Vulnerability,,Adobe,2015-08-03,2015-10-13,71
ZDI-15-512,ZDI-CAN-3112,Adobe,CVE-2015-7632,6.8,2015-10-13,,Adobe Flash Loader loadBytes Buffer Overflow Remote Code Execution Vulnerability,,Adobe,2015-08-03,2015-10-13,71
ZDI-15-511,ZDI-CAN-3293,Adobe,CVE-2015-7643,6.8,2015-10-13,,Adobe Flash AS2 Video deblocking Use-After-Free Remote Code Execution Vulnerability,,Adobe,2015-09-15,2015-10-13,28
ZDI-15-510,ZDI-CAN-3117,Adobe,CVE-2015-7623,6.8,2015-10-13,,Adobe Acrobat Reader DC ANAuthenticateResource Javascript API Restrictions Bypass Vulnerability,,Adobe,2015-08-13,2015-10-13,61
ZDI-15-509,ZDI-CAN-3103,Adobe,CVE-2015-7614,9.0,2015-10-13,,Adobe Acrobat Reader DC app.launchURL Command Execution Remote Code Execution Vulnerability,,Adobe,2015-07-28,2015-10-13,77
ZDI-15-508,ZDI-CAN-3101,Adobe,CVE-2015-7621,6.8,2015-10-13,,Adobe Reader DC U3D Use-After-Free Remote Code Execution Vulnerability,,Adobe,2015-08-03,2015-10-13,71
ZDI-15-507,ZDI-CAN-3091,Adobe,CVE-2015-6716,6.8,2015-10-13,,Adobe Acrobat Reader DC ANSendForFormDistribution Javascript API Restrictions Bypass Vulnerability,,Adobe,2015-07-24,2015-10-13,81
ZDI-15-506,ZDI-CAN-3090,Adobe,CVE-2015-6720,6.8,2015-10-13,,Adobe Acrobat Reader DC ANRunSharedReviewEmailStep Javascript API Restrictions Bypass Vulnerability,,Adobe,2015-07-24,2015-10-13,81
ZDI-15-505,ZDI-CAN-3089,Adobe,CVE-2015-6725,6.8,2015-10-13,,Adobe Acrobat Reader DC ANSendForSharedReview Javascript API Restrictions Bypass Vulnerability,,Adobe,2015-07-24,2015-10-13,81
ZDI-15-504,ZDI-CAN-3088,Adobe,CVE-2015-6719,6.8,2015-10-13,,Adobe Acrobat Reader DC CBSharedReviewCloseDialog Javascript API Restrictions Bypass Vulnerability,,Adobe,2015-07-24,2015-10-13,81
ZDI-15-503,ZDI-CAN-3087,Adobe,CVE-2015-6718,6.8,2015-10-13,,Adobe Acrobat Reader DC CBSharedReviewIfOfflineDialog Javascript API Restrictions Bypass Vulnerability,,Adobe,2015-07-24,2015-10-13,81
ZDI-15-502,ZDI-CAN-3086,Adobe,CVE-2015-6721,6.8,2015-10-13,,Adobe Acrobat Reader DC CBSharedReviewSecurityDialog Javascript API Restrictions Bypass Vulnerability,,Adobe,2015-07-24,2015-10-13,81
ZDI-15-501,ZDI-CAN-3085,Adobe,CVE-2015-6722,6.8,2015-10-13,,Adobe Acrobat Reader DC CBSharedReviewStatusDialog Javascript API Restrictions Bypass Vulnerability,,Adobe,2015-07-24,2015-10-13,81
ZDI-15-500,ZDI-CAN-3084,Adobe,CVE-2015-7619,6.8,2015-10-13,,Adobe Acrobat Reader DC ANShareFile2 Javascript API Restrictions Bypass Vulnerability,,Adobe,2015-07-27,2015-10-13,78
ZDI-15-499,ZDI-CAN-3083,Adobe,CVE-2015-6717,6.8,2015-10-13,,Adobe Acrobat Reader DC DynamicAnnotStore Javascript API Restrictions Bypass Vulnerability,,Adobe,2015-07-24,2015-10-13,81
ZDI-15-498,ZDI-CAN-3082,Adobe,CVE-2015-7618,6.8,2015-10-13,,Adobe Acrobat Reader DC CBAutoConfigCommentRepository Javascript API Restrictions Bypass Vulnerability,,Adobe,2015-07-27,2015-10-13,78
ZDI-15-497,ZDI-CAN-3081,Adobe,CVE-2015-6723,6.8,2015-10-13,,Adobe Acrobat Reader DC ANTrustPropagateAll Javascript API Restrictions Bypass Vulnerability,,Adobe,2015-07-24,2015-10-13,81
ZDI-15-496,ZDI-CAN-3080,Adobe,CVE-2015-7620,6.8,2015-10-13,,Adobe Acrobat Reader DC ANSendForBrowserReview Javascript API Restrictions Bypass Vulnerability,,Adobe,2015-07-27,2015-10-13,78
ZDI-15-495,ZDI-CAN-3079,Adobe,CVE-2015-6724,6.8,2015-10-13,,Adobe Acrobat Reader DC ANSendForApproval Javascript API Restrictions Bypass Vulnerability,,Adobe,2015-07-24,2015-10-13,81
ZDI-15-494,ZDI-CAN-3073,Adobe,CVE-2015-7616,6.8,2015-10-13,,Adobe Acrobat Reader DC ANVerifyComments Javascript API Restrictions Bypass Vulnerability,,Adobe,2015-07-27,2015-10-13,78
ZDI-15-493,ZDI-CAN-3069,Adobe,CVE-2015-7615,6.8,2015-10-13,,Adobe Acrobat Reader DC Media SaveAs Use-After-Free Remote Code Execution Vulnerability,,Adobe,2015-07-27,2015-10-13,78
ZDI-15-492,ZDI-CAN-3068,Adobe,CVE-2015-7617,6.8,2015-10-13,,Adobe Acrobat Reader DC EScript Use-After-Free Remote Code Execution Vulnerability,,Adobe,2015-07-27,2015-10-13,78
ZDI-15-491,ZDI-CAN-3067,Adobe,CVE-2015-6715,7.5,2015-10-13,,Adobe Acrobat Reader DC apply Javascript API Restrictions Bypass Vulnerability,,Adobe,2015-07-24,2015-10-13,81
ZDI-15-490,ZDI-CAN-3066,Adobe,CVE-2015-6714,7.5,2015-10-13,,Adobe Acrobat Reader DC bind Javascript API Restrictions Bypass Vulnerability,,Adobe,2015-07-24,2015-10-13,81
ZDI-15-489,ZDI-CAN-3065,Adobe,CVE-2015-6713,7.5,2015-10-13,,Adobe Acrobat Reader DC call Javascript API Restrictions Bypass Vulnerability,,Adobe,2015-07-24,2015-10-13,81
ZDI-15-488,ZDI-CAN-3063,Adobe,CVE-2015-6712,6.8,2015-10-13,,Adobe Acrobat Reader DC ANSendApprovalToAuthorEnabled Javascript API Restrictions Bypass Vulnerability,,Adobe,2015-07-20,2015-10-13,85
ZDI-15-487,ZDI-CAN-3062,Adobe,CVE-2015-6710,6.8,2015-10-13,,Adobe Acrobat Reader DC CBBBRInit Javascript API Restrictions Bypass Vulnerability,,Adobe,2015-07-20,2015-10-13,85
ZDI-15-486,ZDI-CAN-3061,Adobe,CVE-2015-6709,6.8,2015-10-13,,Adobe Acrobat Reader DC CBBBRInvite Javascript API Restrictions Bypass Vulnerability,,Adobe,2015-07-20,2015-10-13,85
ZDI-15-485,ZDI-CAN-3060,Adobe,CVE-2015-6711,6.8,2015-10-13,,Adobe Acrobat Reader DC DoIdentityDialog Javascript API Restrictions Bypass Vulnerability,,Adobe,2015-07-20,2015-10-13,85
ZDI-15-484,ZDI-CAN-3059,Adobe,CVE-2015-6708,6.8,2015-10-13,,Adobe Acrobat Reader DC ANStartApproval Javascript API Restrictions Bypass Vulnerability,,Adobe,2015-07-20,2015-10-13,85
ZDI-15-483,ZDI-CAN-3058,Adobe,CVE-2015-6707,6.8,2015-10-13,,Adobe Acrobat Reader DC ANSendForReview Javascript API Restrictions Bypass Vulnerability,,Adobe,2015-07-20,2015-10-13,85
ZDI-15-482,ZDI-CAN-3051,Adobe,CVE-2015-6704,5.0,2015-10-13,,Adobe Reader DC animations Information Disclosure Vulnerability,,Adobe,2015-07-28,2015-10-13,77
ZDI-15-481,ZDI-CAN-3050,Adobe,CVE-2015-6703,5.0,2015-10-13,,Adobe Reader DC loadFlashMovie Information Disclosure Vulnerability,,Adobe,2015-07-28,2015-10-13,77
ZDI-15-480,ZDI-CAN-3049,Adobe,CVE-2015-6702,5.0,2015-10-13,,Adobe Reader DC createSquareMesh Information Disclosure Vulnerability,,Adobe,2015-07-28,2015-10-13,77
ZDI-15-479,ZDI-CAN-3048,Adobe,CVE-2015-6701,5.0,2015-10-13,,Adobe Reader DC ambientIlluminationColor Information Disclosure Vulnerability,,Adobe,2015-07-28,2015-10-13,77
ZDI-15-478,ZDI-CAN-3047,Adobe,CVE-2015-6700,5.0,2015-10-13,,Adobe Reader DC setBackground Information Disclosure Vulnerability,,Adobe,2015-07-28,2015-10-13,77
ZDI-15-477,ZDI-CAN-3046,Adobe,CVE-2015-6699,5.0,2015-10-13,,Adobe Reader DC addForegroundSprite Information Disclosure Vulnerability,,Adobe,2015-07-28,2015-10-13,77
ZDI-15-476,ZDI-CAN-3044,Adobe,CVE-2015-6698,6.8,2015-10-13,,Adobe Reader DC AcroForm Heap Buffer Overflow Remote Code Execution Vulnerability,,Adobe,2015-07-09,2015-10-13,96
ZDI-15-475,ZDI-CAN-3036,Adobe,CVE-2015-6697,6.8,2015-10-13,,Adobe Acrobat Pro DC Color Object Address Disclosure Vulnerability,,Adobe,2015-07-02,2015-10-13,103
ZDI-15-474,ZDI-CAN-3018,Adobe,CVE-2015-6690,6.8,2015-10-13,,Adobe Reader popUpMenuEx Use-After-Free Remote Code Execution Vulnerability,,Adobe,2015-06-23,2015-10-13,112
ZDI-15-473,ZDI-CAN-3017,Adobe,CVE-2015-6693,6.8,2015-10-13,,Adobe Acrobat Signature signatureSetSeed Use-After-Free Remote Code Execution Vulnerability,,Adobe,2015-06-23,2015-10-13,112
ZDI-15-472,ZDI-CAN-3016,Adobe,CVE-2015-6695,6.8,2015-10-13,,Adobe Reader listbox value Use-After-Free Remote Code Execution Vulnerability,,Adobe,2015-06-23,2015-10-13,112
ZDI-15-471,ZDI-CAN-3015,Adobe,CVE-2015-6694,6.8,2015-10-13,,Adobe Reader fillColor Use-After-Free Remote Code Execution Vulnerability,,Adobe,2015-06-23,2015-10-13,112
ZDI-15-470,ZDI-CAN-2998,Adobe,CVE-2015-6689,6.8,2015-10-13,,Adobe Acrobat Pro DC WillSave Action Use-After-Free Remote Code Execution Vulnerability,,Adobe,2015-06-11,2015-10-13,124
ZDI-15-469,ZDI-CAN-2997,Adobe,CVE-2015-6688,6.8,2015-10-13,,Adobe Acrobat Pro DC WillSave OCG Use-After-Free Remote Code Execution Vulnerability,,Adobe,2015-06-10,2015-10-13,125
ZDI-15-468,ZDI-CAN-2893,Adobe,CVE-2015-5583,4.3,2015-10-13,,Adobe Reader Read Restrictions Bypass Sandbox Escape Vulnerability,,Adobe,2015-04-21,2015-10-13,175
ZDI-15-467,ZDI-CAN-2816,Adobe,CVE-2015-6685,6.8,2015-10-13,,Adobe Acrobat Reader DC Fields Format Action Use-After-Free Remote Code Execution Vulnerability,,Adobe,2015-05-21,2015-10-13,145
ZDI-15-466,ZDI-CAN-2958,Adobe,CVE-2015-6686,6.8,2015-10-13,,Adobe Acrobat Reader DC Fields Use-After-Free Remote Code Execution Vulnerability,,Adobe,2015-05-21,2015-10-13,145
ZDI-15-465,ZDI-CAN-2892,Adobe,CVE-2015-7829,1.9,2015-10-13,,Adobe Reader Arbitrary File Deletion Sandbox Escape Vulnerability,,Adobe,2015-04-28,2015-10-13,168
ZDI-15-459,ZDI-CAN-2941,Microsoft,CVE-2015-2429,4.4,2015-10-07,,Microsoft Internet Explorer CIERegistryHelper::SetSingleValue Sandbox Escape Vulnerability,,Microsoft,2015-06-02,2015-10-07,127
ZDI-15-458,ZDI-CAN-2949,Microsoft,CVE-2015-2408,6.8,2015-10-07,,Microsoft Internet Explorer CTitleElement Use-After-Free Remote Code Execution Vulnerability,,Microsoft,2015-06-02,2015-10-07,127
ZDI-15-457,ZDI-CAN-2835,Microsoft,,6.9,2015-10-07,,(Pwn2Own) Microsoft Windows secdrv.sys Uninitialized Buffer Privilege Escalation Vulnerability,,Microsoft,2015-03-19,2015-10-07,202
ZDI-15-456,ZDI-CAN-2966,Mozilla,CVE-2015-4479,6.8,2015-10-05,,Mozilla Firefox MPEG4 saio Chunk Integer Overflow Remote Code Execution Vulnerability,,Mozilla,2015-05-28,2015-10-05,130
ZDI-15-447,ZDI-CAN-3110,Adobe,CVE-2015-5570,6.8,2015-09-21,,Adobe Flash AVSegmentedSource setSubscribedTags Uninitialized Memory Remote Code Execution Vulnerability,,Adobe,2015-08-03,2015-09-21,49
ZDI-15-446,ZDI-CAN-2817,Adobe,CVE-2015-6678,6.8,2015-09-21,,(Pwn2Own) Adobe Flash Player DefineText Buffer Overflow Remote Code Execution Vulnerability,,Adobe,2015-03-18,2015-09-21,187
ZDI-15-428,ZDI-CAN-3003,Microsoft,CVE-2015-2541,6.8,2015-09-08,,Microsoft Internet Explorer CAttrValue Use-After-Free Remote Code Execution Vulnerability,,Microsoft,2015-07-09,2015-09-08,61
ZDI-15-427,ZDI-CAN-3025,Microsoft,CVE-2015-2501,6.8,2015-09-08,,Microsoft Internet Explorer CImgTaskSvgDoc Use-After-Free Remote Code Execution Vulnerability,,Microsoft,2015-07-02,2015-09-08,68
ZDI-15-426,ZDI-CAN-3007,Microsoft,CVE-2015-2500,6.8,2015-09-08,,Microsoft Internet Explorer CImgElement Use-After-Free Remote Code Execution Vulnerability,,Microsoft,2015-06-30,2015-09-08,70
ZDI-15-425,ZDI-CAN-3006,Microsoft,CVE-2015-2499,6.8,2015-09-08,,Microsoft Internet Explorer CTableColCalc Out-Of-Bounds Memory Access Remote Code Execution Vulnerability,,Microsoft,2015-06-30,2015-09-08,70
ZDI-15-424,ZDI-CAN-3034,Microsoft,CVE-2015-2498,6.8,2015-09-08,,Microsoft Internet Explorer CTableSectionRowsCollectionCacheItem Out-Of-Bounds Memory Access Remote Code Execution Vulnerability,,Microsoft,2015-06-30,2015-09-08,70
ZDI-15-423,ZDI-CAN-2939,Microsoft,CVE-2015-2489,6.9,2015-09-08,,Microsoft Internet Explorer ISettingsBroker Sandbox Bypass Vulnerability,,Microsoft,2015-06-02,2015-09-08,98
ZDI-15-422,ZDI-CAN-2971,Microsoft,CVE-2015-2486,6.8,2015-09-08,,Microsoft Internet Explorer mergeAttributes Type Confusion Remote Code Execution Vulnerability,,Microsoft,2015-06-01,2015-09-08,99
ZDI-15-421,ZDI-CAN-2962,Microsoft,CVE-2015-2485,6.8,2015-09-08,,Microsoft Internet Explorer Element ID Use-After-Free Remote Code Execution Vulnerability,,Microsoft,2015-05-28,2015-09-08,103
ZDI-15-420,ZDI-CAN-2991,Microsoft,CVE-2015-2487,6.8,2015-09-08,,Microsoft Internet Explorer Embedded Windows Media Player Use-After-Free Remote Code Execution Vulnerability,,Microsoft,2015-06-01,2015-09-08,99
ZDI-15-406,ZDI-CAN-2938,Mozilla,CVE-2015-4497,7.5,2015-08-31,,Mozilla Firefox nsIPresShell Use-After-Free Remote Code Execution Vulnerability,,Mozilla,2015-06-16,2015-08-31,76
ZDI-15-390,ZDI-CAN-2996,Apple,CVE-2015-3799,7.2,2015-08-13,,Apple OS X iCloud Account Authentication Elevation Of Privilege Vulnerability,,Apple,2015-06-10,2015-08-13,64
ZDI-15-389,ZDI-CAN-2972,Microsoft,CVE-2015-2452,6.8,2015-08-11,,Microsoft Internet Explorer CStyleAttrArray Use-After-Free Remote Code Execution Vulnerability,,Microsoft,2015-06-01,2015-08-11,71
ZDI-15-388,ZDI-CAN-2818,Microsoft,CVE-2015-2455,10.0,2015-08-11,,(Pwn2Own) Microsoft Windows TrueType Fonts Out-Of-Bounds Write Remote Code Execution Vulnerability,,Microsoft,2015-03-18,2015-08-11,146
ZDI-15-387,ZDI-CAN-2824,Microsoft,CVE-2015-2435,10.0,2015-08-11,,(Pwn2Own) Microsoft Windows TrueType Font Pool Overflow Remote Code Execution Vulnerability,,Microsoft,2015-03-18,2015-08-11,146
ZDI-15-386,ZDI-CAN-2923,Microsoft,CVE-2015-2454,4.4,2015-08-11,,Microsoft Internet Explorer HelpPane Sandbox Bypass Vulnerability,,Microsoft,2015-05-07,2015-08-11,96
ZDI-15-385,ZDI-CAN-2963,Microsoft,CVE-2015-2451,6.8,2015-08-11,,Microsoft Internet Explorer COrphanedStyleSheetArray Use-After-Free Remote Code Execution Vulnerability,,Microsoft,2015-05-28,2015-08-11,75
ZDI-15-384,ZDI-CAN-2961,Microsoft,CVE-2015-2450,6.8,2015-08-11,,Microsoft Internet Explorer COrphanedStyleSheetArray Use-After-Free Remote Code Execution Vulnerability,,Microsoft,2015-05-28,2015-08-11,75
ZDI-15-383,ZDI-CAN-2944,Microsoft,CVE-2015-2448,7.5,2015-08-11,,Microsoft Internet Explorer Array Type Confusion Remote Code Execution Vulnerability,,Microsoft,2015-05-21,2015-08-11,82
ZDI-15-382,ZDI-CAN-2909,Microsoft,CVE-2015-2443,5.4,2015-08-11,,Microsoft Internet Explorer stack Property Descriptor Type Confusion Remote Code Execution Vulnerability,,Microsoft,2015-04-30,2015-08-11,103
ZDI-15-381,ZDI-CAN-2760,Microsoft,CVE-2015-2440,5.4,2015-08-11,,Microsoft MSXML generate-id Information Disclosure Vulnerability,,Microsoft,2015-02-17,2015-08-11,175
ZDI-15-380,ZDI-CAN-2921,Microsoft,CVE-2015-2429,4.7,2015-08-11,,Microsoft Internet Explorer Enhanced Protected Mode Read-Restrictions Bypass Vulnerability,,Microsoft,2015-05-07,2015-08-11,96
ZDI-15-379,ZDI-CAN-2758,Microsoft,CVE-2015-2429,6.9,2015-08-11,,Microsoft Internet Explorer Registry Link Elevation of Privilege Vulnerability,,Microsoft,2015-02-12,2015-08-11,180
ZDI-15-378,ZDI-CAN-2727,Microsoft,CVE-2015-2430,6.9,2015-08-11,,Microsoft Internet Explorer Filesystem Elevation of Privilege Vulnerability,,Microsoft,2015-02-09,2015-08-11,183
ZDI-15-377,ZDI-CAN-2874,Microsoft,CVE-2015-1743,6.9,2015-08-10,,Microsoft Internet Explorer add-on Installer Sandbox Escape Vulnerability,,Microsoft,2015-04-23,2015-08-10,109
ZDI-15-371,ZDI-CAN-3105,Adobe,CVE-2015-5107,4.3,2015-07-29,,(Pwn2Own) Adobe Reader makeMeasurement Information Disclosure Vulnerability,,Adobe,2015-03-18,2015-07-29,133
ZDI-15-370,ZDI-CAN-3104,Adobe,CVE-2015-5106,6.6,2015-07-29,,(Pwn2Own) Adobe Reader Portfolio Preview Privilege Escalation Vulnerability,,Adobe,2015-03-18,2015-07-29,133
ZDI-15-369,ZDI-CAN-2822,Adobe,CVE-2015-5109,6.8,2015-07-29,,(Pwn2Own) Adobe Reader opendoc Broker Message Integer Overflow Remote Code Execution Vulnerability,,Adobe,2015-03-18,2015-07-29,133
ZDI-15-368,ZDI-CAN-2821,Adobe,CVE-2015-5110,6.8,2015-07-29,,(Pwn2Own) Adobe Reader makeMeasurement Stack Buffer Overflow Remote Code Execution Vulnerability,,Adobe,2015-03-18,2015-07-29,133
ZDI-15-362,ZDI-CAN-2695,Microsoft,,6.8,2015-07-20,,(0Day) Microsoft Internet Explorer CTreePos Use-After-Free Remote Code Execution Vulnerability,,Microsoft,2015-01-20,2015-07-20,181
ZDI-15-361,ZDI-CAN-2694,Microsoft,,6.8,2015-07-20,,(0Day) Microsoft Internet Explorer CCurrentStyle Use-After-Free Remote Code Execution Vulnerability,,Microsoft,2015-01-20,2015-07-20,181
ZDI-15-360,ZDI-CAN-2678,Microsoft,,6.8,2015-07-20,,(0Day) Microsoft Internet Explorer CAttrArray Use-After-Free Remote Code Execution Vulnerability,,Microsoft,2015-01-08,2015-07-20,193
ZDI-15-359,ZDI-CAN-2619,Microsoft,,7.5,2015-07-20,,(0Day) (Mobile Pwn2Own) Microsoft Internet Explorer CTableLayout::AddRow Out-Of-Bounds Memory Access Vulnerability,,Microsoft,2014-11-12,2015-07-20,250
ZDI-15-342,ZDI-CAN-2870,Microsoft,CVE-2015-2402,4.6,2015-07-20,,Microsoft Internet Explorer EditWith Broker API Sandbox Escape Vulnerability,,Microsoft,2015-04-09,2015-07-20,102
ZDI-15-341,ZDI-CAN-2868,Microsoft,CVE-2015-2383,6.8,2015-07-20,,Microsoft Internet Explorer CImgElement Use-After-Free Remote Code Execution Vulnerability,,Microsoft,2015-04-07,2015-07-20,104
ZDI-15-339,ZDI-CAN-2827,Microsoft,CVE-2015-2371,6.8,2015-07-14,,(Pwn2Own) Microsoft Windows Installer Local Elevation of Privilege Vulnerability,,Microsoft,2015-03-18,2015-07-14,118
ZDI-15-338,ZDI-CAN-2913,Microsoft,CVE-2015-1767,6.8,2015-07-14,,Microsoft Internet Explorer CGeneratedTreeNode Use-After-Free Remote Code Execution Vulnerability,,Microsoft,2015-05-06,2015-07-14,69
ZDI-15-337,ZDI-CAN-2912,Microsoft,CVE-2015-2397,6.8,2015-07-14,,Microsoft Internet Explorer CTableSection Use-After-Free Remote Code Execution Vulnerability,,Microsoft,2015-04-30,2015-07-14,75
ZDI-15-336,ZDI-CAN-2903,Microsoft,CVE-2015-1767,6.8,2015-07-14,,Microsoft Internet Explorer CTreeNode Use-After-Free Remote Code Execution Vulnerability,,Microsoft,2015-04-28,2015-07-14,77
ZDI-15-335,ZDI-CAN-2895,Microsoft,CVE-2015-2388,6.8,2015-07-14,,Microsoft Internet Explorer CTableCell colspan Improper Indexing Remote Code Execution Vulnerability,,Microsoft,2015-04-23,2015-07-14,82
ZDI-15-334,ZDI-CAN-2891,Microsoft,CVE-2015-1767,6.8,2015-07-14,,Microsoft Internet Explorer CGeneratedTreeNode Use-After-Free Remote Code Execution Vulnerability,,Microsoft,2015-04-21,2015-07-14,84
ZDI-15-333,ZDI-CAN-2873,Microsoft,CVE-2015-2406,6.8,2015-07-14,,Microsoft Internet Explorer CTableRow Use-After-Free Remote Code Execution Vulnerability,,Microsoft,2015-04-09,2015-07-14,96
ZDI-15-332,ZDI-CAN-2869,Microsoft,CVE-2015-2404,6.8,2015-07-14,,Microsoft Internet Explorer applet Element Use-After-Free Remote Code Execution Vulnerability,,Microsoft,2015-04-09,2015-07-14,96
ZDI-15-331,ZDI-CAN-2863,Microsoft,CVE-2015-2412,4.7,2015-07-14,,Microsoft Internet Explorer Enhanced Protected Mode Read-Restrictions Bypass Vulnerability,,Microsoft,2015-04-07,2015-07-14,98
ZDI-15-330,ZDI-CAN-2838,Microsoft,CVE-2015-2397,6.8,2015-07-14,,Microsoft Internet Explorer CTableSection Use-After-Free Remote Code Execution Vulnerability,,Microsoft,2015-03-24,2015-07-14,112
ZDI-15-329,ZDI-CAN-2792,Microsoft,CVE-2015-2403,6.8,2015-07-14,,Microsoft Internet Explorer CTableLayout Out-of-Bounds Memory Access Remote Code Execution Vulnerability,,Microsoft,2015-03-03,2015-07-14,133
ZDI-15-328,ZDI-CAN-2898,Microsoft,CVE-2015-2375,6.4,2015-07-14,,Microsoft Office Excel table Tag Use-After-Free Information Disclosure Vulnerability,,Microsoft,2015-04-21,2015-07-14,84
ZDI-15-327,ZDI-CAN-2897,Microsoft,CVE-2015-2377,5.8,2015-07-14,,Microsoft Office Excel Chart Object Use-After-Free Information Disclosure Vulnerability,,Microsoft,2015-04-23,2015-07-14,82
ZDI-15-326,ZDI-CAN-2896,Microsoft,CVE-2015-2376,6.8,2015-07-14,,Microsoft Office Excel pivotField Heap Corruption Remote Code Execution Vulnerability,,Microsoft,2015-04-23,2015-07-14,82
ZDI-15-325,ZDI-CAN-2726,Microsoft,CVE-2015-2368,6.9,2015-07-14,,Microsoft Internet Explorer DLL Planting Sandbox Escape Vulnerability,,Microsoft,2015-02-04,2015-07-14,160
ZDI-15-324,ZDI-CAN-2728,Adobe,CVE-2015-5114,6.8,2015-07-14,,Adobe Acrobat Pro Calculate field action Use-After-Free Remote Code Execution Vulnerability,,Adobe,2015-02-04,2015-07-14,160
ZDI-15-323,ZDI-CAN-2757,Adobe,CVE-2015-5113,6.8,2015-07-14,,Adobe Reader ComboBox field Format action Use-After-Free Remote Code Execution Vulnerability,,Adobe,2015-02-10,2015-07-14,154
ZDI-15-322,ZDI-CAN-2886,Adobe,CVE-2015-5095,6.8,2015-07-14,,Adobe Reader Nested Events Use-After-Free Remote Code Execution Vulnerability,,Adobe,2015-04-09,2015-07-14,96
ZDI-15-321,ZDI-CAN-2887,Adobe,CVE-2015-5094,6.8,2015-07-14,,Adobe Reader ToolEventHandler Use-After-Free Remote Code Execution Vulnerability,,Adobe,2015-04-10,2015-07-14,95
ZDI-15-320,ZDI-CAN-2843,Adobe,CVE-2015-5093,6.8,2015-07-14,,Adobe Reader makeMeasurement Stack Buffer Overflow Remote Code Execution Vulnerability,,Adobe,2015-04-10,2015-07-14,95
ZDI-15-319,ZDI-CAN-2942,Adobe,CVE-2015-4447,6.8,2015-07-14,,Adobe Reader ANSendApprovalToAuthorEnabled Javascript API Restrictions Bypass Vulnerability,,Adobe,2015-05-19,2015-07-14,56
ZDI-15-318,ZDI-CAN-2993,Adobe,CVE-2015-4441,6.8,2015-07-14,,Adobe Reader CBBBRInvite Javascript API Restrictions Bypass Vulnerability,,Adobe,2015-06-01,2015-07-14,43
ZDI-15-317,ZDI-CAN-2995,Adobe,CVE-2015-4438,6.8,2015-07-14,,Adobe Reader ANSendForReview Javascript API Restrictions Bypass Vulnerability,,Adobe,2015-06-01,2015-07-14,43
ZDI-15-316,ZDI-CAN-2994,Adobe,CVE-2015-4435,6.8,2015-07-14,,Adobe Acrobat Reader ANStartApproval Javascript API Restrictions Bypass Vulnerability,,Adobe,2015-06-01,2015-07-14,43
ZDI-15-315,ZDI-CAN-2908,Adobe,CVE-2015-5091,6.3,2015-07-14,,Adobe Reader AdobeARM Denial of Service Vulnerability,,Adobe,2015-04-28,2015-07-14,77
ZDI-15-314,ZDI-CAN-2907,Adobe,CVE-2015-5090,6.9,2015-07-14,,Adobe Reader ARMSvc Elevation of Privilege Vulnerability,,Adobe,2015-04-28,2015-07-14,77
ZDI-15-313,ZDI-CAN-2957,Adobe,CVE-2015-4445,6.8,2015-07-14,,Adobe Reader CBBBRInit Javascript API Restrictions Bypass Vulnerability,,Adobe,2015-05-22,2015-07-14,53
ZDI-15-312,ZDI-CAN-2693,Adobe,CVE-2015-5115,6.8,2015-07-14,,Adobe Acrobat Pro Reports Save Out-Of-Bounds Read Remote Code Execution Vulnerability,,Adobe,2015-01-20,2015-07-14,175
ZDI-15-311,ZDI-CAN-2935,Adobe,CVE-2015-5086,6.8,2015-07-14,,Adobe Reader JavaScript API Race Condition Restrictions Bypass Vulnerability,,Adobe,2015-05-14,2015-07-14,61
ZDI-15-310,ZDI-CAN-2936,Adobe,CVE-2015-5085,5.0,2015-07-14,,Adobe Reader Folder Level Scripts Unload Denial Of Service Vulnerability,,Adobe,2015-05-14,2015-07-14,61
ZDI-15-309,ZDI-CAN-2937,Adobe,CVE-2015-4452,6.8,2015-07-14,,Adobe Reader Folder Level Script Objects Overwrite Remote Code Execution Vulnerability,,Adobe,2015-05-14,2015-07-14,61
ZDI-15-308,ZDI-CAN-2797,Adobe,CVE-2015-5111,6.8,2015-07-14,,Adobe Reader Text Field Format Action Use-After-Free Remote Code Execution Vulnerability,,Adobe,2015-03-11,2015-07-14,125
ZDI-15-307,ZDI-CAN-2852,Adobe,CVE-2015-5102,6.8,2015-07-14,,Adobe Reader ScrollWheelEventHandler Use-After-Free Remote Code Execution Vulnerability,,Adobe,2015-04-01,2015-07-14,104
ZDI-15-306,ZDI-CAN-2851,Adobe,CVE-2015-5104,6.8,2015-07-14,,Adobe Reader RenderEventHandler Use-After-Free Remote Code Execution Vulnerability,,Adobe,2015-04-01,2015-07-14,104
ZDI-15-305,ZDI-CAN-2849,Adobe,CVE-2015-5103,6.8,2015-07-14,,Adobe Reader MenuEventHandler Use-After-Free Remote Code Execution Vulnerability,,Adobe,2015-04-01,2015-07-14,104
ZDI-15-304,ZDI-CAN-2850,Adobe,CVE-2015-5101,6.8,2015-07-14,,Adobe Reader SelectionEventHandler Use-After-Free Remote Code Execution Vulnerability,,Adobe,2015-04-01,2015-07-14,104
ZDI-15-303,ZDI-CAN-2853,Adobe,CVE-2015-5100,6.8,2015-07-14,,Adobe Reader MouseEventHandler Use-After-Free Remote Code Execution Vulnerability,,Adobe,2015-04-01,2015-07-14,104
ZDI-15-302,ZDI-CAN-2823,Adobe,CVE-2015-5108,6.8,2015-07-14,,(Pwn2Own) Adobe Reader array_push_slowly Integer Overflow Remote Code Execution Vulnerability,,Adobe,2015-03-18,2015-07-14,118
ZDI-15-295,ZDI-CAN-2829,Microsoft,CVE-2015-1743,6.9,2015-07-09,,(Pwn2Own) Microsoft Internet Explorer ActiveX Install Broker Sandbox Escape Vulnerability,,Microsoft,2015-02-16,2015-07-09,143
ZDI-15-294,ZDI-CAN-2872,Adobe,CVE-2015-3125,5.8,2015-07-08,,Adobe Flash Sound Universal Cross Site Scripting Vulnerability,,Adobe,2015-04-28,2015-07-08,71
ZDI-15-293,ZDI-CAN-2859,Adobe,CVE-2015-3039,6.8,2015-07-08,,Adobe Flash Player AS2 ConvolutionFilter Use-After-Free Remote Code Execution Vulnerability,,Adobe,2015-04-09,2015-07-08,90
ZDI-15-292,ZDI-CAN-2948,Apple,CVE-2015-3669,6.8,2015-07-01,,Apple QuickTime SGI Image File Heap Buffer Overflow Remote Code Execution Vulnerability,,Apple,2015-06-02,2015-07-01,29
ZDI-15-289,ZDI-CAN-2934,Apple,CVE-2015-3666,6.8,2015-07-01,,Apple QuickTime code Atom Use-After-Free Remote Code Execution Vulnerability,,Apple,2015-05-14,2015-07-01,48
ZDI-15-288,ZDI-CAN-2815,Apple,CVE-2015-3711,4.9,2015-07-01,,Apple OS X NTFS Compression Block Information Disclosure Vulnerability,,Apple,2015-03-27,2015-07-01,96
ZDI-15-287,ZDI-CAN-2735,Apple,CVE-2015-3679,6.8,2015-07-01,,Apple OS X morx nSubtables Memory Corruption Remote Code Execution Vulnerability,,Apple,2015-02-26,2015-07-01,125
ZDI-15-286,ZDI-CAN-2719,Apple,CVE-2015-3677,4.9,2015-07-01,,Apple OS X LZVN DMG Information Disclosure Vulnerabillity,,Apple,2015-02-26,2015-07-01,125
ZDI-15-285,ZDI-CAN-2761,Apple,CVE-2015-3723,6.8,2015-07-01,,Apple iOS ICC Profile curv Memory Corruption Remote Code Execution Vulnerability,,Apple,2015-02-26,2015-07-01,125
ZDI-15-284,ZDI-CAN-2781,Apple,CVE-2015-3680,6.8,2015-07-01,,Apple OS X DFont FOND Memory Corruption Remote Code Execution Vulnerability,,Apple,2015-02-26,2015-07-01,125
ZDI-15-283,ZDI-CAN-2782,Apple,CVE-2015-3690,4.9,2015-07-01,,Apple OS X GZIP DMG Information Disclosure Vulnerability,,Apple,2015-02-26,2015-07-01,125
ZDI-15-282,ZDI-CAN-2778,Apple,CVE-2015-3724,6.8,2015-07-01,,Apple iOS ICC Profile tag count Memory Corruption Remote Code Execution Vulnerability,,Apple,2015-02-26,2015-07-01,125
ZDI-15-280,ZDI-CAN-2723,Apple,CVE-2015-3662,6.8,2015-07-01,,Apple QuickTime GIF Out-Of-Bounds Write Remote Code Execution Vulnerability,,Apple,2015-02-04,2015-07-01,147
ZDI-15-279,ZDI-CAN-2685,Apple,CVE-2015-3663,6.8,2015-07-01,,Apple QuickTime GIF Out-Of-Bounds Write Remote Code Execution Vulnerability,,Apple,2015-02-04,2015-07-01,147
ZDI-15-278,ZDI-CAN-2700,Apple,CVE-2015-3664,5.1,2015-07-01,,Apple QuickTime alis Atom Stack Buffer Overflow Remote Code Execution Vulnerability,,Apple,2015-01-27,2015-07-01,155
ZDI-15-277,ZDI-CAN-2589,Apple,CVE-2015-3661,6.8,2015-07-01,,Apple QuickTime SGI Parsing Remote Code Execution Vulnerability,,Apple,2014-10-31,2015-07-01,243
ZDI-15-276,ZDI-CAN-2574,Apple,CVE-2015-3665,6.8,2015-07-01,,Apple QuickTime Plugin Use-After-Free Remote Code Execution Vulnerability,,Apple,2014-10-22,2015-07-01,252
ZDI-15-258,ZDI-CAN-2837,Apple,,7.5,2015-06-24,,(Pwn2Own) Apple OS X XSS Sandbox Bypass Vulnerability,,Apple,2015-03-19,2015-06-24,97
ZDI-15-255,ZDI-CAN-2767,Microsoft,CVE-2015-1622,6.8,2015-06-11,,Microsoft Internet Explorer CListItemMarker Use-After-Free Remote Code Execution Vulnerability,,Microsoft,2015-02-24,2015-06-11,107
ZDI-15-254,ZDI-CAN-2842,Microsoft,CVE-2015-1755,6.8,2015-06-11,,Microsoft Internet Explorer COptionElement Use-After-Free Remote Code Execution Vulnerability,,Microsoft,2015-04-07,2015-06-11,65
ZDI-15-253,ZDI-CAN-2813,Microsoft,CVE-2015-1736,6.8,2015-06-11,,Microsoft Internet Explorer CAttrArray Use-After-Free Remote Code Execution Vulnerability,,Microsoft,2015-03-24,2015-06-11,79
ZDI-15-252,ZDI-CAN-2828,Microsoft,CVE-2015-1745,6.8,2015-06-11,,(Pwn2Own) Microsoft Internet Explorer mergeAttributes Uninitialized Data Remote Code Execution Vulnerability,,Microsoft,2015-03-18,2015-06-11,85
ZDI-15-251,ZDI-CAN-2832,Microsoft,CVE-2015-1748,6.9,2015-06-11,,(Pwn2Own) Microsoft Internet Explorer Protocol Handler Sandbox Escape Vulnerability,,Microsoft,2015-03-18,2015-06-11,85
ZDI-15-250,ZDI-CAN-2831,Microsoft,CVE-2015-1747,6.8,2015-06-11,,(Pwn2Own) Microsoft Internet Explorer DataView Memory Corruption Remote Code Execution Vulnerability,,Microsoft,2015-03-18,2015-06-11,85
ZDI-15-249,ZDI-CAN-2796,Microsoft,CVE-2015-1739,6.9,2015-06-11,,Microsoft Internet Explorer Add-On Installer EPM Sandbox Escape Vulnerability,,Microsoft,2015-03-05,2015-06-11,98
ZDI-15-248,ZDI-CAN-2787,Microsoft,,6.9,2015-06-11,,Microsoft Internet Explorer ShowSaveFileDialog Protected Mode Sandbox Escape Vulnerability,,Microsoft,2015-02-26,2015-06-11,105
ZDI-15-247,ZDI-CAN-2764,Microsoft,CVE-2015-1735,6.8,2015-06-11,,Microsoft Internet Explorer hr Element Uninitialized Variable Remote Code Execution Vulnerability,,Microsoft,2015-02-20,2015-06-11,111
ZDI-15-236,ZDI-CAN-2707,Google,CVE-2015-1251,6.8,2015-05-19,,Google Chrome SpeechRecognitionClient Use-After-Free Remote Code Execution Vulnerability,,Google,2015-02-05,2015-05-19,103
ZDI-15-228,ZDI-CAN-2783,Apple,CVE-2015-1155,7.5,2015-05-15,,Apple Safari file:// Redirection Sandbox Escape Vulnerabliity,,Apple,2015-02-26,2015-05-15,78
ZDI-15-227,ZDI-CAN-2795,Microsoft,CVE-2015-0092,6.9,2015-05-15,,Microsoft Windows Type 1 Font callother Opcode Heap Buffer Underflow Remote Code Execution Vulnerability,,Microsoft,2015-03-04,2015-05-15,72
ZDI-15-223,ZDI-CAN-2812,Microsoft,CVE-2015-1717,6.8,2015-05-14,,Microsoft Internet Explorer CTitleElement Use-After-Free Remote Code Execution Vulnerability,,Microsoft,2015-04-09,2015-05-14,35
ZDI-15-222,ZDI-CAN-2855,Microsoft,CVE-2015-1709,6.8,2015-05-14,,Microsoft Internet Explorer Tree::TableGridBlock Use-After-Free Remote Code Execution Vulnerability,,Microsoft,2015-04-09,2015-05-14,35
ZDI-15-216,ZDI-CAN-2820,Adobe,CVE-2015-3085,4.4,2015-05-12,,(Pwn2Own) Adobe Flash Player BrokerCreateFile Broker Method Path Traversal Sandbox Escape Vulnerability,,Adobe,2015-03-18,2015-05-12,55
ZDI-15-215,ZDI-CAN-2724,Adobe,CVE-2015-3053,6.8,2015-05-12,,Adobe Acrobat Pro Close page action Use-After-Free Remote Code Execution Vulnerability,,Adobe,2015-02-04,2015-05-12,97
ZDI-15-214,ZDI-CAN-2725,Adobe,CVE-2015-3054,6.8,2015-05-12,,Adobe Acrobat Pro WillSave document action Use-After-Free Remote Code Execution Vulnerability,,Adobe,2015-02-04,2015-05-12,97
ZDI-15-213,ZDI-CAN-2733,Adobe,CVE-2015-3055,6.8,2015-05-12,,Adobe Acrobat Reader Fields Use-After-Free Remote Code Execution Vulnerability,,Adobe,2015-02-04,2015-05-12,97
ZDI-15-212,ZDI-CAN-2715,Adobe,CVE-2015-3059,6.8,2015-05-12,,Adobe Acrobat Reader Text Annotations Use-After-Free Remote Code Execution Vulnerability,,Adobe,2015-01-27,2015-05-12,105
ZDI-15-211,ZDI-CAN-2706,Adobe,CVE-2015-3058,5.0,2015-05-12,,Adobe Acrobat Pro Spell customDictionaryExport Information Disclosure Vulnerability,,Adobe,2015-01-27,2015-05-12,105
ZDI-15-210,ZDI-CAN-2713,Adobe,CVE-2015-3057,6.8,2015-05-12,,Adobe Acrobat Reader Uninitialized Pointer Remote Code Execution Vulnerability,,Adobe,2015-01-27,2015-05-12,105
ZDI-15-209,ZDI-CAN-2714,Adobe,CVE-2015-3056,6.8,2015-05-12,,Adobe Acrobat Reader Line Annotations Out-Of-Bounds Read Remote Code Execution Vulnerability,,Adobe,2015-01-27,2015-05-12,105
ZDI-15-208,ZDI-CAN-2702,Adobe,CVE-2015-3060,6.8,2015-05-12,,Adobe Acrobat Reader indexOfNextEssential Javascript API Restrictions Bypass Vulnerability,,Adobe,2015-01-20,2015-05-12,112
ZDI-15-207,ZDI-CAN-2703,Adobe,CVE-2015-3062,6.8,2015-05-12,,Adobe Acrobat Reader AFExactMatch Javascript API Restrictions Bypass Vulnerability,,Adobe,2015-01-20,2015-05-12,112
ZDI-15-206,ZDI-CAN-2704,Adobe,CVE-2015-3061,6.8,2015-05-12,,Adobe Acrobat Reader ANMatchString Javascript API Restrictions Bypass Vulnerability,,Adobe,2015-01-20,2015-05-12,112
ZDI-15-205,ZDI-CAN-2696,Adobe,CVE-2015-3069,6.8,2015-05-12,,Adobe Acrobat Reader AFSimple_Calculate Javascript API Restrictions Bypass Vulnerability,,Adobe,2015-01-20,2015-05-12,112
ZDI-15-204,ZDI-CAN-2698,Adobe,CVE-2015-3064,6.8,2015-05-12,,Adobe Acrobat Reader DynamicAnnotStore compete Javascript API Restrictions Bypass Vulnerability,,Adobe,2015-01-20,2015-05-12,112
ZDI-15-203,ZDI-CAN-2697,Adobe,CVE-2015-3063,6.8,2015-05-12,,Adobe Acrobat Reader app.Monitors().select nonDocument Javascript API Restrictions Bypass Vulnerability,,Adobe,2015-01-20,2015-05-12,112
ZDI-15-202,ZDI-CAN-2692,Adobe,CVE-2015-3068,6.8,2015-05-12,,Adobe Acrobat Reader app.Monitors select Javascript API Restrictions Bypass Vulnerability,,Adobe,2015-01-20,2015-05-12,112
ZDI-15-201,ZDI-CAN-2691,Adobe,CVE-2015-3067,6.8,2015-05-12,,Adobe Acrobat Reader DynamicAnnotStore enumerate Javascript API Restrictions Bypass Vulnerability,,Adobe,2015-01-20,2015-05-12,112
ZDI-15-200,ZDI-CAN-2690,Adobe,CVE-2015-3066,6.8,2015-05-12,,Adobe Acrobat Reader SharedReviewDocCenterInitiator onError Javascript API Restrictions Bypass Vulnerability,,Adobe,2015-01-20,2015-05-12,112
ZDI-15-199,ZDI-CAN-2689,Adobe,CVE-2015-3065,6.8,2015-05-12,,Adobe Acrobat Reader Matrix2D transform Javascript API Restrictions Bypass Vulnerability,,Adobe,2015-01-20,2015-05-12,112
ZDI-15-198,ZDI-CAN-2668,Adobe,CVE-2015-3074,6.8,2015-05-12,,Adobe Acrobat Reader ScriptBridgeUtils Javascript API Restrictions Bypass Vulnerability,,Adobe,2014-12-23,2015-05-12,140
ZDI-15-197,ZDI-CAN-2665,Adobe,CVE-2015-3073,6.8,2015-05-12,,Adobe Acrobat Reader AFParseDate Javascript API Restrictions Bypass Vulnerability,,Adobe,2014-12-23,2015-05-12,140
ZDI-15-196,ZDI-CAN-2664,Adobe,CVE-2015-3072,6.8,2015-05-12,,Adobe Acrobat Reader ADBCAnnotEnumerator Javascript API Restrictions Bypass Vulnerability,,Adobe,2014-12-23,2015-05-12,140
ZDI-15-195,ZDI-CAN-2663,Adobe,CVE-2015-3071,6.8,2015-05-12,,Adobe Acrobat Reader WDAnnotEnumerator Javascript API Restrictions Bypass Vulnerability,,Adobe,2014-12-23,2015-05-12,140
ZDI-15-191,ZDI-CAN-2759,Microsoft,CVE-2015-1681,5.0,2015-05-12,,Microsoft Windows .MSC Stack Buffer Overflow Denial of Service Vulnerability,,Microsoft,2015-02-17,2015-05-12,84
ZDI-15-190,ZDI-CAN-2845,Microsoft,CVE-2015-1676,4.9,2015-05-12,,Microsoft Windows NtUserGetTitleBarInfo Information Disclosure Vulnerability,,Microsoft,2015-03-31,2015-05-12,42
ZDI-15-189,ZDI-CAN-2834,Microsoft,CVE-2015-1674,4.9,2015-05-12,,(Pwn2Own) Microsoft Windows CNG Information Disclosure Vulnerability,,Microsoft,2015-03-19,2015-05-12,54
ZDI-15-188,ZDI-CAN-2751,Microsoft,CVE-2015-1680,4.9,2015-05-12,,Microsoft Windows NtUserRealInternalGetMessage Stack Information Disclosure Vulnerability,,Microsoft,2015-03-05,2015-05-12,68
ZDI-15-187,ZDI-CAN-2750,Microsoft,CVE-2015-1679,4.9,2015-05-12,,Microsoft Windows NtUserGetMessage Stack Information Disclosure Vulnerability,,Microsoft,2015-03-05,2015-05-12,68
ZDI-15-186,ZDI-CAN-2594,Microsoft,CVE-2015-1678,4.9,2015-05-12,,Microsoft Windows NtUserGetComboBoxInfo Stack Information Disclosure Vulnerability,,Microsoft,2015-03-05,2015-05-12,68
ZDI-15-185,ZDI-CAN-2591,Microsoft,CVE-2015-1677,4.9,2015-05-12,,Microsoft Windows NtUserGetScrollBarInfo Stack Information Disclosure Vulnerability,,Microsoft,2015-03-05,2015-05-12,68
ZDI-15-184,ZDI-CAN-2780,Microsoft,CVE-2015-1706,6.8,2015-05-12,,Microsoft Internet Explorer CElement::DelMarkupPtr Type Confusion Remote Code Execution Vulnerability,,Microsoft,2015-02-26,2015-05-12,75
ZDI-15-183,ZDI-CAN-2791,Microsoft,CVE-2015-1684,5.0,2015-05-12,,Microsoft Windows VBScript Regular Expression Information Disclosure Vulnerability,,Microsoft,2015-03-03,2015-05-12,70
ZDI-15-182,ZDI-CAN-2789,Microsoft,CVE-2015-1682,6.8,2015-05-12,,Microsoft Word ptCount Element Uninitialized Memory Read Remote Code Execution Vulnerability,,Microsoft,2015-02-26,2015-05-12,75
ZDI-15-181,ZDI-CAN-2790,Microsoft,CVE-2015-1714,6.8,2015-05-12,,Microsoft Internet Explorer CTitleElement Use-After-Free Remote Code Execution Vulnerability,,Microsoft,2015-03-05,2015-05-12,68
ZDI-15-165,ZDI-CAN-2814,Apple,CVE-2015-1140,6.9,2015-04-29,,Apple OS X IOHIDSecurePromptClient Untrusted Pointer Dereference Arbitrary Code Execution Vulnerability,,Apple,2015-03-27,2015-04-29,33
ZDI-15-137,ZDI-CAN-2833,Google,CVE-2015-1234,6.8,2015-04-15,,(Pwn2Own) Google Chrome pnacl Shared Memory Time-Of-Check/Time-Of-Use Remote Code Execution Vulnerability,,Google,2015-03-19,2015-04-15,27
ZDI-15-136,ZDI-CAN-2669,Microsoft,CVE-2015-1659,6.8,2015-04-15,,Microsoft Internet Explorer Layout::FlowBoxBuilder Use-After-Free Remote Code Execution Vulnerability,,Microsoft,2015-01-06,2015-04-15,99
ZDI-15-134,ZDI-CAN-2819,Adobe,CVE-2015-0349,6.8,2015-04-15,,(Pwn2Own) Adobe Flash Player AS3 ConvolutionFilter Use-After-Free Remote Code Execution Vulnerability,,Adobe,2015-03-18,2015-04-15,28
ZDI-15-133,ZDI-CAN-2680,Adobe,CVE-2015-0347,6.8,2015-04-15,,Adobe Flash Player AVSource Memory Corruption Remote Code Execution Vulnerability,,Adobe,2015-01-27,2015-04-15,78
ZDI-15-132,ZDI-CAN-2686,Microsoft,CVE-2015-1650,6.8,2015-04-15,,Microsoft Word Use-After-Free Remote Code Execution Vulnerability,,Microsoft,2015-01-27,2015-04-15,78
ZDI-15-131,ZDI-CAN-2701,Microsoft,CVE-2015-1652,6.8,2015-04-15,,Microsoft Internet Explorer CDocument Use-After-Free Remote Code Execution Vulnerability,,Microsoft,2015-01-27,2015-04-15,78
ZDI-15-130,ZDI-CAN-2687,Microsoft,CVE-2015-1667,6.8,2015-04-15,,Microsoft Internet Explorer CQuotes Use-After-Free Remote Code Execution Vulnerability,,Microsoft,2015-01-09,2015-04-15,96
ZDI-15-129,ZDI-CAN-2683,Microsoft,CVE-2015-1666,6.8,2015-04-15,,Microsoft Internet Explorer CMetaElement Use-After-Free Remote Code Execution Vulnerability,,Microsoft,2015-01-09,2015-04-15,96
ZDI-15-128,ZDI-CAN-2670,Microsoft,CVE-2015-1665,6.8,2015-04-15,,Microsoft Internet Explorer Tree::TextData Use-After-Free Remote Code Execution Vulnerability,,Microsoft,2015-01-08,2015-04-15,97
ZDI-15-127,ZDI-CAN-2677,Microsoft,CVE-2015-1661,6.8,2015-04-15,,Microsoft Internet Explorer CAutoRange::GetRangeTopLeft Type Confusion Remote Code Execution Vulnerability,,Microsoft,2015-01-06,2015-04-15,99
ZDI-15-126,ZDI-CAN-2675,Microsoft,CVE-2015-1660,6.8,2015-04-15,,Microsoft Internet Explorer CBodyElement Use-After-Free Remote Code Execution Vulnerability,,Microsoft,2015-01-06,2015-04-15,99
ZDI-15-125,ZDI-CAN-2672,Microsoft,CVE-2015-1668,6.8,2015-04-15,,Microsoft Internet Explorer SVG Marker Use-After-Free Remote Code Execution Vulnerability,,Microsoft,2015-01-06,2015-04-15,99
ZDI-15-124,ZDI-CAN-2671,Microsoft,CVE-2015-1668,6.8,2015-04-15,,Microsoft Internet Explorer CSVGMarkerElement Use-After-Free Remote Code Execution Vulnerability,,Microsoft,2015-01-06,2015-04-15,99
ZDI-15-123,ZDI-CAN-2836,Apple,CVE-2015-1069,6.8,2015-04-08,,(Pwn2Own) Apple Safari Uninitialized Buffer Use-After-Free Remote Code Execution Vulnerability,,Apple,2015-04-08,2015-04-08,0
ZDI-15-122,ZDI-CAN-2682,Apple,CVE-2015-1101,6.8,2015-04-08,,Apple OS X XNU HFS_GETPATH Buffer Overflow Privilege Escalation Vulnerability,,Apple,2015-01-27,2015-04-08,71
ZDI-15-121,ZDI-CAN-2676,Apple,CVE-2015-1140,6.8,2015-04-08,,Apple OS X IOKit IOHIDSecurePromptClient Heap Buffer Overflow Privilege Escalation Vulnerability,,Apple,2015-01-08,2015-04-08,90
ZDI-15-110,ZDI-CAN-2826,Mozilla,CVE-2015-0816,7.5,2015-04-03,,(Pwn2Own) Mozilla Firefox resource: URL Remote Code Execution Vulnerability,,Mozilla,2015-03-18,2015-04-03,16
ZDI-15-109,ZDI-CAN-2830,Mozilla,CVE-2015-0817,6.8,2015-04-03,,(Pwn2Own) Mozilla Firefox Bounds Check Elimination Remote Code Execution Vulnerability,,Mozilla,2015-03-19,2015-04-03,15
ZDI-15-108,ZDI-CAN-2825,Mozilla,CVE-2015-0818,7.5,2015-04-03,,(Pwn2Own) Mozilla Firefox SVG DOMAttrModified Same-Origin Policy Bypass Vulnerability,,Mozilla,2015-03-18,2015-04-03,16
ZDI-15-102,ZDI-CAN-2736,Microsoft,CVE-2015-0043,6.8,2015-03-12,,Microsoft Internet Explorer SVG marker Use-After-Free Remote Code Execution Vulnerability,,Microsoft,2015-02-05,2015-03-12,35
ZDI-15-093,ZDI-CAN-2620,Google,CVE-2014-7912,5.1,2015-03-12,,(Mobile Pwn2Own) Google Android DHCP Parsing Remote Code Execution Vulnerability,,Google,2014-11-13,2015-03-12,119
ZDI-15-092,ZDI-CAN-2616,Google,CVE-2014-7914,4.8,2015-03-12,,(Mobile Pwn2Own) Google Android Bluetooth Forced Pairing Vulnerability,,Google,2014-11-19,2015-03-12,113
ZDI-15-089,ZDI-CAN-2662,Google,CVE-2015-1230,6.8,2015-03-12,,Google Chrome V8EventListenerList::findOrCreateWrapper Type Confusion Remote Code Execution Vulnerability,,Google,2015-01-16,2015-03-12,55
ZDI-15-088,ZDI-CAN-2530,Microsoft,CVE-2015-0085,6.8,2015-03-12,,Microsoft Word Format Tag Transposition Use-After-Free Remote Code Execution Vulnerability,,Microsoft,2014-09-11,2015-03-12,182
ZDI-15-087,ZDI-CAN-2610,Adobe,CVE-2015-0341,6.8,2015-03-12,,Adobe Flash Player AVSS Load Use-After-Free Remote Code Execution Vulnerability,,Adobe,2014-11-04,2015-03-12,128
ZDI-15-086,ZDI-CAN-2681,Microsoft,CVE-2015-0096,7.5,2015-03-11,,Microsoft Windows .LNK DLL Planting Remote Code Execution Vulnerability,,Microsoft,2015-01-08,2015-03-11,62
ZDI-15-085,ZDI-CAN-2653,Microsoft,CVE-2014-6329,6.8,2015-03-10,,Microsoft Internet Explorer CDOMTextNode Use-After-Free Remote Code Execution Vulnerability,,Microsoft,2014-12-09,2015-03-10,91
ZDI-15-084,ZDI-CAN-2658,Microsoft,CVE-2015-1624,6.8,2015-03-10,,Microsoft Internet Explorer CGeneratedTreeNode Use-After-Free Remote Code Execution Vulnerability,,Microsoft,2014-12-09,2015-03-10,91
ZDI-15-083,ZDI-CAN-2657,Microsoft,CVE-2015-1623,6.8,2015-03-10,,Microsoft Internet Explorer CMarkup Use-After-Free Remote Code Execution Vulnerability,,Microsoft,2014-12-09,2015-03-10,91
ZDI-15-082,ZDI-CAN-2655,Microsoft,CVE-2015-1622,6.8,2015-03-10,,Microsoft Internet Explorer CGeneratedContent::UnWrapContent Out-Of-Bound Write Remote Code Execution Vulnerability,,Microsoft,2014-12-04,2015-03-10,96
ZDI-15-081,ZDI-CAN-2652,Microsoft,CVE-2015-0100,6.8,2015-03-10,,Microsoft Internet Explorer CTreeNode Use-After-Free Remote Code Execution Vulnerability,,Microsoft,2014-12-04,2015-03-10,96
ZDI-15-080,ZDI-CAN-2629,Microsoft,CVE-2015-0099,6.8,2015-03-10,,Microsoft Internet Explorer BuildAnimation Memory Corruption Remote Code Execution Vulnerability,,Microsoft,2014-12-04,2015-03-10,96
ZDI-15-079,ZDI-CAN-2590,Microsoft,CVE-2015-0077,2.1,2015-03-10,,Microsoft Windows NtUserfnINSTRINGNULL Information Leak Vulnerability,,Microsoft,2014-12-04,2015-03-10,96
ZDI-15-078,ZDI-CAN-2537,Microsoft,CVE-2015-0094,2.1,2015-03-10,,Microsoft Windows NtUserfnINOUTNCCALCSIZE Information Leak Vulnerability,,Microsoft,2014-12-04,2015-03-10,96
ZDI-15-077,ZDI-CAN-2631,Microsoft,CVE-2015-0056,6.8,2015-03-10,,Microsoft Internet Explorer CImgElement Use-After-Free Remote Code Execution Vulnerability,,Microsoft,2014-11-26,2015-03-10,104
ZDI-15-076,ZDI-CAN-2571,Microsoft,CVE-2015-0081,6.8,2015-03-10,,Microsoft Windows Text Services Out-Of-Bounds Memory Access Remote Code Execution Vulnerability,,Microsoft,2014-10-31,2015-03-10,130
ZDI-15-075,ZDI-CAN-2548,Microsoft,CVE-2015-1626,6.8,2015-03-10,,Microsoft Internet Explorer CInputContext Use-After-Free Remote Code Execution Vulnerability,,Microsoft,2014-10-05,2015-03-10,156
ZDI-15-052,ZDI-CAN-2485,Microsoft,,4.3,2015-02-27,,(0Day) Microsoft Word Line Formatting Denial of Service Vulnerability,,Microsoft,2014-08-04,2015-02-27,207
ZDI-15-050,ZDI-CAN-2545,Microsoft,CVE-2014-6369,6.8,2015-02-25,,Microsoft Internet Explorer CTableSection Use-After-Free Remote Code Execution Vulnerability,,Microsoft,2014-10-08,2015-02-25,140
ZDI-15-047,ZDI-CAN-2625,Adobe,CVE-2015-0331,6.8,2015-02-19,,Adobe Flash HLS Playlist Use-After-Free Remote Code Execution Vulnerability,,Adobe,2014-11-19,2015-02-19,92
ZDI-15-045,ZDI-CAN-2602,Adobe,CVE-2015-0314,6.8,2015-02-10,,Adobe Flash Player BitmapFilter Invalid Object Corruption Remote Code Execution Vulnerability,,Adobe,2014-11-04,2015-02-10,98
ZDI-15-032,ZDI-CAN-2386,Microsoft,CVE-2014-6354,6.8,2015-02-10,,Microsoft Internet Explorer CSVGSVGElement Use-After-Free Remote Code Execution Vulnerability,,Microsoft,2014-06-18,2015-02-10,237
ZDI-15-030,ZDI-CAN-2626,Microsoft,CVE-2015-0058,6.9,2015-02-10,,Microsoft Windows win32k.sys Dangling Pointer Privilege Escalation Vulnerability,,Microsoft,2014-11-06,2015-02-10,96
ZDI-15-029,ZDI-CAN-2628,Microsoft,CVE-2015-0053,6.8,2015-02-10,,Microsoft Internet Explorer UnitValueProperty Uninitialized Pointer Remote Code Execution Vulnerability,,Microsoft,2014-11-19,2015-02-10,83
ZDI-15-028,ZDI-CAN-2607,Microsoft,CVE-2015-0046,2.6,2015-02-10,,Microsoft Internet Explorer Type Confusion Information Disclosure Vulnerability,,Microsoft,2014-11-04,2015-02-10,98
ZDI-15-027,ZDI-CAN-2580,Microsoft,CVE-2015-0045,6.8,2015-02-10,,Microsoft Internet Explorer CLineFull Use-After-Free Remote Code Execution Vulnerability,,Microsoft,2014-11-04,2015-02-10,98
ZDI-15-026,ZDI-CAN-2604,Microsoft,CVE-2015-0044,6.8,2015-02-10,,Microsoft Internet Explorer CTableLayout Out-of-Bounds Memory Access Remote Code Execution Vulnerability,,Microsoft,2014-10-31,2015-02-10,102
ZDI-15-025,ZDI-CAN-2595,Microsoft,CVE-2015-0043,6.8,2015-02-10,,Microsoft Internet Explorer SVG Marker Use-After-Free Remote Code Execution Vulnerability,,Microsoft,2014-10-31,2015-02-10,102
ZDI-15-024,ZDI-CAN-2564,Microsoft,CVE-2015-0042,5.1,2015-02-10,,Microsoft Internet Explorer SVG Marker Use-After-Free Remote Code Execution Vulnerability,,Microsoft,2014-10-22,2015-02-10,111
ZDI-15-023,ZDI-CAN-2546,Microsoft,CVE-2015-0041,6.8,2015-02-10,,Microsoft Internet Explorer CTreePos Double Free Remote Code Execution Vulnerability,,Microsoft,2014-10-16,2015-02-10,117
ZDI-15-022,ZDI-CAN-2557,Microsoft,CVE-2015-0040,6.8,2015-02-10,,Microsoft Internet Explorer CMapElement Use-After-Free Remote Code Execution Vulnerability,,Microsoft,2014-10-16,2015-02-10,117
ZDI-15-021,ZDI-CAN-2554,Microsoft,CVE-2015-0038,6.8,2015-02-10,,Microsoft Internet Explorer CUListElement Use-After-Free Remote Code Execution Vulnerability,,Microsoft,2014-10-09,2015-02-10,124
ZDI-15-020,ZDI-CAN-2562,Microsoft,CVE-2015-0037,6.8,2015-02-10,,Microsoft Internet Explorer Ptls6::LsFmtText Out-Of-Bounds Read Remote Code Execution Vulnerability,,Microsoft,2014-10-09,2015-02-10,124
ZDI-15-019,ZDI-CAN-2570,Microsoft,CVE-2015-0036,6.8,2015-02-10,,Microsoft Internet Explorer CShadow Direction Integer Overflow Remote Code Execution Vulnerability,,Microsoft,2014-10-09,2015-02-10,124
ZDI-15-018,ZDI-CAN-2561,Microsoft,CVE-2015-0035,5.1,2015-02-10,,Microsoft Internet Explorer CIFrameElement Use-After-Free Remote Code Execution Vulnerability,,Microsoft,2014-10-09,2015-02-10,124
ZDI-15-017,ZDI-CAN-2608,Microsoft,CVE-2015-0035,5.1,2015-02-10,,Microsoft Internet Explorer CIFrameElement Use-After-Free Remote Code Execution Vulnerability,,Microsoft,2014-11-04,2015-02-10,98
ZDI-15-016,ZDI-CAN-2305,Microsoft,CVE-2015-0031,5.0,2015-02-10,,Microsoft Internet Explorer TransNavContext Information Disclosure Vulnerability,,Microsoft,2014-05-08,2015-02-10,278
ZDI-15-015,ZDI-CAN-2534,Microsoft,CVE-2015-0027,6.8,2015-02-10,,Microsoft Internet Explorer CSS Regions Use-After-Free Remote Code Execution Vulnerability,,Microsoft,2014-10-05,2015-02-10,128
ZDI-15-014,ZDI-CAN-2396,Microsoft,CVE-2015-0025,6.8,2015-02-10,,Microsoft Internet Explorer CGeneratedTreeNode Use-After-Free Remote Code Execution Vulnerability,,Microsoft,2014-06-30,2015-02-10,225
ZDI-15-013,ZDI-CAN-2395,Microsoft,CVE-2015-0017,6.8,2015-02-10,,Microsoft Internet Explorer CAutoRange::ScrollIntoView Use-After-Free Remote Code Execution Vulnerability,,Microsoft,2014-06-30,2015-02-10,225
ZDI-15-012,ZDI-CAN-2549,Microsoft,CVE-2015-0003,6.2,2015-02-10,,Microsoft Windows WM_SYSTIMER Kernel Elevation of Privilege Vulnerability,,Microsoft,2014-10-09,2015-02-10,124
ZDI-15-011,ZDI-CAN-2532,Apple,CVE-2014-4484,6.8,2015-01-27,,Apple Mac OS X DFont Memory Corruption Remote Code Execution Vulnerability,,Apple,2014-10-22,2015-01-27,97
ZDI-15-010,ZDI-CAN-2612,Apple,CVE-2014-8840,7.5,2015-01-27,,(Mobile Pwn2Own) Apple iOS SSL Sandbox Bypass Vulnerability,,Apple,2014-11-13,2015-01-27,75
ZDI-15-009,ZDI-CAN-2611,Apple,CVE-2014-4477,6.8,2015-01-27,,(Mobile Pwn2Own) Apple Safari Set Use-After-Free Remote Code Execution Vulnerability,,Apple,2014-11-13,2015-01-27,75
ZDI-15-007,ZDI-CAN-2601,Adobe,CVE-2015-0307,6.8,2015-01-21,,Adobe Flash Player AVSegmentedSource::getABRProfileInfoAtIndex Out-Of-Bounds Read Information Disclosure Vulnerability,,Adobe,2014-11-04,2015-01-21,78
ZDI-16-700,ZDI-CAN-3655,Google,CVE-2016-10403,4.3,2017-08-23,,Google Chrome PDFium JPEG Out-Of-Bounds Read Information Disclosure Vulnerability,,Google,2016-04-09,2017-08-23,501
ZDI-16-689,ZDI-CAN-4319,Microsoft,CVE-2016-7202,6.8,2017-06-21,,Microsoft Internet Explorer Array.splice Memory Corruption Remote Code Execution Vulnerability,,Microsoft,2016-12-12,2017-06-21,191
ZDI-16-688,ZDI-CAN-3877,Apple,CVE-2016-7603,6.9,2017-06-21,,Apple OS X CoreStorage Privilege Escalation Vulnerability,,Apple,2016-08-25,2017-06-21,300
ZDI-16-687,ZDI-CAN-3856,Apple,"CVE-2016-7714, CVE-2016-7625",4.9,2017-06-21,,Apple OS X IOReportUserClient Out-Of-Bounds Read Information Disclosure Vulnerability,,Apple,2016-09-06,2017-06-21,288
ZDI-16-686,ZDI-CAN-3855,Apple,CVE-2016-7620,4.9,2017-06-21,,Apple OS X IOSurface Out-Of-Bounds Read Information Disclosure Vulnerability,,Apple,2016-09-06,2017-06-21,288
ZDI-16-685,ZDI-CAN-3854,Apple,CVE-2016-7624,4.9,2017-06-21,,Apple OS X IOCommandQueue Out-Of-Bounds Read Information Disclosure Vulnerability,,Apple,2016-09-06,2017-06-21,288
ZDI-16-684,ZDI-CAN-3664,Adobe,CVE-2016-4263,6.8,2017-06-13,,Adobe Digital Editions PDF FlateDecode Parsing Use-After-Free Remote Code Execution Vulnerability,,Adobe,2016-04-07,2017-06-13,432
ZDI-16-680,ZDI-CAN-3577,Microsoft,,7.5,2017-04-06,,Microsoft Skype DLL Planting Remote Code Execution Vulnerability,,Microsoft,2016-03-29,2017-04-06,373
ZDI-16-679,ZDI-CAN-3954,Apple,CVE-2016-7630,4.4,2017-03-31,,Apple iOS legacy-diagnostics Privilege Escalation Vulnerability,,Apple,2016-08-30,2017-03-31,213
ZDI-16-678,ZDI-CAN-4332,Adobe,CVE-2016-7878,6.8,2017-02-13,,Adobe Flash Player PSDKEventDispatcher Use-After-Free Remote Code Execution Vulnerability,,Adobe,2016-12-12,2017-02-13,63
ZDI-16-677,ZDI-CAN-4331,Microsoft,CVE-2016-7297,5.0,2017-01-20,,Microsoft Windows JavaScript Array.concat Type Confusion Information Disclosure Vulnerability,,Microsoft,2016-12-12,2017-01-20,39
ZDI-16-676,ZDI-CAN-4009,Microsoft,CVE-2016-3375,4.3,2017-01-10,,Microsoft Windows ADO Recordset Update Use-After-Free Information Disclosure Vulnerability,,Microsoft,2016-09-06,2017-01-10,126
ZDI-16-675,ZDI-CAN-3956,Microsoft,CVE-2016-3375,2.6,2017-01-10,,Microsoft Windows ADO Recordset GetRows Use-After-Free Information Disclosure Vulnerability,,Microsoft,2016-09-06,2017-01-10,126
ZDI-16-673,ZDI-CAN-3766,Mozilla,CVE-2016-2837,6.8,2016-12-19,,Mozilla Firefox ClearKeyDecryptor Heap Buffer Overflow Remote Code Execution Vulnerability,,Mozilla,2016-05-20,2016-12-19,213
ZDI-16-645,ZDI-CAN-4051,Microsoft,CVE-2016-7272,6.8,2016-12-15,,Microsoft Windows Icon File Integer Overflow Remote Code Execution Vulnerability,,Microsoft,2016-09-27,2016-12-15,79
ZDI-16-644,ZDI-CAN-4019,Apple,CVE-2016-7617,6.9,2016-12-15,,Apple OS X AppleBroadcomBluetoothHostController Type Confusion Privilege Escalation Vulnerability,,Apple,2016-09-08,2016-12-15,98
ZDI-16-643,ZDI-CAN-3985,Apple,CVE-2016-7602,6.9,2016-12-15,,Apple OS X AppleIntelFramebufferAzul Privilege Escalation Vulnerability,,Apple,2016-08-25,2016-12-15,112
ZDI-16-642,ZDI-CAN-3864,Apple,CVE-2016-7609,6.9,2016-12-15,,Apple OS X AppleGraphicsPowerManagement Null Pointer Dereference Privilege Escalation Vulnerability,,Apple,2016-09-06,2016-12-15,100
ZDI-16-641,ZDI-CAN-3823,Apple,CVE-2016-7582,6.9,2016-12-15,,Apple OS X IntelHD5000 IGAccelResource Use-After-Free Privilege Escalation Vulnerability,,Apple,2016-06-14,2016-12-15,184
ZDI-16-640,ZDI-CAN-3775,Apple,CVE-2016-4638,4.4,2016-12-15,,Apple OS X WindowServer _XSetApplicationBindingsForWorkspaces Type Confusion Privilege Escalation Vulnerability,,Apple,2016-05-20,2016-12-15,209
ZDI-16-639,ZDI-CAN-3773,Apple,CVE-2016-4638,4.4,2016-12-15,,Apple OS X WindowServer _XSetDictionaryForCurrentSession Type Confusion Privilege Escalation Vulnerability,,Apple,2016-06-14,2016-12-15,184
ZDI-16-638,ZDI-CAN-3770,Apple,CVE-2016-4640,4.4,2016-12-15,,Apple OS X WindowServer _XRegisterCursorWithData Memory Corruption Privilege Escalation Vulnerability,,Apple,2016-06-14,2016-12-15,184
ZDI-16-637,ZDI-CAN-3677,Apple,CVE-2016-1818,7.2,2016-12-15,,Apple OS X AppleIntelHD5000Graphics Null Pointer Dereference Privilege Escalation Vulnerability,,Apple,2016-04-26,2016-12-15,233
ZDI-16-636,ZDI-CAN-3923,Adobe,CVE-2016-7888,4.3,2016-12-15,,Adobe Digital Editions FlateDecode Out-of-Bounds Read Information Disclosure Vulnerability,,Adobe,2016-07-26,2016-12-15,142
ZDI-16-633,ZDI-CAN-3992,Apple,CVE-2016-7616,6.9,2016-12-13,,Apple OS X IOKit Privilege Escalation Vulnerability,,Apple,2016-12-12,2016-12-13,1
ZDI-16-632,ZDI-CAN-3953,Apple,CVE-2016-7611,6.8,2016-12-13,,Apple Safari HTMLLabelElement Use-After-Free Remote Code Execution Vulnerability,,Apple,2016-09-06,2016-12-13,98
ZDI-16-631,ZDI-CAN-4010,Apple,CVE-2016-7610,6.8,2016-12-13,,Apple Safari RenderObject Use-After-Free Remote Code Execution Vulnerability,,Apple,2016-09-06,2016-12-13,98
ZDI-16-627,ZDI-CAN-4046,Adobe,CVE-2016-7871,6.8,2016-12-13,,Adobe Flash Player Worker Out-Of-Bounds Read Remote Code Execution Vulnerability,,Adobe,2016-09-27,2016-12-13,77
ZDI-16-626,ZDI-CAN-4041,Adobe,CVE-2016-7872,6.8,2016-12-13,,Adobe Flash MovieClip swapDepth Use-After-Free Remote Code Execution Vulnerability,,Adobe,2016-10-06,2016-12-13,68
ZDI-16-625,ZDI-CAN-3991,Adobe,CVE-2016-7868,6.8,2016-12-13,,Adobe Flash Player RegExp THEN Stack-based Buffer Overflow Remote Code Execution Vulnerability,,Adobe,2016-09-08,2016-12-13,96
ZDI-16-624,ZDI-CAN-3958,Adobe,CVE-2016-7869,6.8,2016-12-13,,Adobe Flash Player RegExp PRUNE Stack-based Buffer Overflow Remote Code Execution Vulnerability,,Adobe,2016-09-08,2016-12-13,96
ZDI-16-623,ZDI-CAN-3959,Adobe,CVE-2016-7870,6.8,2016-12-13,,Adobe Flash Player RegExp SKIP Stack-based Buffer Overflow Remote Code Execution Vulnerability,,Adobe,2016-09-08,2016-12-13,96
ZDI-16-622,ZDI-CAN-3990,Adobe,CVE-2016-7867,6.8,2016-12-13,,Adobe Flash Player RegExp MARK Stack-based Buffer Overflow Remote Code Execution Vulnerability,,Adobe,2016-09-08,2016-12-13,96
ZDI-16-621,ZDI-CAN-4124,Adobe,CVE-2016-7875,6.8,2016-12-13,,Adobe Flash Player BitmapData Out-Of-Bounds Read Remote Code Execution Vulnerability,,Adobe,2016-10-20,2016-12-13,54
ZDI-16-620,ZDI-CAN-4123,Adobe,CVE-2016-7878,6.8,2016-12-13,,Adobe Flash PSDK Use-After-Free Remote Code Execution Vulnerability,,Adobe,2016-11-03,2016-12-13,40
ZDI-16-619,ZDI-CAN-4129,Adobe,CVE-2016-7879,6.8,2016-12-13,,Adobe Flash NetConnection Use-After-Free Remote Code Execution Vulnerability,,Adobe,2016-11-03,2016-12-13,40
ZDI-16-609,ZDI-CAN-3772,Apple,CVE-2016-4709,4.4,2016-11-15,,Apple OS X WindowServer _XSetPerUserConfigurationData Type Confusion Privilege Escalation Vulnerability,,Apple,2016-06-14,2016-11-15,154
ZDI-16-608,ZDI-CAN-3774,Apple,CVE-2016-4710,4.4,2016-11-15,,Apple OS X WindowServer _XSetPreferencesForWorkspaces Type Confusion Privilege Escalation Vulnerability,,Apple,2016-06-14,2016-11-15,154
ZDI-16-603,ZDI-CAN-4047,Adobe,CVE-2016-7862,6.8,2016-11-08,,Adobe Flash MovieClip constructor Use-After-Free Remote Code Execution Vulnerability,,Adobe,2016-10-06,2016-11-08,33
ZDI-16-602,ZDI-CAN-4040,Adobe,CVE-2016-7859,6.8,2016-11-08,,Adobe Flash AS2 extends Use-After-Free Remote Code Execution Vulnerability,,Adobe,2016-10-06,2016-11-08,33
ZDI-16-601,ZDI-CAN-4048,Adobe,CVE-2016-7860,6.8,2016-11-08,,Adobe Flash AdvertisingMetadata Type Confusion Remote Code Execution Vulnerability,,Adobe,2016-10-06,2016-11-08,33
ZDI-16-600,ZDI-CAN-4049,Adobe,CVE-2016-7861,6.8,2016-11-08,,Adobe Flash Player Metadata Type Confusion Remote Code Execution Vulnerability,,Adobe,2016-10-06,2016-11-08,33
ZDI-16-599,ZDI-CAN-4044,Adobe,CVE-2016-7863,6.8,2016-11-08,,Adobe Flash TextField Use-After-Free Remote Code Execution Vulnerability,,Adobe,2016-10-06,2016-11-08,33
ZDI-16-598,ZDI-CAN-4042,Adobe,CVE-2016-7865,6.8,2016-11-08,,Adobe Flash LocalConnection Use-After-Free Remote Code Execution Vulnerability,,Adobe,2016-10-06,2016-11-08,33
ZDI-16-597,ZDI-CAN-4043,Adobe,CVE-2016-7864,6.8,2016-11-08,,Adobe Flash Selection setFocus Use-After-Free Remote Code Execution Vulnerability,,Adobe,2016-10-06,2016-11-08,33
ZDI-16-596,ZDI-CAN-4015,Adobe,CVE-2016-7857,6.8,2016-11-08,,Adobe Flash AVSegmentedSource Use-After-Free Remote Code Execution Vulnerability,,Adobe,2016-09-06,2016-11-08,63
ZDI-16-595,ZDI-CAN-3986,Adobe,CVE-2016-7858,6.8,2016-11-08,,Adobe Flash ExternalInterface addCallback Use-After-Free Remote Code Execution Vulnerability,,Adobe,2016-09-08,2016-11-08,61
ZDI-16-594,ZDI-CAN-4020,Microsoft,CVE-2016-7246,6.9,2016-11-08,,Microsoft Windows NtUserMagSetContextInformation Kernel State Corruption Privilege Escalation Vulnerability,,Microsoft,2016-09-16,2016-11-08,53
ZDI-16-593,ZDI-CAN-4031,Microsoft,CVE-2016-7202,6.8,2016-11-08,,Microsoft Windows JavaScript reverse Method Heap-based Buffer Overflow Remote Code Execution Vulnerability,,Microsoft,2016-09-20,2016-11-08,49
ZDI-16-592,ZDI-CAN-3924,Microsoft,CVE-2016-7215,7.2,2016-11-08,,Microsoft Windows win32k.sys Bitmap Null Pointer Dereference Privilege Escalation Vulnerability,,Microsoft,2016-07-29,2016-11-08,102
ZDI-16-591,ZDI-CAN-3842,Adobe,CVE-2016-6938,6.8,2016-11-04,,Adobe Reader DC XObject stream Use-After-Free Remote Code Execution Vulnerability,,Adobe,2016-06-28,2016-11-04,129
ZDI-16-590,ZDI-CAN-3875,Apple,CVE-2016-4677,6.8,2016-11-04,,Apple Safari JavaScriptCore Array Out-Of-Bounds Access Remote Code Execution Vulnerability,,Apple,2016-08-23,2016-11-04,73
ZDI-16-589,ZDI-CAN-3908,Apple,CVE-2016-4678,6.9,2016-11-02,,Apple OS X AppleSMC smcHandleYPCEvent Privilege Escalation Vulnerability,,Apple,2016-08-23,2016-11-02,71
ZDI-16-574,ZDI-CAN-3838,Adobe,CVE-2016-6937,4.3,2016-11-01,,Adobe Reader DC FlateDecode Parsing Out-Of-Bounds Read Information Disclosure Vulnerability,,Adobe,2016-06-23,2016-11-01,131
ZDI-16-573,ZDI-CAN-4038,Adobe,CVE-2016-7854,4.3,2016-11-01,,Adobe Reader DC JPEG2000 Parsing Out-Of-Bounds Read Information Disclosure Vulnerability,,Adobe,2016-09-27,2016-11-01,35
ZDI-16-569,ZDI-CAN-3989,Adobe,CVE-2016-6987,6.8,2016-10-12,,Adobe Flash Accessibility sendEvent Use-After-Free Remote Code Execution Vulnerability,,Adobe,2016-09-08,2016-10-12,34
ZDI-16-568,ZDI-CAN-3957,Adobe,CVE-2016-6986,5.1,2016-10-12,,Adobe Flash SWF Parsing Out-Of-Bounds Read Remote Code Execution Vulnerability,,Adobe,2016-09-08,2016-10-12,34
ZDI-16-567,ZDI-CAN-3943,Adobe,CVE-2016-6975,6.8,2016-10-11,,Adobe Reader DC XSLT Parsing copy-of Out-Of-Bounds Read Remote Code Execution Vulnerability,,Adobe,2016-08-30,2016-10-11,42
ZDI-16-566,ZDI-CAN-3946,Adobe,CVE-2016-6972,6.8,2016-10-11,,Adobe Reader DC XSLT Parsing key Out-Of-Bounds Read Remote Code Execution Vulnerability,,Adobe,2016-08-30,2016-10-11,42
ZDI-16-565,ZDI-CAN-3740,Adobe,CVE-2016-6941,4.3,2016-10-11,,Adobe Reader DC JPEG2000 Out-Of-Bounds Read Information DIsclosure Vulnerability,,Adobe,2016-05-05,2016-10-11,159
ZDI-16-564,ZDI-CAN-3724,Adobe,CVE-2016-6940,4.3,2016-10-11,,Adobe Reader DC PRC Out-Of-Bounds Read Information Disclosure Vulnerability,,Adobe,2016-04-28,2016-10-11,166
ZDI-16-563,ZDI-CAN-3961,Adobe,CVE-2016-6969,6.8,2016-10-11,,Adobe Reader DC XSLT Parsing sort Use-After-Free Remote Code Execution Vulnerability,,Adobe,2016-08-30,2016-10-11,42
ZDI-16-562,ZDI-CAN-3939,Adobe,CVE-2016-6973,6.8,2016-10-11,,Adobe Reader DC XSLT Parsing sort Out-Of-Bounds Read Remote Code Execution Vulnerability,,Adobe,2016-08-30,2016-10-11,42
ZDI-16-561,ZDI-CAN-3816,Adobe,CVE-2016-6971,6.8,2016-10-11,,Adobe Acrobat Pro DC XObject stream Use-After-Free Remote Code Execution Vulnerability,,Adobe,2016-06-28,2016-10-11,105
ZDI-16-560,ZDI-CAN-3926,Adobe,CVE-2016-6953,6.8,2016-10-11,,Acrobat Reader DC XFA FormSubform Use-After-Free Remote Code Execution Vulnerability,,Adobe,2016-07-28,2016-10-11,75
ZDI-16-559,ZDI-CAN-3921,Adobe,CVE-2016-6952,6.8,2016-10-11,,Acrobat Reader DC XFA CPDField Use-After-Free Remote Code Execution Vulnerability,,Adobe,2016-07-28,2016-10-11,75
ZDI-16-558,ZDI-CAN-3925,Adobe,CVE-2016-6951,6.8,2016-10-11,,Acrobat Reader DC XFA template Out-Of-Bounds Read Information Disclosure Vulnerability,,Adobe,2016-07-28,2016-10-11,75
ZDI-16-557,ZDI-CAN-3927,Adobe,CVE-2016-6950,4.3,2016-10-11,,Acrobat Reader DC XFA exclGroup Out-Of-Bounds Read Information Disclosure Vulnerability,,Adobe,2016-07-28,2016-10-11,75
ZDI-16-556,ZDI-CAN-3850,Adobe,CVE-2016-6988,6.8,2016-10-11,,Adobe Reader DC XFA AFDriver Use-After-Free Remote Code Execution Vulnerability,,Adobe,2016-06-30,2016-10-11,103
ZDI-16-555,ZDI-CAN-3846,Adobe,CVE-2016-6947,6.8,2016-10-11,,Adobe Reader DC XFA forms Out-Of-Bounds Read Remote Code Execution Vulnerability,,Adobe,2016-06-30,2016-10-11,103
ZDI-16-554,ZDI-CAN-3845,Adobe,CVE-2016-6946,6.8,2016-10-11,,Adobe Reader DC XFA maxChars Use-After-Free Remote Code Execution Vulnerability,,Adobe,2016-06-30,2016-10-11,103
ZDI-16-553,ZDI-CAN-3753,Adobe,CVE-2016-6942,6.8,2016-10-11,,Adobe Reader DC XFA Uninitialized Pointer Remote Code Execution Vulnerability,,Adobe,2016-05-09,2016-10-11,155
ZDI-16-552,ZDI-CAN-3968,Adobe,CVE-2016-6968,6.8,2016-10-11,,Adobe Reader DC XSLT Parsing key Use-After-Free Remote Code Execution Vulnerability,,Adobe,2016-08-30,2016-10-11,42
ZDI-16-551,ZDI-CAN-3969,Adobe,CVE-2016-6967,6.8,2016-10-11,,Adobe Reader DC XSLT Parsing variable Use-After-Free Remote Code Execution Vulnerability,,Adobe,2016-08-30,2016-10-11,42
ZDI-16-550,ZDI-CAN-3942,Adobe,CVE-2016-6966,6.8,2016-10-11,,Adobe Reader DC XSLT Parsing for-each Out-Of-Bounds Read Remote Code Execution Vulnerability,,Adobe,2016-08-30,2016-10-11,42
ZDI-16-549,ZDI-CAN-3962,Adobe,CVE-2016-6965,6.8,2016-10-11,,Adobe Reader DC XSLT Parsing number Use-After-Free Remote Code Execution Vulnerability,,Adobe,2016-08-30,2016-10-11,42
ZDI-16-548,ZDI-CAN-3964,Adobe,CVE-2016-6964,6.8,2016-10-11,,Adobe Reader DC XSLT Parsing for-each Use-After-Free Remote Code Execution Vulnerability,,Adobe,2016-08-30,2016-10-11,42
ZDI-16-547,ZDI-CAN-3966,Adobe,CVE-2016-6963,6.8,2016-10-11,,Adobe Reader DC XSLT Parsing apply-templates Use-After-Free Remote Code Execution Vulnerability,,Adobe,2016-08-30,2016-10-11,42
ZDI-16-546,ZDI-CAN-3967,Adobe,CVE-2016-6962,6.8,2016-10-11,,Adobe Reader DC XSLT Parsing choose Use-After-Free Remote Code Execution Vulnerability,,Adobe,2016-08-30,2016-10-11,42
ZDI-16-545,ZDI-CAN-3965,Adobe,CVE-2016-6961,6.8,2016-10-11,,Adobe Reader DC XSLT Parsing copy-of Use-After-Free Remote Code Execution Vulnerability,,Adobe,2016-08-30,2016-10-11,42
ZDI-16-544,ZDI-CAN-3963,Adobe,CVE-2016-6979,6.8,2016-10-11,,Adobe Reader DC XSLT Parsing if Use-After-Free Remote Code Execution Vulnerability,,Adobe,2016-08-30,2016-10-11,42
ZDI-16-543,ZDI-CAN-3945,Adobe,CVE-2016-6977,6.8,2016-10-11,,Adobe Reader DC XSLT Parsing choose Out-Of-Bounds Read Remote Code Execution Vulnerability,,Adobe,2016-08-30,2016-10-11,42
ZDI-16-542,ZDI-CAN-3947,Adobe,CVE-2016-6976,6.8,2016-10-11,,Adobe Reader DC XSLT Parsing variable Out-Of-Bounds Read Remote Code Execution Vulnerability,,Adobe,2016-08-30,2016-10-11,42
ZDI-16-541,ZDI-CAN-3941,Adobe,CVE-2016-6974,6.8,2016-10-11,,Adobe Reader DC XSLT Parsing if Out-Of-Bounds Read Remote Code Execution Vulnerability,,Adobe,2016-08-30,2016-10-11,42
ZDI-16-540,ZDI-CAN-3944,Adobe,CVE-2016-6960,6.8,2016-10-11,,Adobe Reader DC XSLT Parsing apply-templates Out-Of-Bounds Read Remote Code Execution Vulnerability,,Adobe,2016-08-30,2016-10-11,42
ZDI-16-539,ZDI-CAN-3940,Adobe,CVE-2016-6959,6.8,2016-10-11,,Adobe Reader DC XSLT Parsing number Out-Of-Bounds Read Remote Code Execution Vulnerability,,Adobe,2016-08-30,2016-10-11,42
ZDI-16-538,ZDI-CAN-3938,Adobe,CVE-2016-6978,6.8,2016-10-11,,Adobe Reader DC XSLT Parsing value-of Out-Of-Bounds Read Remote Code Execution Vulnerability,,Adobe,2016-08-30,2016-10-11,42
ZDI-16-537,ZDI-CAN-3851,Adobe,CVE-2016-6945,6.8,2016-10-11,,Adobe Acrobat Pro DC SaveAs Use-After-Free Remote Code Execution Vulnerability,,Adobe,2016-06-28,2016-10-11,105
ZDI-16-536,ZDI-CAN-3825,Adobe,CVE-2016-6944,6.8,2016-10-11,,Adobe Acrobat Reader DC Search Use-After-Free Remote Code Execution Vulnerability,,Adobe,2016-06-14,2016-10-11,119
ZDI-16-535,ZDI-CAN-3928,Microsoft,CVE-2016-3386,7.5,2016-10-11,,Microsoft Windows JavaScript Spread Operator Stack-based Buffer Overflow Remote Code Execution Vulnerability,,Microsoft,2016-07-29,2016-10-11,74
ZDI-16-534,ZDI-CAN-3922,Microsoft,CVE-2016-3384,5.1,2016-10-11,,Microsoft Internet Explorer s_DestroyMetaCallback Use-After-Free Remote Code Execution Vulnerability,,Microsoft,2016-07-26,2016-10-11,77
ZDI-16-533,ZDI-CAN-3857,Microsoft,CVE-2016-3383,6.8,2016-10-11,,Microsoft Internet Explorer Table Layout Type Confusion Remote Code Execution Vulnerability,,Microsoft,2016-07-12,2016-10-11,91
ZDI-16-532,ZDI-CAN-3866,Microsoft,CVE-2016-3382,6.8,2016-10-11,,Microsoft Edge JavaScript eval Function Type Confusion Remote Code Execution Vulnerability,,Microsoft,2016-07-12,2016-10-11,91
ZDI-16-528,ZDI-CAN-3979,Adobe,CVE-2016-6980,4.3,2016-09-27,,Adobe Digital Editions ePub Font Parsing Use-After-Free Remote Code Execution Vulnerability,,Adobe,2016-09-08,2016-09-27,19
ZDI-16-527,ZDI-CAN-3852,Apple,CVE-2016-4768,6.8,2016-09-27,,Apple Safari HTMLVideoElement Use-After-Free Remote Code Execution Vulnerability,,Apple,2016-07-12,2016-09-27,77
ZDI-16-526,ZDI-CAN-3625,Google,,6.8,2016-09-21,,(0Day) Google Chrome Protocol Handler Logic Error Restrictions Bypass Vulnerability,,Google,2016-03-19,2016-09-21,186
ZDI-16-524,ZDI-CAN-3624,Google,,6.8,2016-09-21,,Google Chrome Logic Error Safe Browsing Bypass Vulnerability,,Google,2016-03-19,2016-09-21,186
ZDI-16-522,ZDI-CAN-3814,Apple,CVE-2016-4727,6.9,2016-09-20,,Apple OS X IOThunderboltFamily Uninitialized Memory Privilege Escalation Vulnerability,,Apple,2016-06-02,2016-09-20,110
ZDI-16-521,ZDI-CAN-3822,Apple,CVE-2016-4697,6.9,2016-09-20,,Apple OS X AppleHSSPIHIDDriver Buffer Overflow Privilege Escalation Vulnerability,,Apple,2016-06-14,2016-09-20,98
ZDI-16-520,ZDI-CAN-3715,Apple,CVE-2016-4700,6.9,2016-09-20,,Apple OS X AppleUpstreamUserClient Out-Of-Bounds Access Privilege Escalation Vulnerability,,Apple,2016-04-26,2016-09-20,147
ZDI-16-519,ZDI-CAN-3716,Apple,CVE-2016-4699,6.9,2016-09-20,,Apple OS X AudioAUUC Integer Overflow Privilege Escalation Vulnerability,,Apple,2016-04-26,2016-09-20,147
ZDI-16-516,ZDI-CAN-3848,Adobe,CVE-2016-4276,5.1,2016-09-16,,Adobe Flash SWF Out-Of-Bounds Read Remote Code Execution Vulnerability,,Adobe,2016-06-30,2016-09-16,78
ZDI-16-515,ZDI-CAN-3862,Adobe,CVE-2016-4279,6.8,2016-09-16,,Adobe Flash TextFormat Memory Corruption Remote Code Execution Vulnerability,,Adobe,2016-07-27,2016-09-16,51
ZDI-16-514,ZDI-CAN-3932,Microsoft,CVE-2016-3377,6.8,2016-09-16,,Microsoft Windows JavaScript map Method Heap-based Buffer Overflow Remote Code Execution Vulnerability,,Microsoft,2016-07-29,2016-09-16,49
ZDI-16-513,ZDI-CAN-3874,Microsoft,CVE-2016-3247,2.6,2016-09-16,,Microsoft Edge CSS white-space Property Out-Of-Bounds Read Information Disclosure Vulnerability,,Microsoft,2016-07-08,2016-09-16,70
ZDI-16-512,ZDI-CAN-3821,Microsoft,CVE-2016-3376,4.3,2016-09-16,,Microsoft Windows MSXML IDispatch Use-After-Free Information Disclosure Vulnerability,,Microsoft,2016-06-06,2016-09-16,102
ZDI-16-511,ZDI-CAN-3792,Microsoft,CVE-2016-3295,6.8,2016-09-16,,Microsoft Edge CTreePos Type Confusion Remote Code Execution Vulnerability,,Microsoft,2016-05-26,2016-09-16,113
ZDI-16-510,ZDI-CAN-3788,Microsoft,CVE-2016-3292,6.9,2016-09-16,,Microsoft Internet Explorer Add-on Installer Enhanced Protected Mode Sandbox Escape Vulnerability,,Microsoft,2016-05-24,2016-09-16,115
ZDI-16-509,ZDI-CAN-3782,Microsoft,CVE-2016-3294,6.8,2016-09-16,,Microsoft Edge TextNode Use-After-Free Remote Code Execution Vulnerability,,Microsoft,2016-05-23,2016-09-16,116
ZDI-16-508,ZDI-CAN-3781,Microsoft,CVE-2016-3365,6.8,2016-09-16,,Microsoft Office Excel Art Data Memory Corruption Remote Code Execution Vulnerability,,Microsoft,2016-06-06,2016-09-16,102
ZDI-16-507,ZDI-CAN-3756,Microsoft,CVE-2016-3354,4.9,2016-09-16,,Microsoft Windows NtGdiQueryFonts Information Disclosure Vulnerability,,Microsoft,2016-05-05,2016-09-16,134
ZDI-16-506,ZDI-CAN-3570,Microsoft,CVE-2016-3353,6.8,2016-09-16,,Microsoft Windows .URL File Remote Code Execution Vulnerability,,Microsoft,2016-02-08,2016-09-16,221
ZDI-16-501,ZDI-CAN-3840,Google,CVE-2016-5161,4.3,2016-09-01,,Google Chrome StylePropertySerializer Type Confusion Information Disclosure Vulnerability,,Google,2016-06-22,2016-09-01,71
ZDI-16-497,ZDI-CAN-3596,Apple,CVE-2016-1820,6.9,2016-08-29,,Apple OS X AppleHDA Buffer Overflow Privilege Escalation Vulnerability,,Apple,2016-03-11,2016-08-29,171
ZDI-16-496,ZDI-CAN-3598,Apple,CVE-2016-4648,6.9,2016-08-29,,Apple OS X DspFuncLib Use-After-Free Privilege Escalation Vulnerability,,Apple,2016-04-01,2016-08-29,150
ZDI-16-495,ZDI-CAN-3558,Apple,CVE-2016-1808,6.9,2016-08-29,,Apple OS X IOHDIXController Untrusted Pointer Dereference Privilege Escalation Vulnerability,,Apple,2016-02-12,2016-08-29,199
ZDI-16-494,ZDI-CAN-3554,Apple,CVE-2016-4650,6.9,2016-08-29,,Apple OS X IOHIDFamily Heap Buffer Overflow Privilege Escalation Vulnerability,,Apple,2016-02-12,2016-08-29,199
ZDI-16-493,ZDI-CAN-3817,Adobe,CVE-2016-4270,4.3,2016-08-24,,Adobe Reader DC Font stream Parsing Out-Of-Bounds Read Information Disclosure Vulnerability,,Adobe,2016-06-23,2016-08-24,62
ZDI-16-492,ZDI-CAN-3789,Adobe,CVE-2016-4268,4.3,2016-08-24,,Adobe Reader DC Font stream Parsing Out-Of-Bounds Read Information Disclosure Vulnerability,,Adobe,2016-06-23,2016-08-24,62
ZDI-16-491,ZDI-CAN-3830,Adobe,CVE-2016-4269,4.3,2016-08-24,,Adobe Reader DC FlateDecode Parsing Out-Of-Bounds Read Information Disclosure Vulnerability,,Adobe,2016-06-23,2016-08-24,62
ZDI-16-490,ZDI-CAN-3841,Adobe,CVE-2016-4267,4.3,2016-08-24,,Adobe Reader DC FlateDecode Parsing Out-Of-Bounds Read Information Disclosure Vulnerability,,Adobe,2016-06-23,2016-08-24,62
ZDI-16-489,ZDI-CAN-3835,Adobe,CVE-2016-4266,4.3,2016-08-24,,Adobe Reader DC FlateDecode Parsing Out-Of-Bounds Read Information Disclosure Vulnerability,,Adobe,2016-06-23,2016-08-24,62
ZDI-16-488,ZDI-CAN-3839,Adobe,CVE-2016-4265,4.3,2016-08-24,,Adobe Reader DC FlateDecode Parsing Out-Of-Bounds Read Information Disclosure Vulnerability,,Adobe,2016-06-23,2016-08-24,62
ZDI-16-486,ZDI-CAN-3674,Apple,CVE-2016-4622,7.5,2016-08-18,,Apple Safari Array.splice Out-Of-Bounds Access Remote Code Execuction Vulnerability,,Apple,2016-04-26,2016-08-18,114
ZDI-16-485,ZDI-CAN-3673,Apple,CVE-2016-4622,7.5,2016-08-18,,Apple Safari Array.slice Out-Of-Bounds Access Remote Code Execuction Vulnerability,,Apple,2016-04-26,2016-08-18,114
ZDI-16-454,ZDI-CAN-3777,Microsoft,CVE-2016-3289,6.8,2016-08-09,,Microsoft Internet Explorer CAnchor Use-After-Free Remote Code Execution Vulnerability,,Microsoft,2016-05-23,2016-08-09,78
ZDI-16-453,ZDI-CAN-3767,Microsoft,CVE-2016-3308,6.9,2016-08-09,,Microsoft Windows xxxInsertMenuItem Out-Of-Bounds Access Privilege Escalation Vulnerability,,Microsoft,2016-05-09,2016-08-09,92
ZDI-16-452,ZDI-CAN-3751,Microsoft,CVE-2016-3326,4.3,2016-08-09,,Microsoft Edge GetRefererUrl Use-After-Free Information Disclosure Vulnerability,,Microsoft,2016-05-05,2016-08-09,96
ZDI-16-451,ZDI-CAN-3743,Microsoft,CVE-2016-3318,6.8,2016-08-09,,Microsoft Office Word RTF JPEG Parsing Out-Of-Bounds Write Remote Code Execution Vulnerability,,Microsoft,2016-06-06,2016-08-09,64
ZDI-16-450,ZDI-CAN-3741,Microsoft,CVE-2016-3322,6.8,2016-08-09,,Microsoft Internet Explorer CACPCache Use-After-Free Remote Code Execution Vulnerability,,Microsoft,2016-05-05,2016-08-09,96
ZDI-16-449,ZDI-CAN-3702,Microsoft,CVE-2016-3309,6.9,2016-08-09,,Microsoft Windows win32k RGNOBJ Integer Overflow Privilege Escalation Vulnerability,,Microsoft,2016-04-27,2016-08-09,104
ZDI-16-439,ZDI-CAN-3718,Apple,CVE-2016-4646,4.3,2016-07-20,,Apple OS X ACMP4AACBaseDecoder Out-Of-Bounds Read Information Disclosure Vulnerability,,Apple,2016-05-05,2016-07-20,76
ZDI-16-438,ZDI-CAN-3694,Apple,CVE-2016-4647,6.9,2016-07-20,,Apple OS X DspFuncLib Use-After-Free Privilege Escalation Vulnerability,,Apple,2016-04-12,2016-07-20,99
ZDI-16-437,ZDI-CAN-3693,Apple,CVE-2016-4647,6.9,2016-07-20,,Apple OS X DspFuncLib Use-After-Free Privilege Escalation Vulnerability,,Apple,2016-04-12,2016-07-20,99
ZDI-16-436,ZDI-CAN-3654,Apple,CVE-2016-4653,6.9,2016-07-20,,Apple OS X IOPMrootDomain Memory Corruption Privilege Escalation Vulnerability,,Apple,2016-04-05,2016-07-20,106
ZDI-16-435,ZDI-CAN-3769,Apple,CVE-2016-4640,4.4,2016-07-20,,Apple OS X WindowServer Heap-Buffer Overflow Privilege Escalation Vulnerability,,Apple,2016-05-20,2016-07-20,61
ZDI-16-434,ZDI-CAN-3687,Apple,CVE-2016-4633,6.9,2016-07-20,,Apple OS X AppleIntelBDWGraphics Memory Corruption Privilege Escalation Vulnerability,,Apple,2016-04-26,2016-07-20,85
ZDI-16-433,ZDI-CAN-3768,Apple,CVE-2016-4641,4.4,2016-07-20,,Apple OS X WindowServer Type Confusion Privilege Escalation Vulnerability,,Apple,2016-05-20,2016-07-20,61
ZDI-16-432,ZDI-CAN-3771,Apple,CVE-2016-4652,3.3,2016-07-20,,Apple OS X WindowServer _XFlushRegion Out-Of-Bounds Read Privilege Escalation Vulnerability,,Apple,2016-06-14,2016-07-20,36
ZDI-16-431,ZDI-CAN-3776,Apple,CVE-2016-4639,4.4,2016-07-20,,Apple OS X WindowServer Memory Corruption Privilege Escalation Vulnerability,,Apple,2016-05-20,2016-07-20,61
ZDI-16-428,ZDI-CAN-3820,Adobe,CVE-2016-4224,6.8,2016-07-12,,Adobe Flash DeleteRangeTimelineOperation Type Confusion Remote Code Execution Vulnerability,,Adobe,2016-06-06,2016-07-12,36
ZDI-16-427,ZDI-CAN-3819,Adobe,CVE-2016-4225,6.8,2016-07-12,,Adobe Flash AdBreakPlacement Type Confusion Remote Code Execution Vulnerability,,Adobe,2016-06-06,2016-07-12,36
ZDI-16-426,ZDI-CAN-3744,Adobe,CVE-2016-4174,6.8,2016-07-12,,Adobe Flash StyleSheet Use-After-Free Remote Code Execution Vulnerability,,Adobe,2016-05-09,2016-07-12,64
ZDI-16-425,ZDI-CAN-3780,Adobe,CVE-2016-4222,6.8,2016-07-12,,Adobe Flash PrintJob printAsBitmap Use-After-Free Remote Code Execution Vulnerability,,Adobe,2016-05-26,2016-07-12,47
ZDI-16-424,ZDI-CAN-3818,Adobe,CVE-2016-4223,6.8,2016-07-12,,Adobe Flash AdTimelineItem Type Confusion Remote Code Execution Vulnerability,,Adobe,2016-06-06,2016-07-12,36
ZDI-16-423,ZDI-CAN-3656,Adobe,CVE-2016-4191,4.3,2016-07-12,,Adobe Reader DC JPEG2000 Out-Of-Bounds Read Information Disclosure Vulnerability,,Adobe,2016-04-07,2016-07-12,96
ZDI-16-422,ZDI-CAN-3731,Adobe,CVE-2016-4198,6.8,2016-07-12,,Adobe Reader DC XSLT value-of Out-Of-Bounds Write Remote Code Execution Vulnerability,,Adobe,2016-04-28,2016-07-12,75
ZDI-16-421,ZDI-CAN-3805,Adobe,CVE-2016-4251,4.3,2016-07-12,,Adobe Reader DC FlateDecode Parsing Out-Of-Bounds Read Information Disclosure Vulnerability,,Adobe,2016-06-06,2016-07-12,36
ZDI-16-420,ZDI-CAN-3663,Adobe,CVE-2016-4255,6.8,2016-07-12,,Adobe Reader DC FlateDecode Use-After-Free Remote Code Execution Vulnerability,,Adobe,2016-04-07,2016-07-12,96
ZDI-16-419,ZDI-CAN-3737,Adobe,CVE-2016-4200,6.8,2016-07-12,,Adobe Reader DC copy-of XSLT Out-Of-Bounds Write Remote Code Execution Vulnerability,,Adobe,2016-04-28,2016-07-12,75
ZDI-16-418,ZDI-CAN-3736,Adobe,CVE-2016-4195,6.8,2016-07-12,,Adobe Reader DC choose XSLT Out-Of-Bounds Write Remote Code Execution Vulnerability,,Adobe,2016-04-28,2016-07-12,75
ZDI-16-417,ZDI-CAN-3738,Adobe,CVE-2016-4199,6.8,2016-07-12,,Adobe Reader DC for-each XSLT Out-Of-Bounds Write Remote Code Execution Vulnerability,,Adobe,2016-04-28,2016-07-12,75
ZDI-16-416,ZDI-CAN-3735,Adobe,CVE-2016-4196,6.8,2016-07-12,,Adobe Reader DC if XSLT Out-Of-Bounds Write Remote Code Execution Vulnerability,,Adobe,2016-04-28,2016-07-12,75
ZDI-16-415,ZDI-CAN-3734,Adobe,CVE-2016-4197,6.8,2016-07-12,,Adobe Reader DC apply-templates XSLT Out-Of-Bounds Write Remote Code Execution Vulnerability,,Adobe,2016-04-28,2016-07-12,75
ZDI-16-414,ZDI-CAN-3762,Adobe,CVE-2016-4202,6.8,2016-07-12,,Adobe Reader DC number XSLT Out-Of-Bounds Write Remote Code Execution Vulnerability,,Adobe,2016-05-09,2016-07-12,64
ZDI-16-413,ZDI-CAN-3750,Microsoft,CVE-2016-3271,5.0,2016-07-12,,Microsoft Chakra ArrayBuffer.transfer Uninitialized Buffer Information Leak Vulnerability,,Microsoft,2016-05-03,2016-07-12,70
ZDI-16-412,ZDI-CAN-3747,Microsoft,CVE-2016-3264,6.8,2016-07-12,,Microsoft Edge CGeolocationManager Use-After-Free Remote Code Execution Vulnerability,,Microsoft,2016-05-05,2016-07-12,68
ZDI-16-411,ZDI-CAN-3691,Microsoft,CVE-2016-3246,5.1,2016-07-12,,Microsoft Edge InjectHtmlStream Memory Corruption Remote Code Execution Vulnerability,,Microsoft,2016-04-07,2016-07-12,96
ZDI-16-410,ZDI-CAN-3668,Microsoft,CVE-2016-3242,6.8,2016-07-12,,Microsoft Internet Explorer CTableLayout AddRow Out-Of-Bounds Read Remote Code Execution Vulnerability,,Microsoft,2016-04-07,2016-07-12,96
ZDI-16-409,ZDI-CAN-3667,Microsoft,CVE-2016-3241,6.8,2016-07-12,,Microsoft Internet Explorer CTableRowCellsCollectionCacheItem Out-Of-Bounds Read Remote Code Execution Vulnerability,,Microsoft,2016-04-07,2016-07-12,96
ZDI-16-372,ZDI-CAN-3622,Microsoft,CVE-2016-3231,6.9,2016-06-22,,(Pwn2Own) Microsoft Windows Diagnostics Hub Standard Collector Directory Traversal Privilege Escalation Vulnerability,,Microsoft,2016-03-17,2016-06-22,97
ZDI-16-371,ZDI-CAN-3665,Microsoft,CVE-2016-3222,6.8,2016-06-22,,Microsoft Edge CBaseScriptable PrivateQueryInterface Uninitialized Memory Remote Code Execution Vulnerability,,Microsoft,2016-04-07,2016-06-22,76
ZDI-16-370,ZDI-CAN-3810,Microsoft,CVE-2016-3215,4.3,2016-06-22,,Microsoft Windows PDF Library JPEG2000 COD Out-Of-Bounds Read Information Disclosure Vulnerability,,Microsoft,2016-05-31,2016-06-22,22
ZDI-16-369,ZDI-CAN-3811,Microsoft,CVE-2016-3203,4.3,2016-06-22,,Microsoft Windows PDF Library AES Encryption Out-Of-Bounds Read Information Disclosure Vulnerability,,Microsoft,2016-05-31,2016-06-22,22
ZDI-16-368,ZDI-CAN-3651,Microsoft,CVE-2016-3199,6.8,2016-06-16,,Microsoft Edge JavaScript map Method Out-Of-Bounds Write Remote Code Execution Vulnerability,,Microsoft,2016-04-01,2016-06-16,76
ZDI-16-367,ZDI-CAN-3650,Microsoft,CVE-2016-3199,6.8,2016-06-16,,Microsoft Edge JavaScript filter Method Out-Of-Bounds Write Remote Code Execution Vulnerability,,Microsoft,2016-04-01,2016-06-16,76
ZDI-16-366,ZDI-CAN-3539,Microsoft,CVE-2016-3211,6.9,2016-06-16,,Microsoft Internet Explorer PerformDoDragDrop Protected Mode Sandbox Escape Vulnerability,,Microsoft,2016-02-01,2016-06-16,136
ZDI-16-365,ZDI-CAN-3666,Microsoft,CVE-2016-0200,6.8,2016-06-15,,Microsoft Internet Explorer s_DestroyLinkCallback Use-After-Free Remote Code Execution Vulnerability,,Microsoft,2016-04-07,2016-06-15,69
ZDI-16-361,ZDI-CAN-3605,Apple,CVE-2016-1796,6.8,2016-05-27,,(Pwn2Own) Apple OS X libATSServer Heap-based Buffer Overflow Remote Code Execution Vulnerability,,Apple,2016-03-16,2016-05-27,72
ZDI-16-360,ZDI-CAN-3606,Apple,CVE-2016-1797,4.6,2016-05-27,,(Pwn2Own) Apple OS X fontd Sandbox Escape Vulnerability,,Apple,2016-03-16,2016-05-27,72
ZDI-16-359,ZDI-CAN-3699,Adobe,CVE-2016-1094,6.8,2016-05-26,,Adobe Reader DC FlateDecode Use-After-Free Remote Code Execution Vulnerability,,Adobe,2016-04-14,2016-05-26,42
ZDI-16-358,ZDI-CAN-3611,Apple,CVE-2016-1804,4.4,2016-05-26,,(Pwn2Own) Apple OS X WindowServer Use-After-Free Privilege Escalation Vulnerability,,Apple,2016-03-16,2016-05-26,71
ZDI-16-355,ZDI-CAN-3660,Microsoft,CVE-2016-0186,6.8,2016-05-24,,Microsoft Edge JavaScript unshift Method Uninitialized Memory Remote Code Execution Vulnerability,,Microsoft,2016-04-01,2016-05-24,53
ZDI-16-352,ZDI-CAN-3610,Apple,CVE-2016-1859,6.8,2016-05-20,,(Pwn2Own) Apple Safari GraphicsContext Use-After-Free Remote Code Execution Vulnerability,,Apple,2016-03-16,2016-05-20,65
ZDI-16-347,ZDI-CAN-3603,Apple,CVE-2016-1820,6.9,2016-05-19,,Apple OS X IOAudioFamily Buffer Overflow Privilege Escalation Vulnerability,,Apple,2016-03-11,2016-05-19,69
ZDI-16-346,ZDI-CAN-3607,Apple,CVE-2016-1806,7.2,2016-05-19,,(Pwn2Own) Apple OS X SubmitDiagInfo Arbitrary Directory Creation Privilege Escalation Vulnerability,,Apple,2016-03-16,2016-05-19,64
ZDI-16-345,ZDI-CAN-3620,Apple,CVE-2016-1815,6.9,2016-05-19,,(Pwn2Own) Apple OS X IntelAccelerator Out-Of-Bounds Indexing Privilege Escalation Vulnerability,,Apple,2016-03-16,2016-05-19,64
ZDI-16-344,ZDI-CAN-3564,Apple,CVE-2016-1826,6.9,2016-05-19,,Apple OS X DTrace Privilege Escalation Vulnerability,,Apple,2016-02-12,2016-05-19,97
ZDI-16-343,ZDI-CAN-3619,Apple,CVE-2016-1857,6.8,2016-05-19,,(Pwn2Own) Apple Safari ArrayStorage DFG Optimization Use-After-Free Remote Code Execution Vulnerability,,Apple,2016-03-16,2016-05-19,64
ZDI-16-342,ZDI-CAN-3604,Apple,CVE-2016-1856,6.8,2016-05-19,,(Pwn2Own) Apple Safari TextTrack Object Use-After-Free Remote Code Execution Vulnerability,,Apple,2016-03-16,2016-05-19,64
ZDI-16-341,ZDI-CAN-3576,Apple,CVE-2016-1854,6.8,2016-05-19,,Apple Safari DataCue Use-After-Free Remote Code Execution Vulnerability,,Apple,2016-03-11,2016-05-19,69
ZDI-16-340,ZDI-CAN-3536,Apple,CVE-2016-1817,6.9,2016-05-19,,Apple OS X IOAcceleratorFamily2 Buffer Overflow Privilege Escalation Vulnerability,,Apple,2016-02-04,2016-05-19,105
ZDI-16-339,ZDI-CAN-3565,Apple,CVE-2016-1803,6.9,2016-05-19,,Apple OS X IOKit CoreCaptureResponder Privilege Escalation Vulnerability,,Apple,2016-02-12,2016-05-19,97
ZDI-16-338,ZDI-CAN-3658,Microsoft,CVE-2016-0186,6.8,2016-05-18,,Microsoft Edge JavaScript shift Method Uninitialized Memory Remote Code Execution Vulnerability,,Microsoft,2016-04-01,2016-05-18,47
ZDI-16-329,ZDI-CAN-3633,Adobe,CVE-2016-1095,4.3,2016-05-10,,Adobe Reader DC JPEG2000 Out-of-Bounds Read Information DIsclosure Vulnerability,,Adobe,2016-03-29,2016-05-10,42
ZDI-16-328,ZDI-CAN-3602,Adobe,CVE-2016-1094,6.8,2016-05-10,,Adobe Reader DC FlateDecode Use-After-Free Remote Code Execution Vulnerability,,Adobe,2016-03-29,2016-05-10,42
ZDI-16-327,ZDI-CAN-3571,Adobe,CVE-2016-1080,4.3,2016-05-10,,Adobe Acrobat Pro DC ImageConversion TIFF TAGTYPE Parsing Out-Of-Bounds Read Information Disclosure Vulnerability,,Adobe,2016-02-16,2016-05-10,84
ZDI-16-326,ZDI-CAN-3569,Adobe,CVE-2016-1079,4.3,2016-05-10,,Adobe Acrobat Pro DC app.removeToolButton Information Disclosure Vulnerability,,Adobe,2016-02-09,2016-05-10,91
ZDI-16-325,ZDI-CAN-3540,Adobe,CVE-2016-1078,4.3,2016-05-10,,Adobe Acrobat Reader DC JPEG2000 ihdr Out-Of-Bounds Read Information Disclosure Vulnerability,,Adobe,2016-02-08,2016-05-10,92
ZDI-16-324,ZDI-CAN-3557,Adobe,CVE-2016-1076,4.3,2016-05-10,,Adobe Acrobat Pro DC ImageConversion JPEG Parsing Out-Of-Bounds Read Information Disclosure Vulnerability,,Adobe,2016-02-04,2016-05-10,96
ZDI-16-323,ZDI-CAN-3520,Adobe,CVE-2016-1075,6.8,2016-05-10,,Adobe Reader DC XObject Image Parsing Use-After-Free Remote Code Execution Vulnerability,,Adobe,2016-02-04,2016-05-10,96
ZDI-16-322,ZDI-CAN-3522,Adobe,CVE-2016-1074,6.8,2016-05-10,,Adobe Reader DC U3D Parsing Out-Of-Bound Write Remote Code Execution Vulnerability,,Adobe,2016-02-04,2016-05-10,96
ZDI-16-321,ZDI-CAN-3508,Adobe,CVE-2016-1073,6.8,2016-05-10,,Adobe Reader DC XFA Uninitialized Pointer Remote Code Execution Vulnerability,,Adobe,2016-02-04,2016-05-10,96
ZDI-16-320,ZDI-CAN-3507,Adobe,CVE-2016-1072,4.3,2016-05-10,,Adobe Reader DC XFA Page Array Out-Of-Bounds Read Information Disclosure Vulnerability,,Adobe,2016-02-04,2016-05-10,96
ZDI-16-319,ZDI-CAN-3541,Adobe,CVE-2016-1071,4.3,2016-05-10,,Adobe Reader DC U3D Out-Of-Bounds Read Information Disclosure Vulnerability,,Adobe,2016-02-04,2016-05-10,96
ZDI-16-318,ZDI-CAN-3534,Adobe,CVE-2016-1070,6.8,2016-05-10,,Adobe Acrobat Pro DC Share For Comments Use-After-Free Remote Code Execution Vulnerability,,Adobe,2016-01-26,2016-05-10,105
ZDI-16-317,ZDI-CAN-3523,Adobe,CVE-2016-1069,6.8,2016-05-10,,Adobe Acrobat Pro DC Calculate field action Use-After-Free Remote Code Execution Vulnerability,,Adobe,2016-01-26,2016-05-10,105
ZDI-16-316,ZDI-CAN-3527,Adobe,CVE-2016-1068,6.8,2016-05-10,,Adobe Acrobat Pro DC Text field Validate action Use-After-Free Remote Code Execution Vulnerability,,Adobe,2016-01-26,2016-05-10,105
ZDI-16-315,ZDI-CAN-3524,Adobe,CVE-2016-1067,6.8,2016-05-10,,Adobe Acrobat Pro DC ComboBox field Format action Use-After-Free Remote Code Execution Vulnerability,,Adobe,2016-01-26,2016-05-10,105
ZDI-16-314,ZDI-CAN-3429,Apple,CVE-2016-1766,10.0,2016-05-10,,Apple iOS MDM Profile Signing Bypass,,Apple,2015-12-03,2016-05-10,159
ZDI-16-313,ZDI-CAN-3519,Adobe,CVE-2016-1066,6.8,2016-05-10,,Adobe Acrobat Pro DC ListBox Selection Change action Use-After-Free Remote Code Execution Vulnerability,,Adobe,2016-01-26,2016-05-10,105
ZDI-16-312,ZDI-CAN-3517,Adobe,CVE-2016-1065,6.8,2016-05-10,,Adobe Acrobat Pro DC FileAttachment point Use-After-Free Remote Code Execution Vulnerability,,Adobe,2016-01-26,2016-05-10,105
ZDI-16-311,ZDI-CAN-3410,Adobe,CVE-2016-1063,6.8,2016-05-10,,Adobe Reader DC JPEG2000 Out-Of-Bounds Read Remote Code Execution Vulnerability,,Adobe,2016-01-12,2016-05-10,119
ZDI-16-310,ZDI-CAN-3491,Adobe,CVE-2016-1062,6.8,2016-05-10,,Adobe Acrobat Pro DC WillClose JavaScript API Restrictions Bypass Remote Code Execution Vulnerability,,Adobe,2016-01-05,2016-05-10,126
ZDI-16-309,ZDI-CAN-3494,Adobe,CVE-2016-1061,6.8,2016-05-10,,Adobe Reader DC Global setPersistent Use-After-Free Remote Code Execution Vulnerability,,Adobe,2016-01-05,2016-05-10,126
ZDI-16-308,ZDI-CAN-3483,Adobe,CVE-2016-1060,6.8,2016-05-10,,Adobe Reader DC MenuEventHandler Use-After-Free Remote Code Execution Vulnerability,,Adobe,2015-12-22,2016-05-10,140
ZDI-16-307,ZDI-CAN-3485,Adobe,CVE-2016-1059,6.8,2016-05-10,,Adobe Reader DC ExtendScript ScriptProxy Use-After-Free Remote Code Execution Vulnerability,,Adobe,2015-12-22,2016-05-10,140
ZDI-16-306,ZDI-CAN-3486,Adobe,CVE-2016-1058,6.8,2016-05-10,,Adobe Reader DC ToolEventHandler Use-After-Free Remote Code Execution Vulnerability,,Adobe,2015-12-22,2016-05-10,140
ZDI-16-305,ZDI-CAN-3484,Adobe,CVE-2016-1057,6.8,2016-05-10,,Adobe Reader DC ScrollWheelEventHandler Use-After-Free Remote Code Execution Vulnerability,,Adobe,2015-12-22,2016-05-10,140
ZDI-16-304,ZDI-CAN-3482,Adobe,CVE-2016-1056,6.8,2016-05-10,,Adobe Reader DC RenderEventHandler Use-After-Free Remote Code Execution Vulnerability,,Adobe,2015-12-22,2016-05-10,140
ZDI-16-303,ZDI-CAN-3477,Adobe,CVE-2016-1055,6.8,2016-05-10,,Adobe Acrobat Pro DC execDialog Use-After-Free Remote Code Execution Vulnerability,,Adobe,2015-12-22,2016-05-10,140
ZDI-16-302,ZDI-CAN-3479,Adobe,CVE-2016-1054,6.8,2016-05-10,,Adobe Acrobat Pro DC WillSave OCG Use-After-Free Remote Code Execution Vulnerability,,Adobe,2015-12-22,2016-05-10,140
ZDI-16-301,ZDI-CAN-3478,Adobe,CVE-2016-1053,6.8,2016-05-10,,Adobe Acrobat Pro DC listbox value Use-After-Free Remote Code Execution Vulnerability,,Adobe,2015-12-22,2016-05-10,140
ZDI-16-300,ZDI-CAN-3476,Adobe,CVE-2016-1052,6.8,2016-05-10,,Adobe Acrobat Pro DC fillColor Use-After-Free Remote Code Execution Vulnerability,,Adobe,2015-12-22,2016-05-10,140
ZDI-16-299,ZDI-CAN-3475,Adobe,CVE-2016-1051,6.8,2016-05-10,,Adobe Acrobat Pro DC WillSave Action Use-After-Free Remote Code Execution Vulnerability,,Adobe,2015-12-22,2016-05-10,140
ZDI-16-298,ZDI-CAN-3474,Adobe,CVE-2016-1050,6.8,2016-05-10,,Adobe Acrobat Pro DC Close Page Action Use-After-Free Remote Code Execution Vulnerability,,Adobe,2015-12-22,2016-05-10,140
ZDI-16-297,ZDI-CAN-3480,Adobe,CVE-2016-1049,6.8,2016-05-10,,Adobe Reader DC XFA preOpen Event Use-After-Free Remote Code Execution Vulnerability,,Adobe,2015-12-22,2016-05-10,140
ZDI-16-296,ZDI-CAN-3481,Adobe,CVE-2016-1048,6.8,2016-05-10,,Adobe Reader DC XFA Page prePrint Event Use-After-Free Remote Code Execution Vulnerability,,Adobe,2015-12-22,2016-05-10,140
ZDI-16-295,ZDI-CAN-3487,Adobe,CVE-2016-1047,6.8,2016-05-10,,Adobe Acrobat Pro DC Signature signatureSetSeed Use-After-Free Remote Code Execution Vulnerability,,Adobe,2015-12-22,2016-05-10,140
ZDI-16-294,ZDI-CAN-3464,Adobe,CVE-2016-1046,6.8,2016-05-10,,Adobe Reader DC XFA prePrint Use-After-Free Remote Code Execution Vulnerability,,Adobe,2015-12-15,2016-05-10,147
ZDI-16-293,ZDI-CAN-3451,Adobe,CVE-2016-1045,6.8,2016-05-10,,Adobe Reader DC XFAFormInstanceManager Use-After-Free Remote Code Execution Vulnerability,,Adobe,2015-12-15,2016-05-10,147
ZDI-16-292,ZDI-CAN-3424,Adobe,CVE-2016-1038,6.8,2016-05-10,,Adobe Acrobat Reader DC CBSharedReviewSecurityDialog Javascript API Restrictions Bypass Vulnerability,,Adobe,2015-12-01,2016-05-10,161
ZDI-16-291,ZDI-CAN-3423,Adobe,CVE-2016-1044,6.8,2016-05-10,,Adobe Acrobat Reader DC CBSharedReviewIfOfflineDialog Javascript API Restrictions Bypass Vulnerability,,Adobe,2015-12-01,2016-05-10,161
ZDI-16-290,ZDI-CAN-3426,Adobe,CVE-2016-1039,6.8,2016-05-10,,Adobe Acrobat Reader DC CBSharedReviewCloseDialog Javascript API Restrictions Bypass Vulnerability,,Adobe,2015-12-01,2016-05-10,161
ZDI-16-289,ZDI-CAN-3428,Adobe,CVE-2016-1040,6.8,2016-05-10,,Adobe Acrobat Reader DC Net.HTTP.runTaskSet Javascript API Restrictions Bypass Vulnerability,,Adobe,2015-12-01,2016-05-10,161
ZDI-16-288,ZDI-CAN-3427,Adobe,CVE-2016-1041,6.8,2016-05-10,,Adobe Acrobat Reader DC ANAuthenticateResource Javascript API Restrictions Bypass Vulnerability,,Adobe,2015-12-01,2016-05-10,161
ZDI-16-287,ZDI-CAN-3425,Adobe,CVE-2016-1042,6.8,2016-05-10,,Adobe Acrobat Reader DC ANProxyAuthenticateResource Javascript API Restrictions Bypass Vulnerability,,Adobe,2015-12-01,2016-05-10,161
ZDI-16-286,ZDI-CAN-3414,Adobe,CVE-2016-1043,6.8,2016-05-10,,Adobe Reader DC XFA FormCalc replace Integer Overflow Remote Code Execution Vulnerability,,Adobe,2015-12-01,2016-05-10,161
ZDI-16-285,ZDI-CAN-3365,Adobe,CVE-2016-1117,6.8,2016-05-10,,Adobe Acrobat Reader DC app.launchURL Command Execution Remote Code Execution Vulnerability,,Adobe,2015-10-20,2016-05-10,203
ZDI-16-284,ZDI-CAN-3627,Microsoft,CVE-2016-0176,6.9,2016-05-10,,(Pwn2Own) Microsoft Windows dxgkrnl Kernel Driver Buffer Overflow Privilege Escalation Vulnerability,,Microsoft,2016-03-12,2016-05-10,59
ZDI-16-283,ZDI-CAN-3626,Microsoft,CVE-2016-0193,6.8,2016-05-10,,(Pwn2Own) Microsoft Edge JavaScript fill Out-Of-Bounds Access Remote Code Execution Vulnerability,,Microsoft,2016-03-12,2016-05-10,59
ZDI-16-282,ZDI-CAN-3621,Microsoft,CVE-2016-0191,6.8,2016-05-10,,(Pwn2Own) Microsoft Edge JavaScript concat Method Uninitialized Memory Remote Code Execution Vulnerability,,Microsoft,2016-03-12,2016-05-10,59
ZDI-16-281,ZDI-CAN-3618,Microsoft,CVE-2016-0175,6.9,2016-05-10,,(Pwn2Own) Microsoft Windows PFFOBJ::bDeleteLoadRef Font Use-After-Free Privilege Escalation Vulnerability,,Microsoft,2016-03-12,2016-05-10,59
ZDI-16-280,ZDI-CAN-3617,Microsoft,CVE-2016-0174,4.9,2016-05-10,,(Pwn2Own) Microsoft Windows NtGdiGetEmbUFI Information Disclosure Vulnerability,,Microsoft,2016-03-12,2016-05-10,59
ZDI-16-279,ZDI-CAN-3615,Microsoft,CVE-2016-0173,6.6,2016-05-10,,(Pwn2Own) Microsoft Windows win32kfull.sys Surface Object Use-After-Free Privilege Escalation Vulnerability,,Microsoft,2016-03-12,2016-05-10,59
ZDI-16-278,ZDI-CAN-3609,Microsoft,CVE-2016-0196,6.9,2016-05-10,,(Pwn2Own) Microsoft Windows xxxEndDeferWindowPosEx Window Use-After-Free Privilege Escalation Vulnerability,,Microsoft,2016-03-12,2016-05-10,59
ZDI-16-277,ZDI-CAN-3568,Microsoft,CVE-2016-0185,6.8,2016-05-10,,Microsoft Windows Media Center .MCL File Remote Code Execution Vulnerability,,Microsoft,2016-02-08,2016-05-10,92
ZDI-16-276,ZDI-CAN-3509,Microsoft,CVE-2016-0192,5.1,2016-05-10,,Microsoft Internet Explorer AcquireLineBoxBuilderForLayout Null Array Base Remote Code Execution Vulnerability,,Microsoft,2016-02-01,2016-05-10,99
ZDI-16-275,ZDI-CAN-3506,Microsoft,CVE-2016-0194,4.7,2016-05-10,,Microsoft Internet Explorer Add-on Installer Enhanced Protected Mode Information Disclosure Vulnerability,,Microsoft,2016-01-19,2016-05-10,112
ZDI-16-273,ZDI-CAN-3431,Adobe,CVE-2016-1111,6.8,2016-04-28,,Adobe Reader DC Graphics State Dictionary Double Free Remote Code Execution Vulnerability,,Adobe,2015-12-01,2016-04-28,149
ZDI-16-243,ZDI-CAN-3594,Google,CVE-2016-1651,4.3,2016-04-15,,Google Chrome Pdfium JPEG2000 Out-Of-Bounds Read Information Disclosure Vulnerability,,Google,2016-03-04,2016-04-15,42
ZDI-16-242,ZDI-CAN-3402,Apple,,6.8,2016-04-14,,(0Day) Apple QuickTime Atom Processing Heap Corruption Remote Code Execution Vulnerability,,Apple,2015-11-11,2016-04-14,155
ZDI-16-241,ZDI-CAN-3401,Apple,,6.8,2016-04-14,,(0Day) Apple QuickTime moov Atom Heap Corruption Remote Code Execution Vulnerability,,Apple,2015-11-11,2016-04-14,155
ZDI-16-235,ZDI-CAN-3543,Adobe,CVE-2016-1034,6.8,2016-04-12,,Adobe Creative Cloud Node.js Remote Code Execution Vulnerability,,Adobe,2016-02-16,2016-04-12,56
ZDI-16-234,ZDI-CAN-3578,Microsoft,CVE-2016-0148,7.5,2016-04-12,,Microsoft .NET Framework mscoreei DLL Planting Remote Code Execution Vulnerability,,Microsoft,2016-03-29,2016-04-12,14
ZDI-16-233,ZDI-CAN-3529,Microsoft,CVE-2016-0158,7.5,2016-04-12,,Microsoft Edge Proxy Object Universal Cross Site Scripting Vulnerability,,Microsoft,2016-01-26,2016-04-12,77
ZDI-16-232,ZDI-CAN-3471,Microsoft,CVE-2016-0157,6.8,2016-04-12,,Microsoft Edge keyframes Out-Of-Bounds Read Remote Code Execution Vulnerability,,Microsoft,2016-01-05,2016-04-12,98
ZDI-16-231,ZDI-CAN-3422,Microsoft,CVE-2016-0159,6.8,2016-04-12,,Microsoft Internet Explorer CTableLayout AddRow Out-Of-Bounds Write Remote Code Execution Vulnerability,,Microsoft,2015-11-24,2016-04-12,140
ZDI-16-230,ZDI-CAN-3404,Microsoft,CVE-2016-0166,6.8,2016-04-12,,Microsoft Internet Explorer CMediaEngine Use-After-Free Remote Code Execution Vulnerability,,Microsoft,2015-11-09,2016-04-12,155
ZDI-16-229,ZDI-CAN-3366,Microsoft,CVE-2015-6065,6.8,2016-04-12,,Microsoft Internet Explorer CAttrValue Double-Free Remote Code Execution Vulnerability,,Microsoft,2015-11-02,2016-04-12,162
ZDI-16-228,ZDI-CAN-3616,Adobe,CVE-2016-1018,6.8,2016-04-08,,(Pwn2Own) Adobe Flash JPEG-XR Parsing Stack Buffer Overflow Remote Code Execution Vulnerability,,Adobe,2016-03-16,2016-04-08,23
ZDI-16-227,ZDI-CAN-3608,Adobe,CVE-2016-1015,6.8,2016-04-08,,(Pwn2Own) Adobe Flash AS2 NetConnection Type Confusion Remote Code Execution Vulnerability,,Adobe,2016-03-16,2016-04-08,23
ZDI-16-226,ZDI-CAN-3613,Adobe,CVE-2016-1016,6.8,2016-04-08,,(Pwn2Own) Adobe Flash AS2 Transform matrix Use-After-Free Remote Code Execution Vulnerability,,Adobe,2016-03-16,2016-04-08,23
ZDI-16-225,ZDI-CAN-3614,Adobe,CVE-2016-1017,6.8,2016-04-08,,(Pwn2Own) Adobe Flash AS2 LoadVars decode Use-After-Free Remote Code Execution Vulnerability,,Adobe,2016-03-16,2016-04-08,23
ZDI-16-224,ZDI-CAN-3623,Google,CVE-2016-1649,6.8,2016-04-08,,Google Chrome libANGLE glGetUniformfv Buffer Overflow Remote Code Execution Vulnerability,,Google,2016-03-16,2016-04-08,23
ZDI-16-207,ZDI-CAN-3315,Apple,CVE-2016-1753,6.9,2016-03-22,,Apple OS X IOGeneralMemoryDescriptor Integer Overflow Privilege Escalation Vulnerability,,Apple,2015-11-02,2016-03-22,141
ZDI-16-206,ZDI-CAN-3530,Apple,CVE-2016-1749,6.9,2016-03-22,,Apple OS X IOUSBInterfaceUserClient Out-Of-Bounds Indexing Privilege Escalation Vulnerability,,Apple,2016-02-04,2016-03-22,47
ZDI-16-205,ZDI-CAN-3453,Apple,CVE-2016-1747,6.9,2016-03-22,,Apple OS X IOGraphicsFamily Untrusted Pointer Dereference Privilege Escalation Vulnerability,,Apple,2015-12-17,2016-03-22,96
ZDI-16-204,ZDI-CAN-3448,Apple,CVE-2016-1775,6.8,2016-03-22,,Apple OS X TTF bdat Out-Of-Bounds Write Remote Code Execution Vulnerability,,Apple,2015-12-17,2016-03-22,96
ZDI-16-203,ZDI-CAN-3420,Apple,CVE-2016-1761,6.8,2016-03-22,,Apple OS X XML Double Free Remote Code Execution Vulnerability,,Apple,2015-12-03,2016-03-22,110
ZDI-16-202,ZDI-CAN-3489,Apple,CVE-2016-1746,6.9,2016-03-22,,Apple OS X IOGraphicsFamily Untrusted Pointer Dereference Privilege Escalation Vulnerability,,Apple,2016-01-05,2016-03-22,77
ZDI-16-201,ZDI-CAN-3460,Apple,CVE-2016-1740,6.8,2016-03-22,,Apple OS X PDF Parsing Remote Code Execution Vulnerability,,Apple,2015-12-17,2016-03-22,96
ZDI-16-200,ZDI-CAN-3449,Apple,CVE-2016-1778,6.8,2016-03-22,,Apple Safari Type Confusion Remote Code Execution Vulnerability,,Apple,2015-12-17,2016-03-22,96
ZDI-16-199,ZDI-CAN-3574,Mozilla,CVE-2016-1961,6.8,2016-03-11,,Mozilla Firefox nsHTMLDocument SetBody Use-After-Free Remote Code Execution Vulnerability,,Mozilla,2016-02-18,2016-03-11,22
ZDI-16-198,ZDI-CAN-3545,Mozilla,CVE-2016-1960,6.8,2016-03-11,,Mozilla Firefox nsHtml5TreeBuilder Array Indexing Remote Code Execution Vulnerability,,Mozilla,2016-02-04,2016-03-11,36
ZDI-16-197,ZDI-CAN-3563,Google,CVE-2016-1645,6.8,2016-03-10,,Google Chrome Pdfium JPEG2000 Out-Of-Bounds Write Remote Code Execution Vulnerability,,Google,2016-02-16,2016-03-10,23
ZDI-16-196,ZDI-CAN-3589,Microsoft,CVE-2016-0095,7.2,2016-03-10,,Microsoft Windows CreateWindowStation Privilege Escalation Vulnerability,,Microsoft,2016-03-03,2016-03-10,7
ZDI-16-195,ZDI-CAN-2916,Microsoft,,6.4,2016-03-10,,Microsoft Internet Explorer Hidden Browser Window Restriction Bypass Vulnerability,,Microsoft,2015-05-06,2016-03-10,309
ZDI-16-194,ZDI-CAN-3469,Adobe,CVE-2016-0994,6.8,2016-03-10,,Adobe Flash AS2 actionCallMethod Use-After-Free Remote Code Execution Vulnerability,,Adobe,2016-01-26,2016-03-10,44
ZDI-16-193,ZDI-CAN-3546,Adobe,CVE-2016-0996,6.8,2016-03-10,,Adobe Flash setInterval Use-After-Free Remote Code Execution Vulnerability,,Adobe,2016-02-02,2016-03-10,37
ZDI-16-192,ZDI-CAN-3413,Adobe,CVE-2016-1005,6.8,2016-03-10,,Adobe Flash MPEG-4 Uninitialized Pointer Remote Code Execution Vulnerability,,Adobe,2015-11-17,2016-03-10,114
ZDI-16-191,ZDI-CAN-3253,Adobe,CVE-2016-1009,6.8,2016-03-08,,Adobe Reader Out-Of-Bounds Indexing Remote Code Execution Vulnerability,,Adobe,2015-09-03,2016-03-08,187
ZDI-16-190,ZDI-CAN-3111,Adobe,CVE-2016-1008,7.5,2016-03-08,,Adobe Acrobat Pro DC DLL Planting Remote Code Execution Vulnerability,,Adobe,2015-08-03,2016-03-08,218
ZDI-16-189,ZDI-CAN-3022,Adobe,CVE-2016-1007,6.8,2016-03-08,,Adobe Reader DC Uninitialized Memory Remote Code Execution Vulnerability,,Adobe,2015-06-30,2016-03-08,252
ZDI-16-188,ZDI-CAN-3492,Microsoft,CVE-2016-0112,4.3,2016-03-08,,Microsoft Internet Explorer setAttribute Use-After-Free Information Disclosure Vulnerability,,Microsoft,2016-01-05,2016-03-08,63
ZDI-16-187,ZDI-CAN-3499,Microsoft,CVE-2016-0114,6.8,2016-03-08,,Microsoft Internet Explorer Input Range Control Use-After-Free Remote Code Execution Vulnerability,,Microsoft,2016-01-07,2016-03-08,61
ZDI-16-186,ZDI-CAN-3472,Microsoft,CVE-2016-0113,6.8,2016-03-08,,Microsoft Internet Explorer CTravelEntry Use-After-Free Remote Code Execution Vulnerability,,Microsoft,2016-01-05,2016-03-08,63
ZDI-16-185,ZDI-CAN-3488,Microsoft,CVE-2016-0112,6.8,2016-03-08,,Microsoft Internet Explorer CAttrArray Type Confusion Remote Code Execution Vulnerability,,Microsoft,2016-01-05,2016-03-08,63
ZDI-16-184,ZDI-CAN-3473,Microsoft,CVE-2016-0109,5.1,2016-03-08,,Microsoft Internet Explorer SNeighborPosition Use-After-Free Remote Code Execution Vulnerability,,Microsoft,2015-12-22,2016-03-08,77
ZDI-16-183,ZDI-CAN-3421,Microsoft,CVE-2016-0107,6.8,2016-03-08,,Microsoft Internet Explorer CTableLayout AddRow Out-Of-Bounds Read Remote Code Execution Vulnerability,,Microsoft,2015-11-24,2016-03-08,105
ZDI-16-182,ZDI-CAN-3433,Microsoft,CVE-2016-0091,6.8,2016-03-08,,Microsoft Windows OleLoadPicture Bitmap Heap Corruption Remote Code Execution Vulnerability,,Microsoft,2015-12-03,2016-03-08,96
ZDI-16-181,ZDI-CAN-3367,Microsoft,CVE-2016-0092,6.8,2016-03-08,,Microsoft Windows OleLoadPicture Heap Corruption Remote Code Execution Vulnerability,,Microsoft,2015-11-24,2016-03-08,105
ZDI-16-180,ZDI-CAN-3455,Microsoft,CVE-2016-0106,4.3,2016-03-08,,Microsoft Internet Explorer CDataset RemoveItem Use-After-Free Information Disclosure Vulnerability,,Microsoft,2015-12-07,2016-03-08,92
ZDI-16-179,ZDI-CAN-3419,Microsoft,CVE-2016-0106,4.3,2016-03-08,,Microsoft Internet Explorer CDataset SetItem Use-After-Free Information Disclosure Vulnerability,,Microsoft,2015-11-24,2016-03-08,105
ZDI-16-178,ZDI-CAN-3411,Microsoft,CVE-2016-0123,6.8,2016-03-08,,Microsoft Edge GetLineBoxForReuse Out-Of-Bounds Read Remote Code Execution Vulnerability,,Microsoft,2015-11-24,2016-03-08,105
ZDI-16-177,ZDI-CAN-3408,Microsoft,CVE-2016-0118,5.1,2016-03-08,,Microsoft Edge CAsyncTpWorker Use-After-Free Remote Code Execution Vulnerability,,Microsoft,2015-11-12,2016-03-08,117
ZDI-16-172,ZDI-CAN-3447,Google,CVE-2016-1628,6.8,2016-02-18,,Google Chrome Pdfium JPEG2000 Out-Of-Bounds Read Remote Code Execution Vulnerability,,Google,2015-12-21,2016-02-18,59
ZDI-16-171,ZDI-CAN-3432,Google,CVE-2016-1626,6.8,2016-02-18,,Google Chrome Pdfium JPEG2000 Out-Of-Bounds Read Remote Code Execution Vulnerability,,Google,2015-12-21,2016-02-18,59
ZDI-16-166,ZDI-CAN-3403,Microsoft,CVE-2016-0063,6.8,2016-02-10,,Microsoft Internet Explorer DOMImplementation Remote Code Execution Vulnerability,,Microsoft,2015-11-05,2016-02-10,97
ZDI-16-165,ZDI-CAN-3368,Microsoft,CVE-2016-0060,5.1,2016-02-10,,Microsoft Edge Text Node Type Confusion Remote Code Execution Vulnerability,,Microsoft,2015-11-02,2016-02-10,100
ZDI-16-162,ZDI-CAN-3375,Microsoft,CVE-2016-0061,6.8,2016-02-09,,Microsoft Internet Explorer HTML form Element Type Confusion Remote Code Execution Vulnerability,,Microsoft,2015-11-05,2016-02-09,96
ZDI-16-161,ZDI-CAN-3430,Adobe,CVE-2016-0973,6.8,2016-02-09,,Adobe Flash URLRequest Use-After-Free Remote Code Execution Vulnerability,,Adobe,2015-12-03,2016-02-09,68
ZDI-16-160,ZDI-CAN-3452,Adobe,CVE-2016-0975,6.8,2016-02-09,,Adobe Flash instanceof Use-After-Free Remote Code Execution Vulnerability,,Adobe,2015-12-08,2016-02-09,63
ZDI-16-159,ZDI-CAN-3405,Microsoft,CVE-2016-0060,6.8,2016-02-09,,Microsoft Internet Explorer CAttrArray Use-After-Free Remote Code Execution Vulnerability,,Microsoft,2015-11-09,2016-02-09,92
ZDI-16-158,ZDI-CAN-3374,Microsoft,CVE-2016-0062,6.8,2016-02-09,,Microsoft Internet Explorer CACPWrap Use-After-Free Remote Code Execution Vulnerability,,Microsoft,2015-11-05,2016-02-09,96
ZDI-16-157,ZDI-CAN-3297,Microsoft,CVE-2016-0072,6.8,2016-02-09,,Microsoft Internet Explorer CSVGAnimatedAngle Use-After-Free Remote Code Execution Vulnerability,,Microsoft,2015-09-17,2016-02-09,145
ZDI-16-156,ZDI-CAN-3252,Microsoft,CVE-2016-0046,6.8,2016-02-09,,Microsoft Reader Uninitialized Pointer Remote Code Execution Vulnerability,,Microsoft,2015-09-13,2016-02-09,149
ZDI-16-020,ZDI-CAN-3316,Apple,CVE-2016-1718,6.9,2016-01-22,,Apple OS X IOAcceleratorFamily2 Out-Of-Bounds Indexing Privilege Escalation Vulnerability,,Apple,2015-11-02,2016-01-22,81
ZDI-16-019,ZDI-CAN-3329,Microsoft,CVE-2016-0003,4.3,2016-01-12,,Microsoft Edge TextData Type Confusion Information Disclosure Vulnerability,,Microsoft,2015-10-08,2016-01-12,96
ZDI-16-018,ZDI-CAN-3330,Microsoft,CVE-2016-0020,4.4,2016-01-12,,Microsoft Internet Explorer NewMessage Protected Mode Sandbox Escape Vulnerability,,Microsoft,2015-10-08,2016-01-12,96
ZDI-16-017,ZDI-CAN-3273,Adobe,CVE-2016-0935,6.8,2016-01-12,,Adobe Reader Graphics State Parameter Dictionary Double Free Remote Code Execution Vulnerability,,Adobe,2015-09-03,2016-01-12,131
ZDI-16-016,ZDI-CAN-3250,Adobe,CVE-2016-0934,6.8,2016-01-12,,Adobe Reader DC AGM Use-After-Free Remote Code Execution Vulnerability,,Adobe,2015-09-01,2016-01-12,133
ZDI-16-015,ZDI-CAN-3264,Adobe,CVE-2016-0939,6.8,2016-01-12,,Adobe Acrobat Reader DC Uninitialized Memory Remote Code Execution Vulnerability,,Adobe,2015-09-24,2016-01-12,110
ZDI-16-014,ZDI-CAN-3254,Adobe,CVE-2016-0936,6.8,2016-01-12,,Adobe Reader JPEG2000 Out-Of-Bounds Indexing Remote Code Execution Vulnerability,,Adobe,2015-09-03,2016-01-12,131
ZDI-16-013,ZDI-CAN-3265,Adobe,CVE-2016-0938,6.8,2016-01-12,,Adobe Reader DC Forms Out-Of-Bounds Read Remote Code Execution Vulnerability,,Adobe,2015-09-15,2016-01-12,119
ZDI-16-012,ZDI-CAN-3362,Adobe,CVE-2016-0943,6.8,2016-01-12,,Adobe Reader DC Global Javascript API Restrictions Bypass Vulnerability,,Adobe,2015-10-15,2016-01-12,89
ZDI-16-011,ZDI-CAN-3312,Adobe,CVE-2016-0937,6.8,2016-01-12,,Adobe Acrobat Pro DC OCG Use-After-Free Remote Code Execution Vulnerability,,Adobe,2015-09-15,2016-01-12,119
ZDI-16-010,ZDI-CAN-3336,Adobe,CVE-2016-0941,6.8,2016-01-12,,Adobe Acrobat Reader DC Search Query Use-After-Free Remote Code Execution Vulnerability,,Adobe,2015-10-01,2016-01-12,103
ZDI-16-009,ZDI-CAN-3021,Adobe,CVE-2016-0931,6.8,2016-01-12,,Adobe Reader DC FileAttachment point Use-After-Free Remote Code Execution Vulnerability,,Adobe,2015-06-25,2016-01-12,201
ZDI-16-008,ZDI-CAN-3074,Adobe,CVE-2016-0932,6.8,2016-01-12,,Adobe Acrobat Reader DC Doc Use-After-Free Remote Code Execution Vulnerability,,Adobe,2015-07-27,2016-01-12,169
ZDI-16-002,ZDI-CAN-3337,Apple,CVE-2015-7092,7.5,2016-01-08,,Apple QuickTime ID3 Tag Heap Buffer Overflow Remote Code Execution Vulnerability,,Apple,2015-10-06,2016-01-08,94
ZDI-17-1016,ZDI-CAN-5321,Microsoft,CVE-2017-11889,6.8,2018-04-16,2018-04-16,Microsoft Chakra Typed Array JIT Optimization Use-After-Free Remote Code Execution Vulnerability,,Microsoft,2017-11-07,2018-04-16,160
ZDI-17-1015,ZDI-CAN-5215,Microsoft,CVE-2017-11837,6.8,2018-03-23,2018-03-23,Microsoft Windows JavaScript Typed Array JIT Optimization Use-After-Free Remote Code Execution Vulnerability,,Microsoft,2017-10-03,2018-03-23,171
ZDI-17-1014,ZDI-CAN-5315,Microsoft,CVE-2017-11835,2.6,2018-03-07,2018-03-07,Microsoft Windows Font Embedding Out-Of-Bounds Read Information Disclosure Vulnerability,,Microsoft,2017-11-07,2018-03-07,120
ZDI-17-1013,ZDI-CAN-5154,Adobe,CVE-2017-11308,6.8,2018-03-07,2018-03-07,Adobe Acrobat Pro DC ImageConversion EMF BMP Parsing Heap-based Buffer Overflow Remote Code Execution Vulnerability,,Adobe,2017-10-26,2018-03-07,132
ZDI-17-1012,ZDI-CAN-5148,Adobe,CVE-2017-11240,2.6,2018-03-06,2018-03-06,Adobe Acrobat Pro DC ImageConversion EMF JPEG Parsing Out-Of-Bounds Read Information Disclosure Vulnerability,,Adobe,2017-10-26,2018-03-06,131
ZDI-17-1011,ZDI-CAN-5146,Adobe,CVE-2017-11307,2.6,2018-03-06,2018-03-06,Adobe Acrobat Pro DC ImageConversion EMF GIF Parsing Out-Of-Bounds Read Information Disclosure Vulnerability,,Adobe,2017-10-26,2018-03-06,131
ZDI-17-1010,ZDI-CAN-5317,Microsoft,CVE-2017-11835,2.6,2018-03-06,2018-03-06,Microsoft Windows Font Embedding Out-Of-Bounds Read Information Disclosure Vulnerability,,Microsoft,2017-11-07,2018-03-06,119
ZDI-17-998,ZDI-CAN-5139,Adobe,CVE-2017-11213,6.8,2017-12-20,,Adobe Flash Player BitmapData hitTest Out-Of-Bounds Access Remote Code Execution Vulnerability,,Adobe,2017-09-05,2017-12-20,106
ZDI-17-997,ZDI-CAN-5075,Adobe,CVE-2017-3114,6.8,2017-12-20,,Adobe Flash LocaleID determinePreferredLocales Out-Of-Bounds Read Remote Code Execution Vulnerability,,Adobe,2017-08-04,2017-12-20,138
ZDI-17-996,ZDI-CAN-5074,Adobe,CVE-2017-3112,6.8,2017-12-20,,Adobe Flash NetworkConfiguration addCustomHeader Out-Of-Bounds Read Remote Code Execution Vulnerability,,Adobe,2017-08-04,2017-12-20,138
ZDI-17-948,ZDI-CAN-5242,Microsoft,CVE-2017-11901,7.5,2017-12-12,,Microsoft Windows JavaScript Array JIT Optimization Type Confusion Remote Code Execution Vulnerability,,Microsoft,2017-10-03,2017-12-12,70
ZDI-17-947,ZDI-CAN-5243,Microsoft,CVE-2017-11913,4.3,2017-12-12,,Microsoft Windows VBScript VT_BSTR Use-After-Free Information Disclosure Vulnerability,,Microsoft,2017-10-03,2017-12-12,70
ZDI-17-946,ZDI-CAN-5111,Microsoft,CVE-2017-11887,5.0,2017-12-12,,Microsoft Windows VBScript VT_BSTR Use-After-Free Information Disclosure Vulnerability,,Microsoft,2017-09-01,2017-12-12,102
ZDI-17-945,ZDI-CAN-5110,Microsoft,CVE-2017-11887,4.3,2017-12-12,,Microsoft Windows VBScript Join Function Use-After-Free Information Disclosure Vulnerability,,Microsoft,2017-09-01,2017-12-12,102
ZDI-17-941,ZDI-CAN-5203,Adobe,CVE-2017-11250,4.3,2018-01-10,,Adobe Acrobat Pro DC ImageConversion EMF EMR_ALPHABLEND Out-Of-Bounds Read Information Disclosure Vulnerability,,Adobe,2017-09-26,2018-01-10,106
ZDI-17-929,ZDI-CAN-5320,Microsoft,CVE-2017-11884,6.8,2017-12-06,,Microsoft Office Excel XLS File Parsing Use-After-Free Remote Code Execution Vulnerability,,Microsoft,2017-11-07,2017-12-06,29
ZDI-17-928,ZDI-CAN-5114,Microsoft,CVE-2017-11812,7.5,2017-12-06,,Microsoft Chakra asm.js ArrayBuffer Use-After-Free Remote Code Execution Vulnerability,,Microsoft,2017-09-05,2017-12-06,92
ZDI-17-927,ZDI-CAN-4756,Adobe,CVE-2017-16369,4.3,2017-11-21,,Adobe Acrobat Pro DC iframe Same Origin Policy Bypass Information Disclosure Vulnerability,,Adobe,2017-06-22,2017-11-21,152
ZDI-17-926,ZDI-CAN-4891,Adobe,CVE-2017-11304,4.3,2017-11-20,,Adobe Photoshop JPEG2000 Use-After-Free Information Disclosure Vulnerability,,Adobe,2017-07-06,2017-11-20,137
ZDI-17-925,ZDI-CAN-4927,Apple,CVE-2017-13833,4.4,2017-11-20,,Apple macOS nsurlstoraged Integer Overflow Privilege Escalation Vulnerability,,Apple,2017-06-22,2017-11-20,151
ZDI-17-924,ZDI-CAN-4908,Apple,CVE-2017-13829,4.4,2017-11-20,,Apple macOS nsurlstoraged Heap-based Buffer Overflow Privilege Escalation Vulnerability,,Apple,2017-06-22,2017-11-20,151
ZDI-17-920,ZDI-CAN-5096,Apple,CVE-2017-13793,6.8,2017-11-20,,Apple Safari Node Use-After-Free Remote Code Execution Vulnerability,,Apple,2017-09-05,2017-11-20,76
ZDI-17-917,ZDI-CAN-5131,Microsoft,CVE-2017-11851,5.4,2017-11-20,,Microsoft Windows EngLockSurface Time-Of-Check Time-Of-Use Race Condition Information Disclosure Vulnerability,,Microsoft,2017-09-01,2017-11-20,80
ZDI-17-916,ZDI-CAN-5112,Microsoft,CVE-2017-11869,6.8,2017-11-20,,Microsoft Windows VBScript Join Function Integer Overflow Remote Code Execution Vulnerability,,Microsoft,2017-09-01,2017-11-20,80
ZDI-17-915,ZDI-CAN-5105,Microsoft,CVE-2017-11878,5.1,2017-11-20,,Microsoft Office Excel Workbook Use-After-Free Remote Code Execution Vulnerability,,Microsoft,2017-08-22,2017-11-20,90
ZDI-17-914,ZDI-CAN-5077,Microsoft,CVE-2017-11856,7.5,2017-11-20,,Microsoft Windows JavaScript Array Use-After-Free Remote Code Execution Vulnerability,,Microsoft,2017-07-27,2017-11-20,116
ZDI-17-913,ZDI-CAN-4912,Microsoft,CVE-2017-8595,6.8,2017-11-20,,Microsoft Chakra Spread Operator Stack-based Buffer Overflow Remote Code Execution Vulnerability,,Microsoft,2017-06-22,2017-11-20,151
ZDI-17-912,ZDI-CAN-5198,Microsoft,CVE-2017-11858,5.1,2017-11-20,,Microsoft Chakra Regular Expression Integer Overflow Remote Code Execution Vulnerability,,Microsoft,2017-09-05,2017-11-20,76
ZDI-17-911,ZDI-CAN-5086,Microsoft,CVE-2017-11847,7.2,2017-11-20,,Microsoft Windows win32k Menu Use-After-Free Privilege Escalation Vulnerability,,Microsoft,2017-08-22,2017-11-20,90
ZDI-17-910,ZDI-CAN-5221,Adobe,CVE-2017-16402,4.3,2017-11-14,,Adobe Reader DC JPEG2000 QCC Out-Of-Bounds Read Information Disclosure Vulnerability,,Adobe,2017-09-26,2017-11-14,49
ZDI-17-909,ZDI-CAN-5220,Adobe,CVE-2017-16400,4.3,2017-11-14,,Adobe Reader DC JPEG2000 ihdr Out-Of-Bounds Read Information Disclosure Vulnerability,,Adobe,2017-09-26,2017-11-14,49
ZDI-17-908,ZDI-CAN-5219,Adobe,CVE-2017-16401,4.3,2017-11-14,,Adobe Acrobat Pro DC ImageConversion EMF EMR_COMMENT Out-Of-Bounds Read Information Disclosure Vulnerability,,Adobe,2017-09-26,2017-11-14,49
ZDI-17-907,ZDI-CAN-5218,Adobe,CVE-2017-16404,6.8,2017-11-14,,Adobe Acrobat Pro DC ImageConversion EMF EmfPlusObject Heap-based Buffer Overflow Remote Code Execution Vulnerability,,Adobe,2017-09-26,2017-11-14,49
ZDI-17-906,ZDI-CAN-5202,Adobe,CVE-2017-16403,4.3,2017-11-14,,Adobe Acrobat Pro DC ImageConversion EMF EmfPlusDrawBeziers Out-Of-Bounds Read Information Disclosure Vulnerability,,Adobe,2017-09-26,2017-11-14,49
ZDI-17-905,ZDI-CAN-5039,Adobe,CVE-2017-16382,4.3,2017-11-14,,Adobe Acrobat Pro DC XPS TIFF Rational Data Parsing Out-Of-Bounds Read Information Disclosure Vulnerability,,Adobe,2017-08-04,2017-11-14,102
ZDI-17-904,ZDI-CAN-5036,Adobe,CVE-2017-16385,6.8,2017-11-14,,Adobe Acrobat Pro DC XPS TIFF PhotometricInterpretation Parsing Out-Of-Bounds Write Remote Code Execution Vulnerability,,Adobe,2017-08-04,2017-11-14,102
ZDI-17-903,ZDI-CAN-5040,Adobe,CVE-2017-16381,6.8,2017-11-14,,Adobe Acrobat Pro DC XPS TIFF dir Parsing Out-Of-Bounds Write Remote Code Execution Vulnerability,,Adobe,2017-08-04,2017-11-14,102
ZDI-17-902,ZDI-CAN-5034,Adobe,CVE-2017-16386,4.3,2017-11-14,,Adobe Acrobat Pro DC XPS JPEG APP13 Parsing Out-Of-Bounds Read Information Disclosure Vulnerability,,Adobe,2017-08-04,2017-11-14,102
ZDI-17-901,ZDI-CAN-5037,Adobe,CVE-2017-16384,4.3,2017-11-14,,Adobe Acrobat Pro DC XPS PNG tEXT Parsing Out-Of-Bounds Read Information Disclosure Vulnerability,,Adobe,2017-08-04,2017-11-14,102
ZDI-17-900,ZDI-CAN-5038,Adobe,CVE-2017-16383,6.8,2017-11-14,,Adobe Acrobat Pro DC XPS JPEG APP2 Parsing Heap-based Buffer Overflow Vulnerability,,Adobe,2017-08-04,2017-11-14,102
ZDI-17-899,ZDI-CAN-4972,Adobe,CVE-2017-16387,4.3,2017-11-14,,Adobe Reader DC JPEG2000 Out-Of-Bounds Read Information Disclosure Vulnerability,,Adobe,2017-08-04,2017-11-14,102
ZDI-17-848,ZDI-CAN-5115,Microsoft,CVE-2017-11812,7.5,2017-10-11,,Microsoft Chakra asm.js ArrayBuffer Use-After-Free Remote Code Execution Vulnerability,,Microsoft,2017-09-01,2017-10-11,40
ZDI-17-847,ZDI-CAN-4948,Microsoft,CVE-2017-11790,2.6,2017-10-11,,Microsoft Office Excel xls File Out-Of-Bounds Read Information Disclosure Vulnerability,,Microsoft,2017-07-06,2017-10-11,97
ZDI-17-846,ZDI-CAN-5207,Microsoft,CVE-2017-11779,6.8,2017-10-10,,Microsoft Windows DNSAPI NSEC3_RecordRead Heap-based Buffer Overflow Remote Code Execution Vulnerability,,Microsoft,2017-09-22,2017-10-10,18
ZDI-17-845,ZDI-CAN-5199,Microsoft,CVE-2017-8689,7.2,2017-10-10,,Microsoft Windows Submenu Use-After-Free Privilege Escalation Vulnerability,,Microsoft,2017-09-07,2017-10-10,33
ZDI-17-844,ZDI-CAN-5084,Microsoft,CVE-2017-11800,7.5,2017-10-10,,Microsoft Chakra Array JIT Optimization Type Confusion Remote Code Execution Vulnerability,,Microsoft,2017-08-07,2017-10-10,64
ZDI-17-843,ZDI-CAN-5069,Microsoft,CVE-2017-11781,6.8,2017-10-10,,Microsoft Windows SMB Out-Of-Bounds Read Denial of Service Vulnerability,,Microsoft,2017-07-27,2017-10-10,75
ZDI-17-842,ZDI-CAN-5059,Microsoft,CVE-2017-11794,4.3,2017-10-10,,Microsoft Edge substringData Use-After-Free Information Disclosure Vulnerability,,Microsoft,2017-07-27,2017-10-10,75
ZDI-17-841,ZDI-CAN-4967,Microsoft,CVE-2017-11762,2.6,2017-10-10,,Microsoft Windows Font Embedding Out-Of-Bounds Read Information Disclosure Vulnerability,,Microsoft,2017-07-06,2017-10-10,96
ZDI-17-840,ZDI-CAN-4702,Microsoft,CVE-2017-8717,6.8,2017-10-10,,Microsoft Windows XLS File Buffer Overflow Remote Code Execution Vulnerability,,Microsoft,2017-05-04,2017-10-10,159
ZDI-17-839,ZDI-CAN-4669,Microsoft,CVE-2017-8718,6.8,2017-10-10,,Microsoft Windows XLS File Heap-based Buffer Overflow Remote Code Execution Vulnerability,,Microsoft,2017-05-04,2017-10-10,159
ZDI-17-838,ZDI-CAN-5130,Microsoft,,5.0,2017-10-06,,(0Day) Microsoft Windows WAV File Uninitialized Pointer Denial of Service Vulnerability,,Microsoft,2017-09-01,2017-10-06,35
ZDI-17-824,ZDI-CAN-4955,Apple,CVE-2017-7111,6.8,2017-09-26,,Apple Safari RegExp replace Out-Of-Bounds Access Remote Code Execution Vulnerability,,Apple,2017-06-27,2017-09-26,91
ZDI-17-823,ZDI-CAN-4771,Apple,CVE-2017-7095,6.8,2017-09-26,,Apple Safari JSString Out-Of-Bounds Access Remote Code Execution Vulnerability,,Apple,2017-05-06,2017-09-26,143
ZDI-17-822,ZDI-CAN-4717,Apple,CVE-2017-7091,6.8,2017-09-26,,Apple Safari RenderFlowThread Out-Of-Bounds Access Remote Code Execution Vulnerability,,Apple,2017-05-04,2017-09-26,145
ZDI-17-821,ZDI-CAN-4712,Apple,CVE-2017-7092,6.8,2017-09-26,,Apple Safari String link Integer Overflow Remote Code Execution Vulnerability,,Apple,2017-05-04,2017-09-26,145
ZDI-17-820,ZDI-CAN-4711,Apple,CVE-2017-7093,6.8,2017-09-26,,Apple Safari BoundFunction Out-Of-Bounds Access Remote Code Execution Vulnerability,,Apple,2017-05-04,2017-09-26,145
ZDI-17-736,ZDI-CAN-5056,Microsoft,CVE-2017-8738,7.5,2017-09-15,,Microsoft Chakra Array Type Confusion Remote Code Execution Vulnerability,,Microsoft,2017-07-27,2017-09-15,50
ZDI-17-735,ZDI-CAN-5082,Microsoft,CVE-2017-8720,1.2,2017-09-15,,Microsoft Windows PlgBlt Out-Of-Bounds Read Information Disclosure Vulnerability,,Microsoft,2017-08-04,2017-09-15,42
ZDI-17-734,ZDI-CAN-4845,Microsoft,CVE-2017-8692,4.3,2017-09-12,,Microsoft Windows Uniscribe Bidirectional Text Out-Of-Bounds Read Information Disclosure Vulnerability,,Microsoft,2017-06-01,2017-09-12,103
ZDI-17-733,ZDI-CAN-5081,Microsoft,CVE-2016-0165,6.2,2017-09-12,,Microsoft Windows win32kfull Integer Overflow Remote Code Execution Vulnerability,,Microsoft,2017-08-03,2017-09-12,40
ZDI-17-732,ZDI-CAN-4968,Microsoft,CVE-2017-8743,6.8,2017-09-12,,Microsoft Office PowerPoint ppt File Use-After-Free Remote Code Execution Vulnerability,,Microsoft,2017-07-06,2017-09-12,68
ZDI-17-731,ZDI-CAN-4910,Microsoft,CVE-2017-8738,7.5,2017-09-12,,Microsoft Chakra Array Type Confusion Remote Code Execution Vulnerability,,Microsoft,2017-06-22,2017-09-12,82
ZDI-17-730,ZDI-CAN-4893,Microsoft,CVE-2017-8744,6.8,2017-09-12,,Microsoft Office Word WordPerfect Document Converter Heap-based Buffer Overflow Remote Code Execution Vulnerability,,Microsoft,2017-06-14,2017-09-12,90
ZDI-17-729,ZDI-CAN-4885,Microsoft,CVE-2017-8728,6.8,2017-09-15,,Microsoft Windows PDF Library JPEG2000 Heap-based Buffer Overflow Remote Code Execution Vulnerability,,Microsoft,2017-06-14,2017-09-15,93
ZDI-17-728,ZDI-CAN-4844,Microsoft,CVE-2017-8737,4.3,2017-09-12,,Microsoft Windows PDF Library JPEG2000 Parsing Out-Of-Bounds Read Information Disclosure Vulnerability,,Microsoft,2017-06-01,2017-09-12,103
ZDI-17-727,ZDI-CAN-4795,Microsoft,CVE-2017-8631,6.8,2017-09-15,,Microsoft Office Excel xlsb File Heap-based Buffer Overflow Remote Code Execution Vulnerability,,Microsoft,2017-05-05,2017-09-15,133
ZDI-17-726,ZDI-CAN-4985,Microsoft,CVE-2017-8750,6.8,2017-09-15,,Microsoft Internet Explorer JavaScript WeakMap Type Confusion Remote Code Execution Vulnerability,,Microsoft,2017-07-10,2017-09-15,67
ZDI-17-725,ZDI-CAN-4888,Microsoft,CVE-2017-8661,4.3,2017-09-12,,Microsoft Edge Undo Command Out-Of-Bounds Read Information Disclosure Vulnerability,,Microsoft,2017-06-12,2017-09-12,92
ZDI-17-724,ZDI-CAN-4708,Microsoft,CVE-2017-8676,2.6,2017-09-12,,Microsoft Windows Bitmap Parsing Out-Of-Bounds Read Information Disclosure Vulnerability,,Microsoft,2017-05-04,2017-09-12,131
ZDI-17-714,ZDI-CAN-4521,Apple,CVE-2017-7071,6.8,2017-09-05,,Apple Safari HTMLSlotElement Use-After-Free Remote Code Execution Vulnerability,,Apple,2017-03-09,2017-09-05,180
ZDI-17-696,ZDI-CAN-4884,Microsoft,CVE-2017-8496,6.8,2017-08-24,,Microsoft Edge DOMAttrModified Type Confusion Remote Code Execution Vulnerability,,Microsoft,2017-06-12,2017-08-24,73
ZDI-17-642,ZDI-CAN-4127,Adobe,CVE-2017-11274,6.8,2017-08-09,,Adobe Digital Editions ePub Font Parsing Use-After-Free Remote Code Execution Vulnerability,,Adobe,2016-11-03,2017-08-09,279
ZDI-17-641,ZDI-CAN-4826,Microsoft,CVE-2017-8641,6.8,2017-08-08,,Microsoft Chakra eval Integer Overflow Remote Code Execution Vulnerability,,Microsoft,2017-05-30,2017-08-08,70
ZDI-17-640,ZDI-CAN-4777,Microsoft,CVE-2017-8653,5.1,2017-08-08,,Microsoft Internet Explorer SVG Layout Uninitialized Memory Remote Code Execution Vulnerability,,Microsoft,2017-05-16,2017-08-08,84
ZDI-17-639,ZDI-CAN-4770,Microsoft,CVE-2017-8633,2.6,2017-08-08,,Microsoft Windows Error Reporting Manager Improper Access Control Privilege Escalation Vulnerability,,Microsoft,2017-05-04,2017-08-08,96
ZDI-17-638,ZDI-CAN-4405,Microsoft,CVE-2017-0250,5.1,2017-08-08,,Microsoft Windows Jet Engine Library Stack-based Buffer Overflow Remote Code Execution Vulnerability,,Microsoft,2017-01-05,2017-08-08,215
ZDI-17-637,ZDI-CAN-4461,Microsoft,CVE-2017-8503,3.7,2017-08-08,,Microsoft Edge XAML File Improper Access Control Privilege Escalation Vulnerability,,Microsoft,2017-02-01,2017-08-08,188
ZDI-17-636,ZDI-CAN-4484,Microsoft,CVE-2017-0293,6.8,2017-08-08,,Microsoft Windows PDF Library JPEG2000 Parsing Out-Of-Bounds Write Remote Code Execution Vulnerability,,Microsoft,2017-02-13,2017-08-08,176
ZDI-17-635,ZDI-CAN-4773,Microsoft,CVE-2017-8624,6.9,2017-08-08,,Microsoft Windows CLFS Driver Buffer Overflow Privilege Escalation Vulnerability,,Microsoft,2017-05-05,2017-08-08,95
ZDI-17-634,ZDI-CAN-4762,Adobe,CVE-2017-3085,4.3,2017-08-08,,Adobe Flash URL Redirect Information Disclosure Vulnerability,,Adobe,2017-05-04,2017-08-08,96
ZDI-17-633,ZDI-CAN-4887,Adobe,CVE-2017-11231,6.8,2017-08-08,,Adobe Acrobat Reader DC PDF Parsing Use-After-Free Remote Code Execution Vulnerability,,Adobe,2017-06-08,2017-08-08,61
ZDI-17-632,ZDI-CAN-4883,Adobe,CVE-2017-11265,4.3,2017-08-08,,Adobe Acrobat Pro DC PDF Parsing Out-Of-Bounds Read Information Disclosure Vulnerability,,Adobe,2017-06-14,2017-08-08,55
ZDI-17-631,ZDI-CAN-4881,Adobe,CVE-2017-11256,6.8,2017-08-08,,Adobe Acrobat Pro DC XFA AFLayoutInfo Use-After-Free Remote Code Execution Vulnerability,,Adobe,2017-06-14,2017-08-08,55
ZDI-17-630,ZDI-CAN-4854,Adobe,CVE-2017-11255,4.3,2017-08-08,,Adobe Acrobat Pro DC ImageConversion TIFF Parsing Out-Of-Bounds Read Information Disclosure Vulnerability,,Adobe,2017-06-01,2017-08-08,68
ZDI-17-629,ZDI-CAN-4847,Adobe,CVE-2017-11271,6.8,2017-08-08,,Adobe Acrobat Pro DC ImageConversion EMF Parsing Memory Corruption Remote Code Execution Vulnerability,,Adobe,2017-06-14,2017-08-08,55
ZDI-17-628,ZDI-CAN-4843,Adobe,CVE-2017-11256,6.8,2017-08-09,,Adobe Acrobat Pro DC XFA PDEContent Use-After-Free Remote Code Execution Vulnerability,,Adobe,2017-06-01,2017-08-09,69
ZDI-17-627,ZDI-CAN-4842,Adobe,CVE-2017-11257,6.8,2017-08-09,,Adobe Acrobat Pro DC XFA nodes Type Confusion Remote Code Execution Vulnerability,,Adobe,2017-06-01,2017-08-09,69
ZDI-17-626,ZDI-CAN-4836,Adobe,CVE-2017-11261,6.8,2017-08-08,,Adobe Acrobat Pro DC ImageConversion EMF Parsing Out-Of-Bounds Write Remote Code Execution Vulnerability,,Adobe,2017-06-14,2017-08-08,55
ZDI-17-625,ZDI-CAN-4835,Adobe,CVE-2017-11270,4.3,2017-08-08,,Adobe Acrobat Pro DC ImageConversion EMF Parsing Out-Of-Bounds Read Information Disclosure Vulnerability,,Adobe,2017-06-14,2017-08-08,55
ZDI-17-624,ZDI-CAN-4834,Adobe,CVE-2017-11259,6.8,2017-08-08,,Adobe Acrobat Pro DC ImageConversion EMF Parsing Out-Of-Bounds Write Remote Code Execution Vulnerability,,Adobe,2017-06-14,2017-08-08,55
ZDI-17-623,ZDI-CAN-4833,Adobe,CVE-2017-11269,4.3,2017-08-08,,Adobe Acrobat Pro DC ImageConversion EMF Parsing Out-Of-Bounds Read Information Disclosure Vulnerability,,Adobe,2017-06-14,2017-08-08,55
ZDI-17-622,ZDI-CAN-4832,Adobe,CVE-2017-11268,4.3,2017-08-08,,Adobe Acrobat Pro DC ImageConversion EMF Parsing Out-Of-Bounds Read Information Disclosure Vulnerability,,Adobe,2017-06-14,2017-08-08,55
ZDI-17-621,ZDI-CAN-4831,Adobe,CVE-2017-11267,6.8,2017-08-08,,Adobe Acrobat Pro DC ImageConversion EMF Parsing Memory Corruption Remote Code Execution Vulnerability,,Adobe,2017-06-14,2017-08-08,55
ZDI-17-620,ZDI-CAN-4830,Adobe,CVE-2017-11259,6.8,2017-08-08,,Adobe Acrobat Pro DC ImageConversion EMF Parsing Out-Of-Bounds Write Remote Code Execution Vulnerability,,Adobe,2017-06-01,2017-08-08,68
ZDI-17-619,ZDI-CAN-4829,Adobe,CVE-2017-11258,4.3,2017-08-08,,Adobe Acrobat Pro DC ImageConversion EMF Parsing Out-Of-Bounds Read Information Disclosure Vulnerability,,Adobe,2017-06-01,2017-08-08,68
ZDI-17-618,ZDI-CAN-4827,Adobe,CVE-2017-11261,6.8,2017-08-08,,Adobe Acrobat Pro DC ImageConversion EMF Parsing Out-Of-Bounds Write Remote Code Execution Vulnerability,,Adobe,2017-06-01,2017-08-08,68
ZDI-17-617,ZDI-CAN-4828,Adobe,CVE-2017-11260,6.8,2017-08-08,,Adobe Acrobat Pro DC ImageConversion EMF Parsing Out-Of-Bounds Write Remote Code Execution Vulnerability,,Adobe,2017-06-01,2017-08-08,68
ZDI-17-616,ZDI-CAN-4823,Adobe,CVE-2017-11233,4.3,2017-08-08,,Adobe Acrobat Pro DC ImageConversion EMF Parsing Out-Of-Bounds Read Information Disclosure Vulnerability,,Adobe,2017-05-17,2017-08-08,83
ZDI-17-615,ZDI-CAN-4764,Adobe,CVE-2017-11249,4.3,2017-08-08,,Adobe Acrobat Pro DC ImageConversion EMF Parsing Out-Of-Bounds Read Information Disclosure Vulnerability,,Adobe,2017-05-18,2017-08-08,82
ZDI-17-614,ZDI-CAN-4821,Adobe,CVE-2017-11232,6.8,2017-08-08,,Adobe Acrobat Pro DC ImageConversion EMF Parsing Use-After-Free Remote Code Execution Vulnerability,,Adobe,2017-05-17,2017-08-08,83
ZDI-17-613,ZDI-CAN-4820,Adobe,CVE-2017-11231,6.8,2017-08-08,,Adobe Acrobat Pro DC PDF Parsing Use-After-Free Remote Code Execution Vulnerability,,Adobe,2017-05-17,2017-08-08,83
ZDI-17-612,ZDI-CAN-4819,Adobe,CVE-2017-11252,4.3,2017-08-08,,Adobe Acrobat Pro DC PDF Parsing Out-Of-Bounds Read Information Disclosure Vulnerability,,Adobe,2017-05-18,2017-08-08,82
ZDI-17-611,ZDI-CAN-4818,Adobe,CVE-2017-11230,4.3,2017-08-08,,Adobe Acrobat Pro DC JPEG2000 Parsing Out-Of-Bounds Read Information Disclosure Vulnerability,,Adobe,2017-05-17,2017-08-08,83
ZDI-17-610,ZDI-CAN-4817,Adobe,CVE-2017-11228,6.8,2017-08-08,,Adobe Acrobat Pro DC JPEG2000 Parsing Memory Corruption Remote Code Execution Vulnerability,,Adobe,2017-05-17,2017-08-08,83
ZDI-17-609,ZDI-CAN-4769,Adobe,CVE-2017-11251,6.8,2017-08-08,,Adobe Acrobat Pro DC JPEG2000 Parsing Out-Of-Bounds Write Remote Code Execution Vulnerability,,Adobe,2017-05-18,2017-08-08,82
ZDI-17-608,ZDI-CAN-4767,Adobe,CVE-2017-11244,4.3,2017-08-08,,Adobe Acrobat Pro DC ImageConversion EMF Parsing Out-Of-Bounds Read Information Disclosure Vulnerability,,Adobe,2017-05-18,2017-08-08,82
ZDI-17-607,ZDI-CAN-4766,Adobe,CVE-2017-11216,4.3,2017-08-08,,Adobe Acrobat Pro DC ImageConversion EMF Parsing Out-Of-Bounds Read Information Disclosure Vulnerability,,Adobe,2017-05-18,2017-08-08,82
ZDI-17-606,ZDI-CAN-4765,Adobe,CVE-2017-11227,4.3,2017-08-08,,Adobe Acrobat Pro DC ImageConversion EMF Parsing Out-Of-Bounds Read Information Disclosure Vulnerability,,Adobe,2017-05-18,2017-08-08,82
ZDI-17-605,ZDI-CAN-4822,Adobe,CVE-2017-11242,6.8,2017-08-08,,Adobe Acrobat Pro DC ImageConversion EMF Parsing Out-Of-Bounds Write Remote Code Execution Vulnerability,,Adobe,2017-05-18,2017-08-08,82
ZDI-17-604,ZDI-CAN-4763,Adobe,CVE-2017-11248,4.3,2017-08-08,,Adobe Acrobat Pro DC ImageConversion EMF Parsing Out-Of-Bounds Read Information Disclosure Vulnerability,,Adobe,2017-05-18,2017-08-08,82
ZDI-17-603,ZDI-CAN-4748,Adobe,CVE-2017-11246,4.3,2017-08-08,,Adobe Acrobat Pro DC ImageConversion JPEG Parsing Out-Of-Bounds Read Information Disclosure Vulnerability,,Adobe,2017-05-18,2017-08-08,82
ZDI-17-602,ZDI-CAN-4747,Adobe,CVE-2017-11245,4.3,2017-08-08,,Adobe Acrobat Pro DC ImageConversion EMF Parsing Out-Of-Bounds Read Information Disclosure Vulnerability,,Adobe,2017-05-18,2017-08-08,82
ZDI-17-601,ZDI-CAN-4746,Adobe,CVE-2017-11244,4.3,2017-08-08,,Adobe Acrobat Pro DC ImageConversion EMF Parsing Out-Of-Bounds Read Information Disclosure Vulnerability,,Adobe,2017-05-18,2017-08-08,82
ZDI-17-600,ZDI-CAN-4734,Adobe,CVE-2017-11243,4.3,2017-08-08,,Adobe Acrobat Pro DC XSLT Parsing Out-Of-Bounds Read Information Disclosure Vulnerability,,Adobe,2017-05-18,2017-08-08,82
ZDI-17-599,ZDI-CAN-4733,Adobe,CVE-2017-3121,4.3,2017-08-08,,Adobe Acrobat Pro DC ImageConversion EMF Parsing Out-Of-Bounds Read Information Disclosure Vulnerability,,Adobe,2017-05-18,2017-08-08,82
ZDI-17-598,ZDI-CAN-4732,Adobe,CVE-2017-11242,4.3,2017-08-08,,Adobe Acrobat Pro DC ImageConversion EMF Parsing Out-Of-Bounds Read Information Disclosure Vulnerability,,Adobe,2017-05-18,2017-08-08,82
ZDI-17-597,ZDI-CAN-4731,Adobe,CVE-2017-11241,6.8,2017-08-08,,Adobe Acrobat Pro DC ImageConversion EMF Parsing Heap-based Buffer Overflow Remote Code Execution Vulnerability,,Adobe,2017-05-18,2017-08-08,82
ZDI-17-596,ZDI-CAN-4730,Adobe,CVE-2017-3122,4.3,2017-08-08,,Adobe Acrobat Pro DC ImageConversion EMF Parsing Out-Of-Bounds Read Information Disclosure Vulnerability,,Adobe,2017-05-18,2017-08-08,82
ZDI-17-595,ZDI-CAN-4729,Adobe,CVE-2017-11239,4.3,2017-08-08,,Adobe Acrobat Pro DC ImageConversion EMF Parsing Out-Of-Bounds Read Information Disclosure Vulnerability,,Adobe,2017-05-18,2017-08-08,82
ZDI-17-594,ZDI-CAN-4728,Adobe,CVE-2017-11239,4.3,2017-08-08,,Adobe Acrobat Pro DC ImageConversion EMF Parsing Out-Of-Bounds Read Information Disclosure Vulnerability,,Adobe,2017-05-18,2017-08-08,82
ZDI-17-593,ZDI-CAN-4727,Adobe,CVE-2017-11238,4.3,2017-08-08,,Adobe Acrobat Pro DC ImageConversion EMF Parsing Out-Of-Bounds Read Information Disclosure Vulnerability,,Adobe,2017-05-18,2017-08-08,82
ZDI-17-592,ZDI-CAN-4726,Adobe,CVE-2017-11237,4.3,2017-08-08,,Adobe Acrobat Pro DC Font Parsing Out-Of-Bounds Read Information Disclosure Vulnerability,,Adobe,2017-05-18,2017-08-08,82
ZDI-17-591,ZDI-CAN-4725,Adobe,CVE-2017-11236,4.3,2017-08-08,,Adobe Acrobat Pro DC Forms Out-Of-Bounds Read Information Disclosure Vulnerability,,Adobe,2017-05-18,2017-08-08,82
ZDI-17-590,ZDI-CAN-4720,Adobe,CVE-2017-11235,6.8,2017-08-08,,Adobe Acrobat Pro DC ImageConversion JPEG Parsing Use-After-Free Remote Code Execution Vulnerability,,Adobe,2017-05-18,2017-08-08,82
ZDI-17-589,ZDI-CAN-4719,Adobe,CVE-2017-11234,4.3,2017-08-08,,Adobe Acrobat Pro DC ImageConversion TIFF Parsing Out-Of-Bounds Read Information Disclosure Vulnerability,,Adobe,2017-05-18,2017-08-08,82
ZDI-17-588,ZDI-CAN-4716,Adobe,CVE-2017-11223,6.8,2017-08-08,,Adobe Reader DC XFA closeDoc Use-After-Free Remote Code Execution Vulnerability,,Adobe,2017-04-10,2017-08-08,120
ZDI-17-587,ZDI-CAN-4715,Adobe,CVE-2017-11224,6.8,2017-08-08,,Adobe Reader DC XFA loadXML Use-After-Free Remote Code Execution Vulnerability,,Adobe,2017-04-10,2017-08-08,120
ZDI-17-586,ZDI-CAN-4572,Adobe,CVE-2017-11217,4.3,2017-08-08,,Adobe Acrobat Pro DC ImageConversion EMF Parsing Out-Of-Bounds Read Information Disclosure Vulnerability,,Adobe,2017-03-23,2017-08-08,138
ZDI-17-585,ZDI-CAN-4571,Adobe,CVE-2017-11219,6.8,2017-08-08,,Adobe Reader DC XFA topInset Use-After-Free Remote Code Execution Vulnerability,,Adobe,2017-03-24,2017-08-08,137
ZDI-17-584,ZDI-CAN-4570,Adobe,CVE-2017-11216,6.8,2017-08-08,,Adobe Acrobat Pro DC ImageConversion EMF Parsing Out-Of-Bounds Write Remote Code Execution Vulnerability,,Adobe,2017-03-23,2017-08-08,138
ZDI-17-583,ZDI-CAN-4569,Adobe,CVE-2017-3121,4.3,2017-08-08,,Adobe Acrobat Pro DC ImageConversion EMF Parsing Out-Of-Bounds Read Information Disclosure Vulnerability,,Adobe,2017-03-23,2017-08-08,138
ZDI-17-582,ZDI-CAN-4568,Adobe,CVE-2017-11214,4.3,2017-08-08,,Adobe Acrobat Pro DC ImageConversion EMF Parsing Out-Of-Bounds Read Information Disclosure Vulnerability,,Adobe,2017-03-23,2017-08-08,138
ZDI-17-581,ZDI-CAN-4567,Adobe,CVE-2017-3122,4.3,2017-08-08,,Adobe Acrobat Pro DC ImageConversion EMF Parsing Out-Of-Bounds Read Information Disclosure Vulnerability,,Adobe,2017-03-23,2017-08-08,138
ZDI-17-580,ZDI-CAN-4566,Adobe,CVE-2017-11212,6.8,2017-08-08,,Adobe Acrobat Pro DC ImageConversion EMF Parsing Out-Of-Bounds Write Remote Code Execution Vulnerability,,Adobe,2017-03-23,2017-08-08,138
ZDI-17-579,ZDI-CAN-4562,Adobe,CVE-2017-11211,6.8,2017-08-08,,Adobe Acrobat Pro DC ImageConversion JPEG Parsing Heap-based Buffer Overflow Remote Code Execution Vulnerability,,Adobe,2017-03-23,2017-08-08,138
ZDI-17-578,ZDI-CAN-4559,Adobe,CVE-2017-11210,4.3,2017-08-08,,Adobe Acrobat Pro DC ImageConversion XPS Parsing Out-Of-Bounds Read Information Disclosure Vulnerability,,Adobe,2017-03-23,2017-08-08,138
ZDI-17-577,ZDI-CAN-4558,Adobe,CVE-2017-11209,4.3,2017-08-08,,Adobe Acrobat Pro DC ImageConversion XPS Parsing Out-Of-Bounds Read Information Disclosure Vulnerability,,Adobe,2017-03-23,2017-08-08,138
ZDI-17-576,ZDI-CAN-4557,Adobe,CVE-2017-3124,6.8,2017-08-08,,Adobe Acrobat Pro DC ImageConversion PCX Parsing Out-Of-Bounds Write Remote Code Execution Vulnerability,,Adobe,2017-03-23,2017-08-08,138
ZDI-17-575,ZDI-CAN-4556,Adobe,CVE-2017-3123,6.8,2017-08-08,,Adobe Acrobat Pro DC ImageConversion EMF Parsing Out-Of-Bounds Write Remote Code Execution Vulnerability,,Adobe,2017-03-23,2017-08-08,138
ZDI-17-574,ZDI-CAN-4534,Adobe,CVE-2017-3122,4.3,2017-08-08,,Adobe Acrobat Pro DC ImageConversion EMF Parsing Out-Of-Bounds Read Information Disclosure Vulnerability,,Adobe,2017-03-23,2017-08-08,138
ZDI-17-573,ZDI-CAN-4502,Adobe,CVE-2017-3121,6.8,2017-08-08,,Adobe Acrobat Pro DC ImageConversion EMF Parsing Heap-based Buffer Overflow Remote Code Execution Vulnerability,,Adobe,2017-03-23,2017-08-08,138
ZDI-17-572,ZDI-CAN-4490,Adobe,CVE-2017-11218,6.8,2017-08-08,,Adobe Reader DC XFA Parsing Use-After-Free Remote Code Execution Vulnerability,,Adobe,2017-03-24,2017-08-08,137
ZDI-17-571,ZDI-CAN-4489,Adobe,CVE-2017-3120,6.8,2017-08-08,,Adobe Reader DC XFA Parsing Use-After-Free Remote Code Execution Vulnerability,,Adobe,2017-03-23,2017-08-08,138
ZDI-17-570,ZDI-CAN-4369,Adobe,CVE-2017-3115,4.3,2017-08-08,,Adobe Reader DC URL Parsing Insufficient Verification of Data Authenticity Information Disclosure Vulnerability,,Adobe,2017-01-09,2017-08-08,211
ZDI-17-569,ZDI-CAN-4310,Adobe,CVE-2017-3113,6.8,2017-08-08,,Adobe Reader DC XFA exportAsXFAStr Use-After-Free Remote Code Execution Vulnerability,,Adobe,2016-12-01,2017-08-08,250
ZDI-17-568,ZDI-CAN-4128,Adobe,CVE-2017-3091,4.3,2017-08-08,,Adobe Digital Editions ePub JPEG2000 Parsing Out-Of-Bounds Read Information Disclosure Vulnerability,,Adobe,2016-11-03,2017-08-08,278
ZDI-17-490,ZDI-CAN-4798,Apple,CVE-2017-7053,7.2,2017-07-19,,Apple iTunes iPodService Privilege Escalation Vulnerability,,Apple,2017-05-06,2017-07-19,74
ZDI-17-489,ZDI-CAN-4707,Apple,CVE-2017-7052,6.8,2017-07-19,,Apple Safari Frame Use-After-Free Remote Code Execution Vulnerability,,Apple,2017-05-04,2017-07-19,76
ZDI-17-488,ZDI-CAN-4713,Microsoft,CVE-2017-0285,2.6,2017-07-14,,Microsoft Windows OTL Font Parsing Out-Of-Bounds Read Information Disclosure Vulnerability,,Microsoft,2017-05-04,2017-07-14,71
ZDI-17-487,ZDI-CAN-4612,Microsoft,CVE-2017-8465,6.9,2017-07-12,,(Pwn2Own) Microsoft Windows NtUserLinkDpiCursor Use-After-Free Privilege Escalation Vulnerability,,Microsoft,2017-03-16,2017-07-12,118
ZDI-17-486,ZDI-CAN-4640,Adobe,CVE-2017-3080,4.7,2017-07-12,,Adobe Flash BrokerCreateFile Broker Method Information Disclosure Vulnerability,,Adobe,2017-03-30,2017-07-12,104
ZDI-17-480,ZDI-CAN-4894,Microsoft,CVE-2017-8601,6.8,2017-07-11,,Microsoft Chakra Array JIT Optimization Type Confusion Remote Code Execution Vulnerability,,Microsoft,2017-06-12,2017-07-11,29
ZDI-17-479,ZDI-CAN-4889,Microsoft,CVE-2017-8601,6.8,2017-07-11,,Microsoft Chakra Array JIT Optimization Type Confusion Remote Code Execution Vulnerability,,Microsoft,2017-06-12,2017-07-11,29
ZDI-17-478,ZDI-CAN-4886,Microsoft,CVE-2017-8601,6.8,2017-07-11,,Microsoft Chakra Typed Array JIT Optimization Use-After-Free Remote Code Execution Vulnerability,,Microsoft,2017-06-07,2017-07-11,34
ZDI-17-477,ZDI-CAN-4895,Adobe,CVE-2017-3100,6.8,2017-07-11,,Adobe Flash Player BitmapData applyFilter Out-Of-Bounds Read Remote Code Execution Vulnerability,,Adobe,2017-06-08,2017-07-11,33
ZDI-17-476,ZDI-CAN-4577,Microsoft,CVE-2017-8590,6.9,2017-07-11,,(Pwn2Own) Microsoft Windows CLFS Driver Uninitialized Memory Privilege Escalation Vulnerability,,Microsoft,2017-03-16,2017-07-11,117
ZDI-17-475,ZDI-CAN-4775,Microsoft,CVE-2017-8598,6.8,2017-08-01,,Microsoft Windows JavaScript super Keyword Uninitialized Memory Remote Code Execution Vulnerability,,Microsoft,2017-05-04,2017-08-01,89
ZDI-17-474,ZDI-CAN-4633,Microsoft,CVE-2017-8580,6.9,2017-07-31,,(Pwn2Own) Microsoft Windows Palette Object Use-After-Free Privilege Escalation Vulnerability,,Microsoft,2017-03-16,2017-07-31,137
ZDI-17-473,ZDI-CAN-4624,Microsoft,CVE-2017-8578,6.9,2017-07-11,,(Pwn2Own) Microsoft Windows PlgBlt Integer Overflow Privilege Escalation Vulnerability,,Microsoft,2017-03-16,2017-07-11,117
ZDI-17-472,ZDI-CAN-4621,Microsoft,CVE-2017-8577,6.9,2017-07-11,,(Pwn2Own) Microsoft Windows GDI Region Object Uninitialized Memory Privilege Escalation Vulnerability,,Microsoft,2017-03-16,2017-07-11,117
ZDI-17-471,ZDI-CAN-4576,Microsoft,CVE-2017-8486,2.1,2017-07-11,,(Pwn2Own) Microsoft Windows win32kfull CopyOutputString Out-Of-Bounds Read Information Disclosure Vulnerability,,Microsoft,2017-03-16,2017-07-11,117
ZDI-17-470,ZDI-CAN-4626,Microsoft,CVE-2017-8467,7.2,2017-07-11,,(Pwn2Own) Microsoft Windows fnHKINLPRECT Untrusted Pointer Dereference Privilege Escalation Vulnerability,,Microsoft,2017-03-16,2017-07-11,117
ZDI-17-469,ZDI-CAN-4630,Microsoft,CVE-2017-8579,6.9,2017-07-11,,(Pwn2Own) Microsoft Windows D3DKMTCreateAllocation Buffer Overflow Privilege Escalation Vulnerability,,Microsoft,2017-03-16,2017-07-11,117
ZDI-17-468,ZDI-CAN-4485,Microsoft,CVE-2017-0291,6.8,2017-07-11,,Microsoft Windows PDF Library JPEG2000 Parsing Out-Of-Bounds Read Remote Code Execution Vulnerability,,Microsoft,2017-02-13,2017-07-11,148
ZDI-17-467,ZDI-CAN-4482,Microsoft,CVE-2017-0291,4.3,2017-07-11,,Microsoft Windows PDF Library JPEG2000 Parsing Out-Of-Bounds Read Information Disclosure Vulnerability,,Microsoft,2017-02-13,2017-07-11,148
ZDI-17-466,ZDI-CAN-4481,Microsoft,CVE-2017-0291,6.8,2017-07-11,,Microsoft Windows PDF Library JPEG2000 Parsing Out-Of-Bounds Write Remote Code Execution Vulnerability,,Microsoft,2017-02-13,2017-07-11,148
ZDI-17-464,ZDI-CAN-4611,Microsoft,CVE-2017-0236,6.8,2017-07-10,,(Pwn2Own) Microsoft Chakra ArrayBuffer Use-After-Free Remote Code Execution Vulnerability,,Microsoft,2017-03-17,2017-07-10,115
ZDI-17-463,ZDI-CAN-4603,Microsoft,CVE-2017-8575,2.1,2017-07-10,,(Pwn2Own) Microsoft Windows basicrender WarpKMEscape Information Disclosure Vulnerability,,Microsoft,2017-03-16,2017-07-10,116
ZDI-17-462,ZDI-CAN-4587,Google,CVE-2017-5053,6.8,2017-07-10,,(Pwn2Own) Google Chrome Array indexOf Out-Of-Bounds Access Remote Code Execution Vulnerability,,Google,2017-03-16,2017-07-10,116
ZDI-17-451,ZDI-CAN-4602,Microsoft,CVE-2017-8553,2.1,2017-06-27,,(Pwn2Own) Microsoft Windows XPS Document Writer Uninitialized Memory Information Disclosure Vulnerability,,Microsoft,2017-02-15,2017-06-27,132
ZDI-17-450,ZDI-CAN-4604,Microsoft,CVE-2017-8576,6.9,2017-06-27,,(Pwn2Own) Microsoft Windows WarpKMSubmitCommandVirtual Uninitialized Memory Privilege Escalation Vulnerability,,Microsoft,2017-02-15,2017-06-27,132
ZDI-17-441,ZDI-CAN-4537,Apple,CVE-2017-2454,6.8,2017-06-22,,Apple Safari Node Use-After-Free Remote Code Execution Vulnerability,,Apple,2017-03-09,2017-06-22,105
ZDI-17-412,ZDI-CAN-4709,Apple,CVE-2017-2530,6.8,2017-06-21,,Apple Safari Element Use-After-Free Remote Code Execution Vulnerability,,Apple,2017-05-04,2017-06-21,48
ZDI-17-409,ZDI-CAN-4701,Microsoft,CVE-2017-0285,2.6,2017-06-13,,Microsoft Windows OTL Font Parsing Out-Of-Bounds Read Information Disclosure Vulnerability,,Microsoft,2017-05-04,2017-06-13,40
ZDI-17-408,ZDI-CAN-4705,Adobe,CVE-2017-3082,6.8,2017-06-13,,Adobe Flash LocaleID determinePreferredLocales Uninitialized Memory Remote Code Execution Vulnerability,,Adobe,2017-04-07,2017-06-13,67
ZDI-17-407,ZDI-CAN-4704,Adobe,CVE-2017-3084,6.8,2017-06-13,,Adobe Flash AuditudeSettings clone Use-After-Free Remote Code Execution Vulnerability,,Adobe,2017-04-07,2017-06-13,67
ZDI-17-406,ZDI-CAN-4703,Adobe,CVE-2017-3083,6.8,2017-06-13,,Adobe Flash Profile Use-After-Free Remote Code Execution Vulnerability,,Adobe,2017-04-07,2017-06-13,67
ZDI-17-405,ZDI-CAN-4700,Microsoft,CVE-2017-8532,2.6,2017-06-13,,Microsoft Windows OTL Font Parsing Out-Of-Bounds Read Information Disclosure Vulnerability,,Microsoft,2017-05-04,2017-06-13,40
ZDI-17-404,ZDI-CAN-4619,Microsoft,CVE-2017-8466,6.9,2017-06-13,,(Pwn2Own) Microsoft Windows NtUserLinkDpiCursor Use-After-Free Privilege Escalation Vulnerability,,Microsoft,2017-03-19,2017-06-13,86
ZDI-17-403,ZDI-CAN-4590,Microsoft,CVE-2017-8468,6.9,2017-06-13,,(Pwn2Own) Microsoft Windows NtUserLinkDpiCursor Use-After-Free Privilege Escalation Vulnerability,,Microsoft,2017-03-19,2017-06-13,86
ZDI-17-402,ZDI-CAN-4608,Microsoft,CVE-2017-8465,6.9,2017-06-13,,(Pwn2Own) Microsoft Windows NtUserLinkDpiCursor Use-After-Free Privilege Escalation Vulnerability,,Microsoft,2017-03-19,2017-06-13,86
ZDI-17-401,ZDI-CAN-4573,Microsoft,CVE-2017-8547,7.5,2017-06-13,,Microsoft Internet Explorer InsertRow Out-Of-Bounds Read Remote Code Execution Vulnerability,,Microsoft,2017-03-24,2017-06-13,81
ZDI-17-400,ZDI-CAN-4622,Microsoft,CVE-2017-0296,6.9,2017-06-13,,(Pwn2Own) Microsoft Windows TdxCreateTransportAddress Buffer Overflow Privilege Escalation Vulnerability,,Microsoft,2017-03-19,2017-06-13,86
ZDI-17-399,ZDI-CAN-4564,Adobe,CVE-2017-3075,6.8,2017-06-13,,Adobe Flash XML load Use-After-Free Remote Code Execution Vulnerability,,Adobe,2017-03-09,2017-06-13,96
ZDI-17-398,ZDI-CAN-4483,Microsoft,CVE-2017-8460,4.3,2017-06-13,,Microsoft Windows PDF Library JPEG2000 Parsing Out-Of-Bounds Read Information Disclosure Vulnerability,,Microsoft,2017-02-13,2017-06-13,120
ZDI-17-397,ZDI-CAN-4480,Microsoft,CVE-2017-0292,6.8,2017-06-13,,Microsoft Windows PDF Library JPEG2000 Parsing Out-Of-Bounds Write Remote Code Execution Vulnerability,,Microsoft,2017-02-13,2017-06-13,120
ZDI-17-371,ZDI-CAN-4772,Microsoft,CVE-2017-0266,6.8,2017-05-30,,Microsoft Windows JavaScript Array Type Confusion Remote Code Execution Vulnerability,,Microsoft,2017-05-04,2017-05-30,26
ZDI-17-370,ZDI-CAN-4583,Apple,,2.1,2017-05-30,,(Pwn2Own) Apple macOS nsurlstoraged Null Pointer Dereference Denial of Service Vulnerability,,Apple,2017-03-17,2017-05-30,74
ZDI-17-369,ZDI-CAN-4596,Apple,CVE-2017-7002,6.8,2017-05-30,,(Pwn2Own) Apple Safari WebSQL matchinfo Type Confusion Remote Code Execution Vulnerability,,Apple,2017-03-17,2017-05-30,74
ZDI-17-368,ZDI-CAN-4595,Apple,CVE-2017-7001,6.8,2017-05-30,,(Pwn2Own) Apple Safari WebSQL offsets Type Confusion Remote Code Execution Vulnerability,,Apple,2017-03-17,2017-05-30,74
ZDI-17-367,ZDI-CAN-4594,Apple,CVE-2017-7000,6.8,2017-05-30,,(Pwn2Own) Apple Safari WebSQL snippet Type Confusion Remote Code Execution Vulnerability,,Apple,2017-03-17,2017-05-30,74
ZDI-17-366,ZDI-CAN-4591,Apple,CVE-2017-6983,6.8,2017-05-30,,(Pwn2Own) Apple Safari WebSQL optimize Type Confusion Remote Code Execution Vulnerability,,Apple,2017-03-17,2017-05-30,74
ZDI-17-364,ZDI-CAN-4610,Apple,CVE-2017-2543,6.9,2017-05-18,,(Pwn2Own) Apple macOS AppleMultitouchDevice Use-After-Free Privilege Escalation Vulnerability,,Apple,2017-03-17,2017-05-18,62
ZDI-17-363,ZDI-CAN-4609,Apple,CVE-2017-2542,1.9,2017-05-18,,(Pwn2Own) Apple macOS AppleMultitouchDevice Uninitialized Memory Information Disclosure Vulnerability,,Apple,2017-03-17,2017-05-18,62
ZDI-17-362,ZDI-CAN-4598,Apple,CVE-2017-2538,6.8,2017-05-18,,(Pwn2Own) Apple Safari ProcessingInstruction Use-After-Free Remote Code Execution Vulnerability,,Apple,2017-03-17,2017-05-18,62
ZDI-17-361,ZDI-CAN-4597,Apple,CVE-2017-2539,4.3,2017-05-18,,(Pwn2Own) Apple Safari WebGLRenderingContextBase drawElements Out-Of-Bounds Read Information Disclosure Vulnerability,,Apple,2017-03-17,2017-05-18,62
ZDI-17-360,ZDI-CAN-4593,Apple,CVE-2017-6991,4.3,2017-05-18,,(Pwn2Own) Apple Safari WebSQL Type Confusion Information Disclosure Vulnerability,,Apple,2017-03-17,2017-05-18,62
ZDI-17-359,ZDI-CAN-4617,Apple,CVE-2017-2546,7.2,2017-05-18,,(Pwn2Own) Apple macOS smbfs Out-Of-Bounds Access Privilege Escalation Vulnerability,,Apple,2017-03-17,2017-05-18,62
ZDI-17-358,ZDI-CAN-4582,Apple,CVE-2017-2536,6.8,2017-05-18,,(Pwn2Own) Apple Safari Spread Operator Integer Overflow Remote Code Execution Vulnerability,,Apple,2017-03-17,2017-05-18,62
ZDI-17-357,ZDI-CAN-4580,Apple,CVE-2017-2533,6.9,2017-05-18,,(Pwn2Own) Apple macOS diskarbitrationd Time-Of-Check/Time-Of-Use Privilege Escalation Vulnerability,,Apple,2017-03-17,2017-05-18,62
ZDI-17-356,ZDI-CAN-4579,Apple,CVE-2017-2535,6.9,2017-05-18,,(Pwn2Own) Apple macOS authd Privilege Escalation Vulnerability,,Apple,2017-03-17,2017-05-18,62
ZDI-17-355,ZDI-CAN-4624,Apple,CVE-2017-2548,4.4,2017-05-18,,(Pwn2Own) Apple macOS WindowServer XSetWindowListBrightness Out-Of-Bounds Access Privilege Escalation Vulnerability,,Apple,2017-03-17,2017-05-18,62
ZDI-17-354,ZDI-CAN-4623,Apple,CVE-2017-2547,6.8,2017-05-18,,(Pwn2Own) Apple Safari B3 Optimization Out-Of-Bounds Access Remote Code Execution Vulnerability,,Apple,2017-03-17,2017-05-18,62
ZDI-17-353,ZDI-CAN-4592,Apple,CVE-2017-2537,4.4,2017-05-18,,(Pwn2Own) Apple macOS WindowServer Dragging Space Use-After-Free Privilege Escalation Vulnerability,,Apple,2017-03-17,2017-05-18,62
ZDI-17-352,ZDI-CAN-4615,Apple,CVE-2017-6990,1.9,2017-05-18,,(Pwn2Own) Apple macOS HFS Uninitialized Memory Information Disclosure Privilege Escalation Vulnerability,,Apple,2017-03-17,2017-05-18,62
ZDI-17-351,ZDI-CAN-4614,Apple,CVE-2017-2545,6.9,2017-05-15,,(Pwn2Own) Apple macOS IOGraphic Use-After-Free Privilege Escalation Vulnerability,,Apple,2017-03-17,2017-05-15,59
ZDI-17-350,ZDI-CAN-4613,Apple,CVE-2017-2544,6.8,2017-05-15,,(Pwn2Own) Apple Safari Array concat Integer Overflow Remote Code Execution Vulnerability,,Apple,2017-03-15,2017-05-15,61
ZDI-17-349,ZDI-CAN-4600,Apple,CVE-2017-2541,4.4,2017-05-15,,(Pwn2Own) Apple macOS WindowServer _XGetWindowMovementGroup Stack-based Buffer Overflow Privilege Escalation Vulnerability,,Apple,2017-03-15,2017-05-15,61
ZDI-17-348,ZDI-CAN-4599,Apple,CVE-2017-2540,1.9,2017-05-15,,(Pwn2Own) Apple macOS WindowServer _XGetConnectionPSN Information Disclosure Vulnerability,,Apple,2017-03-15,2017-05-15,61
ZDI-17-347,ZDI-CAN-4581,Apple,"CVE-2017-2534, CVE-2017-6977",4.6,2017-05-15,,(Pwn2Own) Apple macOS speechsynthesisd Unsigned Dylib Loading Privilege Escalation Vulnerability,,Apple,2017-03-15,2017-05-15,61
ZDI-17-346,ZDI-CAN-4536,Apple,CVE-2017-2506,6.8,2017-05-15,,Apple Safari RenderElement Use-After-Free Remote Code Execution Vulnerability,,Apple,2017-03-09,2017-05-15,67
ZDI-17-345,ZDI-CAN-4520,Apple,CVE-2017-2526,6.8,2017-05-15,,Apple Safari RenderInline Use-After-Free Remote Code Execution Vulnerability,,Apple,2017-03-09,2017-05-15,67
ZDI-17-344,ZDI-CAN-4519,Apple,CVE-2017-2525,6.8,2017-05-15,,Apple Safari RenderLayer Use-After-Free Remote Code Execution Vulnerability,,Apple,2017-03-09,2017-05-15,67
ZDI-17-335,ZDI-CAN-4550,Adobe,CVE-2017-3040,4.3,2017-05-12,,Adobe Reader DC PDF Parsing Out-Of-Bounds Read Information Disclosure Vulnerability,,Adobe,2017-03-24,2017-05-12,49
ZDI-17-329,ZDI-CAN-4629,Microsoft,CVE-2017-0240,6.8,2017-05-10,,(Pwn2Own) Microsoft Edge AudioBuffer Use-After-Free Remote Code Execution Vulnerability,,Microsoft,2017-03-15,2017-05-10,56
ZDI-17-328,ZDI-CAN-4628,Microsoft,CVE-2017-0240,4.3,2017-05-10,,(Pwn2Own) Microsoft Edge AudioBuffer Use-After-Free Information Disclosure Vulnerability,,Microsoft,2017-03-15,2017-05-10,56
ZDI-17-327,ZDI-CAN-4625,Microsoft,CVE-2017-0238,6.8,2017-05-10,,(Pwn2Own) Microsoft Chakra Array unshift Heap-based Buffer Overflow Remote Code Execution Vulnerability,,Microsoft,2017-03-17,2017-05-10,54
ZDI-17-326,ZDI-CAN-4618,Microsoft,CVE-2017-0228,6.8,2017-05-10,,(Pwn2Own) Microsoft Chakra Array Use-After-Free Remote Code Execution Vulnerability,,Microsoft,2017-03-17,2017-05-10,54
ZDI-17-325,ZDI-CAN-4585,Microsoft,CVE-2017-0233,7.2,2017-05-10,2018-03-06,(Pwn2Own) Microsoft Edge WriteClassesOfCategory DLL Planting Sandbox Escape Vulnerability,,Microsoft,2017-03-15,2017-05-10,56
ZDI-17-324,ZDI-CAN-4584,Microsoft,CVE-2017-0234,6.8,2017-05-10,,(Pwn2Own) Microsoft Edge ArrayBuffer Use-After-Free Remote Code Execution Vulnerability,,Microsoft,2017-03-15,2017-05-10,56
ZDI-17-323,ZDI-CAN-4285,Microsoft,CVE-2017-0226,4.4,2017-05-10,,Microsoft Internet Explorer Enhanced Protected Mode Sandbox Escape Vulnerability,,Microsoft,2016-12-12,2017-05-10,149
ZDI-17-321,ZDI-CAN-4578,Apple,CVE-2017-2491,6.8,2017-05-04,,(Pwn2Own) Apple Safari String replace Use-After-Free Remote Code Execution Vulnerability,,Apple,2017-03-17,2017-05-04,48
ZDI-17-320,ZDI-CAN-4535,Mozilla,CVE-2017-5448,5.1,2017-05-03,,Mozilla Firefox ClearKeyDecryptor Integer Overflow Remote Code Execution Vulnerability,,Mozilla,2017-03-01,2017-05-03,63
ZDI-17-314,ZDI-CAN-4429,Google,CVE-2017-5059,6.8,2017-05-02,,Google Chrome List Item Marker Type Confusion Remote Code Execution Vulnerability,,Google,2017-01-24,2017-05-02,98
ZDI-17-287,ZDI-CAN-4565,Adobe,CVE-2017-2994,6.8,2017-04-19,,Adobe Flash PSDKEvent Use-After-Free Remote Code Execution Vulnerability,,Adobe,2017-03-09,2017-04-19,41
ZDI-17-285,ZDI-CAN-4337,Microsoft,CVE-2017-0155,7.2,2017-04-11,,Microsoft Windows Font Object Buffer Overflow Privilege Escalation Vulnerability,,Microsoft,2016-12-12,2017-04-11,120
ZDI-17-284,ZDI-CAN-4218,Microsoft,CVE-2017-0158,4.3,2017-04-11,,Microsoft Windows ADO Array-Type Parameter Use-After-Free Information Disclosure Vulnerability,,Microsoft,2016-11-30,2017-04-11,132
ZDI-17-282,ZDI-CAN-4589,Adobe,CVE-2017-3057,6.8,2017-08-01,,(Pwn2Own) Adobe Reader DC Collab documentToStream Use-After-Free Remote Code Execution Vulnerability,,Adobe,2017-03-19,2017-08-01,135
ZDI-17-281,ZDI-CAN-4588,Adobe,CVE-2017-3056,4.3,2017-08-01,,(Pwn2Own) Adobe Reader DC util streamFromString Uninitialized Memory Information Disclosure Vulnerability,,Adobe,2017-03-19,2017-08-01,135
ZDI-17-280,ZDI-CAN-4575,Adobe,CVE-2017-3055,6.8,2017-04-11,,(Pwn2Own) Adobe Reader DC JPEG2000 Parsing Heap-based Buffer Overflow Remote Code Execution Vulnerability,,Adobe,2017-03-19,2017-04-11,23
ZDI-17-279,ZDI-CAN-4607,Adobe,CVE-2017-3063,6.8,2017-08-01,,(Pwn2Own) Adobe Flash NetStream Use-After-Free Remote Code Execution Vulnerability,,Adobe,2017-03-19,2017-08-01,135
ZDI-17-278,ZDI-CAN-4601,Adobe,CVE-2017-3062,6.8,2017-04-11,,(Pwn2Own) Adobe Flash TextField Attribute Array Use-After-Free Remote Code Execution Vulnerability,,Adobe,2017-03-19,2017-04-11,23
ZDI-17-277,ZDI-CAN-4460,Adobe,CVE-2017-3053,4.3,2017-04-11,,Adobe Acrobat Pro DC ImageConversion JPEG Parsing Out-Of-Bounds Read Information Disclosure Vulnerability,,Adobe,2017-02-16,2017-04-11,54
ZDI-17-276,ZDI-CAN-4486,Adobe,CVE-2017-3052,4.3,2017-04-11,,Adobe Acrobat Pro DC ImageConversion EMF Parsing Out-Of-Bounds Read Information Disclosure Vulnerability,,Adobe,2017-02-16,2017-04-11,54
ZDI-17-275,ZDI-CAN-4487,Adobe,CVE-2017-3051,4.3,2017-04-11,,Adobe Acrobat Pro DC ImageConversion JPEG Parsing Out-Of-Bounds Read Information Disclosure Vulnerability,,Adobe,2017-02-16,2017-04-11,54
ZDI-17-274,ZDI-CAN-4491,Adobe,CVE-2017-3050,6.8,2017-04-11,,Adobe Acrobat Pro DC ImageConversion GIF Parsing Out-Of-Bounds Write Remote Code Execution Vulnerability,,Adobe,2017-02-16,2017-04-11,54
ZDI-17-273,ZDI-CAN-4496,Adobe,CVE-2017-3049,6.8,2017-04-11,,Adobe Acrobat Pro DC ImageConversion TIFF Parsing Heap-based Buffer Overflow Remote Code Execution Vulnerability,,Adobe,2017-02-16,2017-04-11,54
ZDI-17-272,ZDI-CAN-4488,Adobe,CVE-2017-3048,6.8,2017-04-11,,Adobe Acrobat Pro DC ImageConversion TIFF Parsing Heap-based Buffer Overflow Remote Code Execution Vulnerability,,Adobe,2017-02-16,2017-04-11,54
ZDI-17-271,ZDI-CAN-4495,Adobe,CVE-2017-3047,6.8,2017-04-11,,Adobe Reader DC Annotations Object Use-After-Free Remote Code Execution Vulnerability,,Adobe,2017-02-16,2017-04-11,54
ZDI-17-270,ZDI-CAN-4500,Adobe,CVE-2017-3046,4.3,2017-04-11,,Adobe Acrobat Pro DC JPEG2000 Parsing Out-Of-Bounds Read Information Disclosure Vulnerability,,Adobe,2017-02-16,2017-04-11,54
ZDI-17-269,ZDI-CAN-4493,Adobe,CVE-2017-3042,4.3,2017-04-11,,Adobe Acrobat Pro DC ImageConversion TIFF Parsing Out-Of-Bounds Read Information Disclosure Vulnerability,,Adobe,2017-02-16,2017-04-11,54
ZDI-17-268,ZDI-CAN-4499,Adobe,CVE-2017-3045,4.3,2017-04-11,,Adobe Acrobat Pro DC JPEG2000 Parsing Out-Of-Bounds Read Information Disclosure Vulnerability,,Adobe,2017-02-16,2017-04-11,54
ZDI-17-267,ZDI-CAN-4501,Adobe,CVE-2017-3044,6.8,2017-04-11,,Adobe Acrobat Pro DC JPEG2000 Parsing Out-Of-Bounds Write Remote Code Execution Vulnerability,,Adobe,2017-02-16,2017-04-11,54
ZDI-17-266,ZDI-CAN-4431,Adobe,CVE-2017-3042,4.3,2017-04-11,,Adobe Acrobat Pro DC ImageConversion TIFF Parsing Out-Of-Bounds Read Information Disclosure Vulnerability,,Adobe,2017-01-13,2017-04-11,88
ZDI-17-265,ZDI-CAN-4433,Adobe,CVE-2017-3042,6.8,2017-04-11,,Adobe Acrobat Pro DC ImageConversion TIFF Parsing Heap-based Buffer Overflow Remote Code Execution Vulnerability,,Adobe,2017-01-13,2017-04-11,88
ZDI-17-264,ZDI-CAN-4432,Adobe,CVE-2017-3042,6.8,2017-04-11,,Adobe Acrobat Pro DC ImageConversion TIFF Parsing Heap-based Buffer Overflow Remote Code Execution Vulnerability,,Adobe,2017-01-13,2017-04-11,88
ZDI-17-263,ZDI-CAN-4434,Adobe,CVE-2017-3043,4.3,2017-04-11,,Adobe Reader DC Collab shareFile Information Disclosure Vulnerability,,Adobe,2017-01-13,2017-04-11,88
ZDI-17-262,ZDI-CAN-4395,Adobe,CVE-2017-3036,6.8,2017-04-11,,Adobe Acrobat Pro DC ImageConversion PCX Parsing Out-Of-Bounds Write Remote Code Execution Vulnerability,,Adobe,2017-01-09,2017-04-11,92
ZDI-17-261,ZDI-CAN-4374,Adobe,CVE-2017-3035,6.8,2017-04-11,,Adobe Reader DC XFA dashDotDot Use-After-Free Remote Code Execution Vulnerability,,Adobe,2017-01-09,2017-04-11,92
ZDI-17-260,ZDI-CAN-4355,Adobe,CVE-2017-3034,6.8,2017-04-11,,Adobe Reader DC XFA Array Index Integer Underflow Remote Code Execution Vulnerability,,Adobe,2017-01-09,2017-04-11,92
ZDI-17-259,ZDI-CAN-4382,Adobe,CVE-2017-3031,4.3,2017-04-11,,Adobe Reader DC Nested Variables Out-Of-Bounds Read Information Disclosure Vulnerability,,Adobe,2017-01-09,2017-04-11,92
ZDI-17-258,ZDI-CAN-4384,Adobe,CVE-2017-3033,4.3,2017-04-11,,Adobe Reader DC JPEG2000 Parsing Out-Of-Bounds Read Information Disclosure Vulnerability,,Adobe,2017-01-09,2017-04-11,92
ZDI-17-257,ZDI-CAN-4334,Adobe,CVE-2017-3032,4.3,2017-04-11,,Adobe Reader DC JPEG2000 Parsing Out-Of-Bounds Read Information Disclosure Vulnerability,,Adobe,2017-01-09,2017-04-11,92
ZDI-17-256,ZDI-CAN-4381,Adobe,CVE-2017-3031,4.3,2017-04-11,,Adobe Reader DC XSLT Namespace Node Out-Of-Bounds Read Information Disclosure Vulnerability,,Adobe,2017-01-09,2017-04-11,92
ZDI-17-255,ZDI-CAN-4335,Adobe,CVE-2017-3029,4.3,2017-04-11,,Adobe Reader DC JPEG2000 Out-Of-Bounds Read Information Disclosure Vulnerability,,Adobe,2017-01-03,2017-04-11,98
ZDI-17-254,ZDI-CAN-4336,Adobe,CVE-2017-3028,6.8,2017-04-11,,Adobe Acrobat Pro DC ImageConversion TIFF Parsing Out-Of-Bounds Write Remote Code Execution Vulnerability,,Adobe,2017-01-03,2017-04-11,98
ZDI-17-253,ZDI-CAN-4306,Adobe,CVE-2017-3023,6.8,2017-04-11,,Adobe Reader DC JPEG2000 Out-Of-Bounds Write Remote Code Execution Vulnerability,,Adobe,2016-11-30,2017-04-11,132
ZDI-17-252,ZDI-CAN-4318,Adobe,CVE-2017-3022,4.3,2017-04-11,,Adobe Reader DC JPEG2000 Out-Of-Bounds Read Information Disclosure Vulnerability,,Adobe,2016-11-30,2017-04-11,132
ZDI-17-251,ZDI-CAN-4202,Adobe,CVE-2017-3021,6.8,2017-04-11,,Adobe Reader DC JPEG2000 Out-Of-Bounds Read Information Disclosure Vulnerability,,Adobe,2016-11-30,2017-04-11,132
ZDI-17-250,ZDI-CAN-4201,Adobe,CVE-2017-3020,4.3,2017-04-11,,Adobe Reader DC Weblink Out-Of-Bounds Read Information Disclosure Vulnerability,,Adobe,2016-11-30,2017-04-11,132
ZDI-17-249,ZDI-CAN-4212,Adobe,CVE-2017-3019,6.8,2017-04-11,,Adobe Reader DC PRC Parsing Out-Of-Bound Read Remote Code Execution Vulnerability,,Adobe,2016-11-30,2017-04-11,132
ZDI-17-248,ZDI-CAN-4533,Adobe,CVE-2017-3060,4.3,2017-04-11,,Adobe Flash SWF Parsing Out-Of-Bounds Read Information Disclosure Vulnerability,,Adobe,2017-02-13,2017-04-11,57
ZDI-17-247,ZDI-CAN-4532,Adobe,CVE-2017-3060,4.3,2017-04-11,,Adobe Flash SWF Parsing Out-Of-Bounds Read Information Disclosure Vulnerability,,Adobe,2017-02-13,2017-04-11,57
ZDI-17-246,ZDI-CAN-4443,Adobe,CVE-2017-3059,6.8,2017-04-11,,Adobe Flash AS2 New Opcode Use-After-Free Remote Code Execution Vulnerability,,Adobe,2017-02-09,2017-04-11,61
ZDI-17-245,ZDI-CAN-4448,Adobe,CVE-2017-3058,6.8,2017-04-11,,Adobe Flash ByteArray Use-After-Free Remote Code Execution Vulnerability,,Adobe,2017-02-09,2017-04-11,61
ZDI-17-242,ZDI-CAN-4039,Adobe,CVE-2017-3009,4.3,2017-04-05,,Adobe Reader DC JPEG2000 Parsing Out-Of-Bounds Read Information Disclosure Vulnerability,,Adobe,2016-09-27,2017-04-05,190
ZDI-17-241,ZDI-CAN-4452,Apple,CVE-2017-2463,6.8,2017-03-30,,Apple Safari RenderBox Use-After-Free Remote Code Execution Vulnerability,,Apple,2017-01-20,2017-03-30,69
ZDI-17-234,ZDI-CAN-4620,Mozilla,CVE-2017-5428,6.8,2017-03-30,,(Pwn2Own) Mozilla Firefox createImageBitmap Integer Overflow Remote Code Execution Vulnerability,,Mozilla,2017-03-18,2017-03-30,12
ZDI-17-191,ZDI-CAN-4454,Apple,CVE-2017-2481,6.8,2017-03-28,,Apple Safari ElementData Use-After-Free Remote Code Execution Vulnerability,,Apple,2017-02-09,2017-03-28,47
ZDI-17-190,ZDI-CAN-4414,Apple,CVE-2017-2430,6.8,2017-03-28,,Apple macOS M4A Parsing Type Confusion Remote Code Execution Vulnerability,,Apple,2017-01-20,2017-03-28,67
ZDI-17-189,ZDI-CAN-4413,Apple,CVE-2017-2462,6.8,2017-03-28,,Apple macOS M4A Parsing Heap-based Buffer Overflow Remote Code Execution Vulnerability,,Apple,2017-01-20,2017-03-28,67
ZDI-17-188,ZDI-CAN-4329,Apple,CVE-2017-2432,6.8,2017-03-28,,Apple macOS ImageIO JPEG Parsing Integer Overflow Remote Code Execution Vulnerability,,Apple,2016-12-12,2017-03-28,106
ZDI-17-179,ZDI-CAN-4465,Adobe,CVE-2017-3001,6.8,2017-03-21,,Adobe Flash MovieClip transform Use-After-Free Remote Code Execution Vulnerability,,Adobe,2017-02-09,2017-03-21,40
ZDI-17-178,ZDI-CAN-4453,Adobe,CVE-2017-3001,6.8,2017-03-21,,Adobe Flash Transform matrix Use-After-Free Remote Code Execution Vulnerability,,Adobe,2017-02-09,2017-03-21,40
ZDI-17-177,ZDI-CAN-4447,Adobe,CVE-2017-3001,6.8,2017-03-21,,Adobe Flash BitmapData Use-After-Free Remote Code Execution Vulnerability,,Adobe,2017-02-09,2017-03-21,40
ZDI-17-176,ZDI-CAN-4446,Adobe,CVE-2017-3001,6.8,2017-03-21,,Adobe Flash Sound loadSound Use-After-Free Remote Code Execution Vulnerability,,Adobe,2017-02-09,2017-03-21,40
ZDI-17-175,ZDI-CAN-4445,Adobe,CVE-2017-3001,6.8,2017-03-21,,Adobe Flash TextFormat getTextExtent Use-After-Free Remote Code Execution Vulnerability,,Adobe,2017-02-09,2017-03-21,40
ZDI-17-174,ZDI-CAN-4444,Adobe,CVE-2017-3001,6.8,2017-03-21,,Adobe Flash AS2 RemoveClip Opcode Use-After-Free Remote Code Execution Vulnerability,,Adobe,2017-02-09,2017-03-21,40
ZDI-17-173,ZDI-CAN-4470,Microsoft,CVE-2017-0067,5.1,2017-03-21,,Microsoft Edge JavaScript Parsing Uninitialized Pointer Remote Code Execution Vulnerability,,Microsoft,2017-02-01,2017-03-21,48
ZDI-17-172,ZDI-CAN-4430,Microsoft,CVE-2017-0015,4.3,2017-03-21,,Microsoft Windows JavaScript Spread Operator Uninitialized Memory Information Disclosure Vulnerability,,Microsoft,2017-01-10,2017-03-21,70
ZDI-17-171,ZDI-CAN-4422,Microsoft,CVE-2017-0032,6.8,2017-03-21,,Microsoft Windows JavaScript Spread Operator Stack-based Buffer Overflow Remote Code Execution Vulnerability,,Microsoft,2017-01-10,2017-03-21,70
ZDI-17-170,ZDI-CAN-4271,Microsoft,CVE-2017-0094,6.8,2017-03-21,,Microsoft Windows JavaScript Proxy Setter Type Confusion Remote Code Execution Vulnerability,,Microsoft,2016-12-01,2017-03-21,110
ZDI-17-169,ZDI-CAN-4058,Microsoft,CVE-2017-0018,4.3,2017-03-21,,Microsoft Internet Explorer CHtmTag Use-After-Free Remote Code Execution Vulnerability,,Microsoft,2016-10-06,2017-03-21,166
ZDI-17-168,ZDI-CAN-4052,Microsoft,CVE-2017-0047,6.9,2017-03-21,,Microsoft Windows DrawIconEx Buffer Overflow Privilege Escalation Vulnerability,,Microsoft,2016-10-06,2017-03-21,166
ZDI-17-167,ZDI-CAN-3934,Microsoft,CVE-2017-0011,2.6,2017-03-21,,Microsoft Edge CTransitionValues Out-Of-Bounds Read Information Disclosure Vulnerability,,Microsoft,2016-09-08,2017-03-21,194
ZDI-17-111,ZDI-CAN-3920,Adobe,CVE-2017-2939,6.8,2017-02-16,,Adobe Acrobat Reader DC Memory Corruption Remote Code Execution Vulnerability,,Adobe,2016-09-08,2017-02-16,161
ZDI-17-110,ZDI-CAN-4370,Adobe,CVE-2017-2994,6.8,2017-02-14,,Adobe Flash Player MediaPlayer Out-Of-Bounds Access Remote Code Execution Vulnerability,,Adobe,2016-12-20,2017-02-14,56
ZDI-17-109,ZDI-CAN-4371,Adobe,CVE-2017-2995,6.8,2017-02-14,,Adobe Flash Player MessageChannel Type Confusion Remote Code Execution Vulnerability,,Adobe,2016-12-20,2017-02-14,56
ZDI-17-108,ZDI-CAN-3984,Adobe,CVE-2017-2976,4.3,2017-02-14,,Adobe Digital Editions PDF Font Parsing Out-Of-Bounds Read Information Disclosure Vulnerability,,Adobe,2016-09-08,2017-02-14,159
ZDI-17-107,ZDI-CAN-3983,Adobe,CVE-2017-2975,4.3,2017-02-14,,Adobe Digital Editions PDF Font Parsing Out-Of-Bounds Read Information Disclosure Vulnerability,,Adobe,2016-09-08,2017-02-14,159
ZDI-17-106,ZDI-CAN-3982,Adobe,CVE-2017-2974,4.3,2017-02-14,,Adobe Digital Editions PDF Font Parsing Out-Of-Bounds Read Information Disclosure Vulnerability,,Adobe,2016-09-08,2017-02-14,159
ZDI-17-105,ZDI-CAN-3981,Adobe,CVE-2017-2981,4.3,2017-02-14,,Adobe Digital Editions PDF Parsing Out-Of-Bounds Read Information Disclosure Vulnerability,,Adobe,2016-09-08,2017-02-14,159
ZDI-17-104,ZDI-CAN-3980,Adobe,CVE-2017-2978,4.3,2017-02-14,,Adobe Digital Editions PDF Font Parsing Out-Of-Bounds Read Information Disclosure Vulnerability,,Adobe,2016-09-08,2017-02-14,159
ZDI-17-103,ZDI-CAN-3978,Adobe,CVE-2017-2979,4.3,2017-02-14,,Adobe Digital Editions FlateDecode Out-Of-Bounds Read Information Disclosure Vulnerability,,Adobe,2016-09-08,2017-02-14,159
ZDI-17-102,ZDI-CAN-3977,Adobe,CVE-2017-2977,4.3,2017-02-14,,Adobe Digital Editions FlateDecode Out-Of-Bounds Read Information Disclosure Vulnerability,,Adobe,2016-09-08,2017-02-14,159
ZDI-17-054,ZDI-CAN-4121,Apple,CVE-2017-2354,6.8,2017-01-24,,Apple Safari SearchInputType Type Confusion Remote Code Execution Vulnerability,,Apple,2016-11-10,2017-01-24,75
ZDI-17-045,ZDI-CAN-4182,Adobe,CVE-2017-2970,6.8,2017-01-20,,Adobe Reader DC XSLT apply-templates Heap-based Buffer Overflow Remote Code Execution Vulnerability,,Adobe,2016-11-03,2017-01-20,78
ZDI-17-031,ZDI-CAN-4317,Adobe,CVE-2017-2967,6.8,2017-01-10,,Adobe Reader DC XFA template Out-Of-Bounds Read Remote Code Execution Vulnerability,,Adobe,2016-12-01,2017-01-10,40
ZDI-17-030,ZDI-CAN-4305,Adobe,CVE-2017-2966,6.8,2017-01-10,,Adobe Acrobat Pro DC ImageConversion TIFF Parsing Heap-based Buffer Overflow Remote Code Execution Vulnerability,,Adobe,2016-11-30,2017-01-10,41
ZDI-17-029,ZDI-CAN-4185,Adobe,CVE-2017-2949,6.8,2017-01-10,,Adobe Reader DC XSLT call-template Heap-based Buffer Overflow Remote Code Execution Vulnerability,,Adobe,2016-11-03,2017-01-10,68
ZDI-17-028,ZDI-CAN-4180,Adobe,CVE-2017-2949,6.8,2017-01-10,,Adobe Reader DC XSLT element Heap-based Buffer Overflow Remote Code Execution Vulnerability,,Adobe,2016-11-03,2017-01-10,68
ZDI-17-027,ZDI-CAN-4308,Adobe,CVE-2017-2963,4.3,2017-01-10,,Adobe Acrobat Pro DC ImageConversion TIFF Parsing Out-Of-Bounds Read Information Disclosure Vulnerability,,Adobe,2016-11-30,2017-01-10,41
ZDI-17-026,ZDI-CAN-4213,Adobe,CVE-2017-2962,6.8,2017-01-10,,Adobe Reader DC XSLT lang Type Confusion Remote Code Execution Vulnerability,,Adobe,2016-11-30,2017-01-10,41
ZDI-17-025,ZDI-CAN-4209,Adobe,CVE-2017-2961,6.8,2017-01-10,,Acrobat Reader DC XFA Field Font Size Use-After-Free Remote Code Execution Vulnerability,,Adobe,2016-11-30,2017-01-10,41
ZDI-17-024,ZDI-CAN-4208,Adobe,CVE-2017-2960,4.3,2017-01-10,,Adobe Acrobat Pro DC ImageConversion JPEG Parsing Out-Of-Bounds Read Information Disclosure Vulnerability,,Adobe,2016-11-30,2017-01-10,41
ZDI-17-023,ZDI-CAN-4200,Adobe,CVE-2017-2959,6.8,2017-01-10,,Adobe Acrobat Pro DC ImageConversion JPEG Parsing Heap-based Buffer Overflow Remote Code Execution Vulnerability,,Adobe,2016-11-30,2017-01-10,41
ZDI-17-022,ZDI-CAN-4126,Adobe,CVE-2017-2951,6.8,2017-01-10,,Adobe Reader DC XFA hyphenation Use-After-Free Remote Code Execution Vulnerability,,Adobe,2016-11-03,2017-01-10,68
ZDI-17-021,ZDI-CAN-4125,Adobe,CVE-2017-2950,6.8,2017-01-10,,Adobe Reader DC XFA Layout Use-After-Free Remote Code Execution Vulnerability,,Adobe,2016-11-03,2017-01-10,68
ZDI-17-020,ZDI-CAN-4197,Adobe,CVE-2017-2949,6.8,2017-01-10,,Adobe Reader DC XSLT decimal-format Heap-based Buffer Overflow Remote Code Execution Vulnerability,,Adobe,2016-11-03,2017-01-10,68
ZDI-17-019,ZDI-CAN-4198,Adobe,CVE-2017-2949,6.8,2017-01-10,,Adobe Reader DC XSLT namespace-alias Heap-based Buffer Overflow Remote Code Execution Vulnerability,,Adobe,2016-11-03,2017-01-10,68
ZDI-17-018,ZDI-CAN-4196,Adobe,CVE-2017-2949,6.8,2017-01-10,,Adobe Reader DC XSLT processing-instruction Heap-based Buffer Overflow Remote Code Execution Vulnerability,,Adobe,2016-11-03,2017-01-10,68
ZDI-17-017,ZDI-CAN-4195,Adobe,CVE-2017-2949,6.8,2017-01-10,,Adobe Reader DC XSLT function-available Heap-based Buffer Overflow Remote Code Execution Vulnerability,,Adobe,2016-11-03,2017-01-10,68
ZDI-17-016,ZDI-CAN-4183,Adobe,CVE-2017-2949,6.8,2017-01-10,,Adobe Reader DC XSLT sort Heap-based Buffer Overflow Remote Code Execution Vulnerability,,Adobe,2016-11-03,2017-01-10,68
ZDI-17-015,ZDI-CAN-4181,Adobe,CVE-2017-2949,6.8,2017-01-10,,Adobe Reader DC XSLT key Heap-based Buffer Overflow Remote Code Execution Vulnerability,,Adobe,2016-11-03,2017-01-10,68
ZDI-17-014,ZDI-CAN-4309,Adobe,CVE-2017-2964,4.3,2017-01-10,,Adobe Acrobat Pro DC ImageConversion JPEG Parsing Out-Of-Bounds Read Information Disclosure Vulnerability,,Adobe,2016-11-30,2017-01-10,41
ZDI-17-013,ZDI-CAN-4199,Adobe,CVE-2017-2949,6.8,2017-01-10,,Adobe Reader DC XSLT key Heap-based Buffer Overflow Remote Code Execution Vulnerability,,Adobe,2016-11-03,2017-01-10,68
ZDI-17-012,ZDI-CAN-4179,Adobe,CVE-2017-2949,6.8,2017-01-10,,Adobe Reader DC XSLT attribute Heap-based Buffer Overflow Remote Code Execution Vulnerability,,Adobe,2016-11-03,2017-01-10,68
ZDI-17-011,ZDI-CAN-4190,Adobe,CVE-2017-2949,6.8,2017-01-10,,Adobe Reader DC XSLT attribute-set Heap-based Buffer Overflow Remote Code Execution Vulnerability,,Adobe,2016-11-03,2017-01-10,68
ZDI-17-010,ZDI-CAN-4307,Adobe,CVE-2017-2965,6.8,2017-01-10,,Adobe Acrobat Pro DC ImageConversion TIFF Parsing Out-Of-Bounds Write Remote Code Execution Vulnerability,,Adobe,2016-11-30,2017-01-10,41
ZDI-17-009,ZDI-CAN-4184,Adobe,CVE-2017-2949,6.8,2017-01-10,,Adobe Reader DC XSLT format-number Heap-based Buffer Overflow Remote Code Execution Vulnerability,,Adobe,2016-11-03,2017-01-10,68
ZDI-17-008,ZDI-CAN-4186,Adobe,CVE-2017-2949,6.8,2017-01-10,,Adobe Reader DC XSLT output Heap-based Buffer Overflow Remote Code Execution Vulnerability,,Adobe,2016-11-03,2017-01-10,68
ZDI-17-007,ZDI-CAN-4189,Adobe,CVE-2017-2949,6.8,2017-01-10,,Adobe Reader DC XSLT variable Heap-based Buffer Overflow Remote Code Execution Vulnerability,,Adobe,2016-11-03,2017-01-10,68
ZDI-17-006,ZDI-CAN-4187,Adobe,CVE-2017-2949,6.8,2017-01-10,,Adobe Reader DC XSLT system-property Heap-based Buffer Overflow Remote Code Execution Vulnerability,,Adobe,2016-11-03,2017-01-10,68
ZDI-17-005,ZDI-CAN-4188,Adobe,CVE-2017-2949,6.8,2017-01-10,,Adobe Reader DC XSLT element-available Heap-based Buffer Overflow Remote Code Execution Vulnerability,,Adobe,2016-11-03,2017-01-10,68
ZDI-17-004,ZDI-CAN-4193,Adobe,CVE-2017-2946,4.3,2017-01-10,,Adobe Reader DC JPEG2000 Parsing Out-Of-Bounds Read Information Disclosure Vulnerability,,Adobe,2016-11-03,2017-01-10,68
ZDI-17-003,ZDI-CAN-4192,Adobe,CVE-2017-2946,6.8,2017-01-10,,Adobe Reader DC JPEG2000 Parsing Heap-based Buffer Overflow Remote Code Execution Vulnerability,,Adobe,2016-11-03,2017-01-10,68
ZDI-17-002,ZDI-CAN-4012,Adobe,CVE-2017-2941,4.3,2017-01-10,,Adobe Reader DC Font Parsing Out-Of-Bounds Read Information Disclosure Vulnerability,,Adobe,2016-09-08,2017-01-10,124
ZDI-18-1445,ZDI-CAN-7534,Adobe,CVE-2018-19728,5.5,2019-01-22,,Adobe Acrobat Pro DC TTF Font Parsing Out-Of-Bounds Read Information Disclosure Vulnerability,,Adobe,2018-11-12,2019-01-22,71
ZDI-18-1433,ZDI-CAN-7603,Microsoft,CVE-2018-8617,8.8,2018-12-19,,Microsoft Chakra Array Type Confusion Remote Code Execution Vulnerability,,Microsoft,2018-11-28,2018-12-19,21
ZDI-18-1432,ZDI-CAN-7623,Microsoft,CVE-2018-8617,8.8,2018-12-19,,Microsoft Chakra Array Type Confusion Remote Code Execution Vulnerability,,Microsoft,2018-12-04,2018-12-19,15
ZDI-18-1431,ZDI-CAN-7622,Microsoft,CVE-2018-8617,8.8,2018-12-19,,Microsoft Chakra Array Type Confusion Remote Code Execution Vulnerability,,Microsoft,2018-12-04,2018-12-19,15
ZDI-18-1430,ZDI-CAN-7427,Microsoft,CVE-2018-8595,3.3,2018-12-19,,Microsoft Windows gdiplus GdipGetWinMetaFileBitsEx Out-Of-Bounds Read Information Disclosure Vulnerability,,Microsoft,2018-10-29,2018-12-19,51
ZDI-18-1429,ZDI-CAN-7382,Microsoft,CVE-2018-8596,3.3,2018-12-19,,Microsoft Windows gdiplus bParseWin32Metafile Out-Of-Bounds Read Information Disclosure Vulnerability,,Microsoft,2018-10-17,2018-12-19,63
ZDI-18-1428,ZDI-CAN-6721,Adobe,CVE-2018-19721,3.3,2018-12-19,2023-06-22,Adobe Acrobat Pro DC EMF Parsing Out-Of-Bounds Read Information Disclosure Vulnerability,,Adobe,2018-09-06,2018-12-19,104
ZDI-18-1427,ZDI-CAN-6590,Adobe,CVE-2018-19723,4.3,2018-12-19,2018-12-19,Adobe Acrobat Pro DC U3D TIFF Parsing Out-Of-Bounds Read Information Disclosure Vulnerability,,Adobe,2018-07-10,2018-12-19,162
ZDI-18-1426,ZDI-CAN-6600,Adobe,CVE-2018-5035,4.3,2018-12-19,2018-12-19,Adobe Acrobat Pro DC ImageConversion EmfPlusDrawImagePoints Out-Of-Bounds Read Information Disclosure Vulnerability,,Adobe,2018-07-05,2018-12-19,167
ZDI-18-1425,ZDI-CAN-6589,Adobe,CVE-2018-5067,6.8,2018-12-19,2018-12-19,Adobe Acrobat Pro DC EMF Parsing Memory Corruption Remote Code Execution Vulnerability,,Adobe,2018-07-05,2018-12-19,167
ZDI-18-1424,ZDI-CAN-6918,Microsoft,CVE-2018-8597,3.3,2018-12-17,,Microsoft Office Excel XLS File Out-Of-Bounds Read Information Disclosure Vulnerability,,Microsoft,2018-07-23,2018-12-17,147
ZDI-18-1423,ZDI-CAN-6741,Adobe,CVE-2018-12778,3.3,2018-12-17,,Adobe Acrobat Pro DC HTML2PDF HTML Parsing Use-After-Free Information Disclosure Vulnerability,,Adobe,2018-07-11,2018-12-17,159
ZDI-18-1422,ZDI-CAN-6726,Adobe,CVE-2018-16014,3.3,2018-12-17,2023-06-22,Adobe Acrobat Pro DC EMF Parsing Use-After-Free Information Disclosure Vulnerability,,Adobe,2018-09-06,2018-12-17,102
ZDI-18-1421,ZDI-CAN-6720,Adobe,CVE-2018-12845,7.8,2018-12-17,2023-06-22,Adobe Acrobat Pro DC EMF Parsing Untrusted Pointer Dereference Remote Code Execution Vulnerability,,Adobe,2018-09-06,2018-12-17,102
ZDI-18-1420,ZDI-CAN-7297,Adobe,CVE-2018-16018,2.7,2018-12-17,,Adobe Reader DC JavaScript ANSendForFormDistribution JavaScript API Restrictions Bypass Vulnerability,,Adobe,2018-09-25,2018-12-17,83
ZDI-18-1419,ZDI-CAN-7298,Adobe,CVE-2018-16018,2.7,2018-12-17,,Adobe Reader DC JavaScript CBSharedReviewCompleteAutomation JavaScript API Restrictions Bypass Vulnerability,,Adobe,2018-09-25,2018-12-17,83
ZDI-18-1418,ZDI-CAN-7272,Adobe,CVE-2018-16018,2.7,2018-12-17,,Adobe Reader DC JavaScript ANSendForSharedReview JavaScript API Restrictions Bypass Vulnerability,,Adobe,2018-09-24,2018-12-17,84
ZDI-18-1417,ZDI-CAN-7230,Adobe,CVE-2018-16018,7.7,2018-12-17,,Adobe Reader DC JavaScript AnnotsString Object Arbitrary Overwrite Restrictions Bypass Vulnerability,,Adobe,2018-09-10,2018-12-17,98
ZDI-18-1416,ZDI-CAN-6947,Adobe,CVE-2018-16008,7.8,2018-12-17,,Adobe Acrobat Pro DC HTML2PDF HTML Parsing Use-After-Free Remote Code Execution Vulnerability,,Adobe,2018-07-26,2018-12-17,144
ZDI-18-1415,ZDI-CAN-6948,Adobe,CVE-2018-16026,3.3,2018-12-17,,Adobe Acrobat Pro DC HTML2PDF HTML Parsing Use-After-Free Information Disclosure Vulnerability,,Adobe,2018-07-26,2018-12-17,144
ZDI-18-1414,ZDI-CAN-6772,Adobe,CVE-2018-16008,7.8,2018-12-17,,Adobe Acrobat Pro DC HTML2PDF HTML Parsing Use-After-Free Remote Code Execution Vulnerability,,Adobe,2018-07-13,2018-12-17,157
ZDI-18-1413,ZDI-CAN-7038,Adobe,CVE-2018-16007,8.6,2018-12-17,,Adobe Reader DC Onix GetRecordRM Integer Overflow Remote Code Execution Vulnerability,,Adobe,2018-08-01,2018-12-17,138
ZDI-18-1412,ZDI-CAN-7005,Adobe,CVE-2018-16009,7.7,2018-12-17,,Adobe Reader DC Onix NextKey Integer Underflow Remote Code Execution Vulnerability,,Adobe,2018-07-30,2018-12-17,140
ZDI-18-1408,ZDI-CAN-7156,Microsoft,CVE-2018-8643,8.8,2018-12-13,,Microsoft Windows JScript Array concat Uninitialized Pointer Remote Code Execution Vulnerability,,Microsoft,2018-08-21,2018-12-13,114
ZDI-18-1407,ZDI-CAN-7552,Microsoft,CVE-2018-8618,7.5,2018-12-13,,Microsoft Chakra JavaScript Array Type Confusion Remote Code Execution Vulnerability,,Microsoft,2018-11-14,2018-12-13,29
ZDI-18-1406,ZDI-CAN-6745,Microsoft,CVE-2018-8628,7.3,2018-12-13,,Microsoft Office PowerPoint PPT File Use-After-Free Remote Code Execution Vulnerability,,Microsoft,2018-07-15,2018-12-13,151
ZDI-18-1405,ZDI-CAN-6901,Microsoft,CVE-2018-8598,3.3,2018-12-13,,Microsoft Office Excel XLS File Out-Of-Bounds Read Information Disclosure Vulnerability,,Microsoft,2018-07-22,2018-12-13,144
ZDI-18-1404,ZDI-CAN-6515,Microsoft,CVE-2018-8596,3.1,2018-12-13,,Microsoft Windows gd132full PlayEnhMetaFile Out-Of-Bounds Read Information Disclosure Vulnerability,,Microsoft,2018-06-28,2018-12-13,168
ZDI-18-1403,ZDI-CAN-7256,Microsoft,CVE-2018-8595,4.7,2018-12-13,,Microsoft Excel gdiplus EMF File Parsing Out-Of-Bounds Read Information Disclosure Vulnerability,,Microsoft,2018-09-20,2018-12-13,84
ZDI-18-1402,ZDI-CAN-6946,Adobe,CVE-2018-16024,5.5,2018-12-12,,Adobe Acrobat Pro DC XSLT Parsing Out-Of-Bounds Read Information Disclosure Vulnerability,,Adobe,2018-07-26,2018-12-12,139
ZDI-18-1401,ZDI-CAN-7296,Adobe,CVE-2018-19719,4.4,2018-12-12,,Adobe Reader DC Onix32 Out-Of-Bounds Read Information Disclosure Vulnerability,,Adobe,2018-09-25,2018-12-12,78
ZDI-18-1400,ZDI-CAN-7311,Adobe,CVE-2018-19720,7.8,2018-12-12,,Adobe Reader DC Onix32 Untrusted Pointer Dereference Remote Code Execution Vulnerability,,Adobe,2018-09-27,2018-12-12,76
ZDI-18-1399,ZDI-CAN-6743,Adobe,CVE-2018-16023,4.3,2018-12-12,2018-12-12,Adobe Acrobat Pro DC XSLT Parsing Out-Of-Bounds Read Information Disclosure Vulnerability,,Adobe,2018-09-21,2018-12-12,82
ZDI-18-1398,ZDI-CAN-7354,Adobe,CVE-2018-19714,3.3,2018-12-12,,Adobe Acrobat Pro DC ImageConversion XPS Parsing Out-Of-Bounds Read Information Disclosure Vulnerability,,Adobe,2018-10-10,2018-12-12,63
ZDI-18-1397,ZDI-CAN-7239,Adobe,CVE-2018-19711,3.3,2018-12-12,,Adobe Acrobat Pro DC TTF Font Parsing Out-Of-Bounds Read Information Disclosure Vulnerability,,Adobe,2018-09-14,2018-12-12,89
ZDI-18-1396,ZDI-CAN-7238,Adobe,CVE-2018-19712,3.3,2018-12-12,,Adobe Acrobat Pro DC TTF Font Parsing Out-Of-Bounds Read Information Disclosure Vulnerability,,Adobe,2018-09-14,2018-12-12,89
ZDI-18-1395,ZDI-CAN-7197,Adobe,CVE-2018-19713,7.8,2018-12-12,,Adobe Acrobat Pro DC XFA Form Parsing Use-After-Free Remote Code Execution Vulnerability,,Adobe,2018-09-01,2018-12-12,102
ZDI-18-1394,ZDI-CAN-6751,Adobe,CVE-2018-16025,7.8,2018-12-12,,Adobe Acrobat Pro DC WebLink borderWidth Use-After-Free Remote Code Execution Vulnerability,,Adobe,2018-07-14,2018-12-12,151
ZDI-18-1393,ZDI-CAN-6750,Adobe,CVE-2018-16027,7.8,2018-12-12,,Adobe Acrobat Pro DC WebLink borderColor Use-After-Free Remote Code Execution Vulnerability,,Adobe,2018-07-14,2018-12-12,151
ZDI-18-1392,ZDI-CAN-7148,Adobe,CVE-2018-16028,3.3,2018-12-12,,Adobe Acrobat Pro DC ImageConversion XPS font Parsing Out-Of-Bounds Read Information Disclosure Vulnerability,,Adobe,2018-08-16,2018-12-12,118
ZDI-18-1391,ZDI-CAN-6752,Adobe,CVE-2018-16029,7.8,2018-12-12,,Adobe Acrobat Pro DC WebLink highlightMode Use-After-Free Remote Code Execution Vulnerability,,Adobe,2018-07-14,2018-12-12,151
ZDI-18-1390,ZDI-CAN-7165,Adobe,CVE-2018-16030,3.3,2018-12-12,,Adobe Acrobat Pro DC ImageConversion XPS font Parsing Out-Of-Bounds Read Information Disclosure Vulnerability,,Adobe,2018-08-22,2018-12-12,112
ZDI-18-1389,ZDI-CAN-7020,Adobe,CVE-2018-16010,7.7,2018-12-12,,Adobe Reader DC Onix Out-Of-Bounds Read Information Disclosure Vulnerability,,Adobe,2018-07-31,2018-12-12,134
ZDI-18-1388,ZDI-CAN-7006,Adobe,CVE-2018-16005,7.7,2018-12-12,,Adobe Reader DC Onix ReadKey Out-Of-Bounds Read Information Disclosure Vulnerability,,Adobe,2018-07-30,2018-12-12,135
ZDI-18-1387,ZDI-CAN-6922,Adobe,CVE-2018-16004,8.2,2018-12-12,,Adobe Reader DC Onix IndexManagerT GetRecordInfo Uninitialized Pointer Remote Code Execution Vulnerability,,Adobe,2018-07-24,2018-12-12,141
ZDI-18-1386,ZDI-CAN-6655,Adobe,CVE-2018-16003,8.6,2018-12-12,,Adobe Reader DC AFLayoutInfo Use-After-Free Remote Code Execution Vulnerability,,Adobe,2018-07-07,2018-12-12,158
ZDI-18-1385,ZDI-CAN-6774,Adobe,CVE-2018-16008,7.8,2018-12-12,,Adobe Acrobat Pro DC HTML2PDF HTML Parsing Use-After-Free Remote Code Execution Vulnerability,,Adobe,2018-07-13,2018-12-12,152
ZDI-18-1384,ZDI-CAN-6744,Adobe,CVE-2018-16012,7.8,2018-12-12,,Adobe Acrobat Pro DC TTF Font Parsing Out-Of-Bounds Read Information Disclosure Vulnerability,,Adobe,2018-07-15,2018-12-12,150
ZDI-18-1383,ZDI-CAN-7147,Adobe,CVE-2018-16002,4.3,2018-12-12,2018-12-12,Adobe Acrobat Pro DC Font Parsing Out-Of-Bounds Read Information Disclosure Vulnerability,,Adobe,2018-08-29,2018-12-12,105
ZDI-18-1382,ZDI-CAN-7146,Adobe,CVE-2018-16001,4.3,2018-12-12,2018-12-12,Adobe Acrobat Pro DC Font Parsing Out-Of-Bounds Read Information Disclosure Vulnerability,,Adobe,2018-08-29,2018-12-12,105
ZDI-18-1381,ZDI-CAN-6551,Adobe,CVE-2018-15997,5.5,2018-12-12,,Adobe Acrobat Pro DC HTML2PDF HTML Parsing Out-Of-Bounds Read Information Disclosure Vulnerability,,Adobe,2018-07-02,2018-12-12,163
ZDI-18-1380,ZDI-CAN-6552,Adobe,CVE-2018-15992,3.3,2018-12-12,,Adobe Acrobat Pro DC HTML2PDF HTML Parsing Use-After-Free Information Disclosure Vulnerability,,Adobe,2018-07-02,2018-12-12,163
ZDI-18-1379,ZDI-CAN-6584,Adobe,CVE-2018-15994,7.8,2018-12-12,,Adobe Acrobat Pro DC HTML2PDF HTML Parsing Use-After-Free Remote Code Execution Vulnerability,,Adobe,2018-07-04,2018-12-12,161
ZDI-18-1378,ZDI-CAN-6583,Adobe,CVE-2018-15993,7.8,2018-12-12,,Adobe Acrobat Pro DC HTML2PDF HTML Parsing Use-After-Free Remote Code Execution Vulnerability,,Adobe,2018-07-03,2018-12-12,162
ZDI-18-1377,ZDI-CAN-6510,Adobe,CVE-2018-15991,7.8,2018-12-12,,Adobe Acrobat Pro DC HTML2PDF HTML Parsing Use-After-Free Remote Code Execution Vulnerability,,Adobe,2018-06-28,2018-12-12,167
ZDI-18-1376,ZDI-CAN-6707,Adobe,CVE-2018-15996,3.3,2018-12-12,,Adobe Acrobat Pro DC TTF Font Parsing Out-Of-Bounds Read Information Disclosure Vulnerability,,Adobe,2018-07-10,2018-12-12,155
ZDI-18-1375,ZDI-CAN-6631,Adobe,CVE-2018-15995,7.8,2018-12-12,,Adobe Acrobat Pro DC XSLT Parsing Integer Overflow Remote Code Execution Vulnerability,,Adobe,2018-07-05,2018-12-12,160
ZDI-18-1374,ZDI-CAN-7039,Adobe,CVE-2018-15985,4.4,2018-12-12,,Adobe Acrobat Pro DC ImageConversion XPS GSUB Parsing Out-Of-Bounds Read Information Disclosure Vulnerability,,Adobe,2018-08-02,2018-12-12,132
ZDI-18-1373,ZDI-CAN-6919,Adobe,CVE-2018-16043,5.0,2018-12-12,,Adobe Acrobat DC Onix ReadBTreeT::NextKey Out-Of-Bounds Read Information Disclosure Vulnerability,,Adobe,2018-07-24,2018-12-12,141
ZDI-18-1372,ZDI-CAN-6903,Adobe,CVE-2018-16044,4.2,2018-12-12,,Adobe Acrobat Pro DC search Javascript Restrictions Bypass Vulnerability,,Adobe,2018-07-23,2018-12-12,142
ZDI-18-1371,ZDI-CAN-6897,Adobe,CVE-2018-16045,5.2,2018-12-12,,Adobe Acrobat Pro DC Onix ReadBTreeT::FindKeyInInteriorPage Out-Of-Bounds Read Information Disclosure Vulnerability,,Adobe,2018-07-22,2018-12-12,143
ZDI-18-1370,ZDI-CAN-6900,Adobe,CVE-2018-16046,5.2,2018-12-12,,Adobe Acrobat Pro DC Onix FileClassT Use-After-Free Remote Code Execution Vulnerability,,Adobe,2018-07-22,2018-12-12,143
ZDI-18-1365,ZDI-CAN-7299,Apple,CVE-2018-4435,5.5,2018-12-10,,Apple macOS shm Uninitialized Data Information Disclosure Vulnerability,,Apple,2018-09-25,2018-12-10,76
ZDI-18-1364,ZDI-CAN-7302,Apple,CVE-2018-4462,5.5,2018-12-10,,Apple macOS AMDFramebuffer Integer Overflow Information Disclosure Vulnerability,,Apple,2018-09-26,2018-12-10,75
ZDI-18-1363,ZDI-CAN-7310,Apple,CVE-2018-4447,7.8,2018-12-10,,Apple macOS watchevent Use-After-Free Privilege Escalation Vulnerability,,Apple,2018-09-27,2018-12-10,74
ZDI-18-1358,ZDI-CAN-6740,Adobe,CVE-2018-12835,7.8,2018-11-22,,Adobe Acrobat Pro DC HTML2PDF HTML Parsing Use-After-Free Remote Code Execution Vulnerability,,Adobe,2018-07-11,2018-11-22,134
ZDI-18-1357,ZDI-CAN-6991,Microsoft,CVE-2018-8553,8.4,2018-11-21,2023-06-22,Microsoft Windows NtGdiExtTextOutW Out-Of-Bounds Write Privilege Escalation Vulnerability,,Microsoft,2018-09-19,2018-11-21,63
ZDI-18-1356,ZDI-CAN-6706,Microsoft,CVE-2018-8573,7.8,2018-11-21,,Microsoft Word doc File Use-After-Free Remote Code Execution Vulnerability,,Microsoft,2018-07-10,2018-11-21,134
ZDI-18-1355,ZDI-CAN-6548,Microsoft,CVE-2018-8581,8.1,2018-11-21,,Microsoft Exchange Server NTLM Reflection EWS User Impersonation Vulnerability,,Microsoft,2018-06-29,2018-11-21,145
ZDI-18-1350,ZDI-CAN-7409,Microsoft,CVE-2018-8588,7.5,2018-11-20,2019-02-04,Microsoft Edge Chakra Engine Type Confusion Remote Code Execution Vulnerability,,Microsoft,2018-10-26,2018-11-20,25
ZDI-18-1349,ZDI-CAN-6749,Microsoft,CVE-2018-8544,8.8,2018-11-21,,Microsoft Windows VBScript Class_Terminate Scripting.Dictionary Use-After-Free Remote Code Execution Vulnerability,,Microsoft,2018-07-14,2018-11-21,130
ZDI-18-1348,ZDI-CAN-6567,Adobe,CVE-2018-15980,4.3,2018-11-20,2018-11-20,Adobe Photoshop JPEG2000 Image Parsing Out-Of-Bounds Read Information Disclosure Vulnerability,,Adobe,2018-07-03,2018-11-20,140
ZDI-18-1347,ZDI-CAN-6580,Adobe,CVE-2018-12835,4.3,2018-11-20,2018-11-20,Adobe Acrobat Pro DC HTML2PDF HTML Parsing Out-Of-Bounds Read Information Disclosure Vulnerability,,Adobe,2018-07-05,2018-11-20,138
ZDI-18-1346,ZDI-CAN-6417,Apple,CVE-2018-4425,6.9,2018-11-20,2018-11-20,Apple macOS NECP Control Socket Type Confusion Privilege Escalation Vulnerability,,Apple,2018-07-06,2018-11-20,137
ZDI-18-1344,ZDI-CAN-6350,Apple,CVE-2018-4203,4.4,2018-11-05,2018-11-05,Apple macOS usymptomsd Out-Of-Bounds Access Privilege Escalation Vulnerability,,Apple,2018-06-14,2018-11-05,144
ZDI-18-1343,ZDI-CAN-6146,Apple,CVE-2018-4351,4.7,2018-11-05,2018-11-05,Apple macOS IntelFBClientControl doAtribute Uninitialized Memory Information Disclosure Vulnerability,,Apple,2018-06-14,2018-11-05,144
ZDI-18-1342,ZDI-CAN-6138,Apple,CVE-2018-4126,3.3,2018-11-05,2018-11-05,Apple macOS nsurlstoraged Out-Of-Bounds Read Information Disclosure Vulnerability,,Apple,2018-05-09,2018-11-05,180
ZDI-18-1341,ZDI-CAN-6137,Apple,CVE-2018-4126,1.9,2018-11-05,2018-11-05,Apple macOS nsurlstoraged Out-Of-Bounds Read Information Disclosure Vulnerability,,Apple,2018-05-09,2018-11-05,180
ZDI-18-1340,ZDI-CAN-5827,Apple,CVE-2018-4196,4.4,2018-11-05,2018-12-20,(Pwn2Own) Apple macOS Dock Service DSSetDesktopForDisplayAndSpace Uninitialized Pointer Privilege Escalation Vulnerability,,Apple,2018-04-07,2018-11-05,212
ZDI-18-1339,ZDI-CAN-5821,Apple,CVE-2018-4237,7.2,2018-11-05,2018-11-05,(Pwn2Own) Apple macOS task_set_special_port Port Overwrite Privilege Escalation Vulnerability,,Apple,2018-04-07,2018-11-05,212
ZDI-18-1338,ZDI-CAN-5820,Apple,CVE-2018-4404,4.4,2018-11-05,2018-11-05,(Pwn2Own) Apple macOS launchd Improper Access Check Privilege Escalation Vulnerability,,Apple,2018-04-07,2018-11-05,212
ZDI-18-1335,ZDI-CAN-7134,Apple,CVE-2018-4375,5.6,2018-10-31,,Apple Safari FrameLoader Use-After-Free Remote Code Execution Vulnerability,,Apple,2018-08-14,2018-10-31,78
ZDI-18-1334,ZDI-CAN-6839,Apple,CVE-2018-4413,4.7,2018-10-31,,Apple macOS sysctl_procargsx Uninitialized Buffer Information Disclosure Vulnerability,,Apple,2018-07-20,2018-10-31,103
ZDI-18-1333,ZDI-CAN-6834,Apple,CVE-2018-4422,7.0,2018-10-31,,Apple macOS IOFramebufferUserClient Race Condition Privilege Escalation Vulnerability,,Apple,2018-07-19,2018-10-31,104
ZDI-18-1332,ZDI-CAN-6497,Apple,CVE-2018-4376,5.6,2018-10-31,,Apple Safari RenderCounter Use-After-Free Remote Code Execution Vulnerability,,Apple,2018-06-28,2018-10-31,125
ZDI-18-1328,ZDI-CAN-6821,Apple,CVE-2018-4326,6.9,2018-10-30,2018-10-30,Apple macOS mDNSOffloadUserClient Race Condition Privilege Escalation Vulnerability,,Apple,2018-07-24,2018-10-30,98
ZDI-18-1327,ZDI-CAN-6360,Apple,CVE-2018-4411,4.4,2018-10-30,2018-10-30,Apple macOS libATSServer Heap-based Buffer Overflow Privilege Escalation Vulnerability,,Apple,2018-07-12,2018-10-30,110
ZDI-18-1326,ZDI-CAN-6378,Apple,CVE-2018-4425,6.9,2018-10-30,2018-10-30,Apple macOS NECP Control Socket Type Confusion Privilege Escalation Vulnerability,,Apple,2018-07-12,2018-10-30,110
ZDI-18-1325,ZDI-CAN-6363,Apple,CVE-2018-4425,6.9,2018-10-30,2018-10-30,Apple macOS NECP Control Socket Type Confusion Privilege Escalation Vulnerability,,Apple,2018-07-06,2018-10-30,116
ZDI-18-1324,ZDI-CAN-6488,Apple,CVE-2018-4410,6.9,2018-10-30,2018-10-30,Apple macOS AppleGraphicsDevicePolicy Out-Of-Bounds Access Privilege Escalation Vulnerability,,Apple,2018-07-03,2018-10-30,119
ZDI-18-1323,ZDI-CAN-6388,Apple,CVE-2018-4373,6.8,2018-10-30,2018-10-30,Apple Safari WebCrypto Race Condition Remote Code Execution Vulnerability,,Apple,2018-06-22,2018-10-30,130
ZDI-18-1322,ZDI-CAN-6149,Apple,CVE-2018-4417,4.7,2018-10-30,2018-10-30,Apple macOS AppleGPUWrangler Logging Uninitialized Memory Information Disclosure Vulnerability,,Apple,2018-06-14,2018-10-30,138
ZDI-18-1321,ZDI-CAN-5819,Apple,CVE-2018-4233,6.8,2018-10-30,2018-10-30,(Pwn2Own) Apple Safari CreateThis Type Confusion Remote Code Execution Vulnerability,,Apple,2018-04-07,2018-10-30,206
ZDI-18-1320,ZDI-CAN-5813,Apple,CVE-2018-4193,4.4,2018-10-30,2018-10-30,Apple macOS WindowServer XRegisterForKey Out-Of-Bounds Write Privilege Escalation Vulnerability,,Apple,2018-02-20,2018-10-30,252
ZDI-18-1291,ZDI-CAN-6203,Apple,,6.9,2018-10-17,2018-10-17,Apple macOS getsockopt Out-Of-Bounds Access Privilege Escalation Vulnerability,,Apple,2018-05-18,2018-10-17,152
ZDI-18-1290,ZDI-CAN-5567,Microsoft,,6.8,2018-10-17,2018-10-17,Microsoft Visual Studio Code URL Command Injection Remote Code Execution Vulnerability,,Microsoft,2018-01-09,2018-10-17,281
ZDI-18-1227,ZDI-CAN-6770,Adobe,CVE-2018-15946,3.3,2018-10-11,,Adobe Acrobat ImageConversion EMF EmfPlusDrawBeziers Out-Of-Bounds Read Vulnerability,,Adobe,2018-07-13,2018-10-11,90
ZDI-18-1187,ZDI-CAN-6789,Adobe,CVE-2018-15947,3.3,2018-10-11,,Adobe Acrobat ImageConversion EMF EMR_STRETCHBLT Out-Of-Bounds Read Information Disclosure Vulnerability,,Adobe,2018-07-12,2018-10-11,91
ZDI-18-1186,ZDI-CAN-6896,Adobe,CVE-2018-15948,3.3,2018-10-11,,Adobe Acrobat ImageConversion XPS Parsing Out-Of-Bounds Read Information Disclosure Vulnerability,,Adobe,2018-07-20,2018-10-11,83
ZDI-18-1173,ZDI-CAN-6793,Adobe,CVE-2018-15949,3.3,2018-10-11,,Adobe Acrobat ImageConversion EMF EMR_STRETCHBLT BI_BITFIELDS Out-Of-Bounds Read Information Disclosure Vulnerability,,Adobe,2018-07-12,2018-10-11,91
ZDI-18-1170,ZDI-CAN-6999,Adobe,CVE-2018-15950,3.3,2018-10-11,,Adobe Acrobat ImageConversion EMF EMR_ALPHABLEND Out-Of-Bounds Read Information Disclosure Vulnerability,,Adobe,2018-07-27,2018-10-11,76
ZDI-18-1138,ZDI-CAN-6611,Microsoft,CVE-2018-8460,6.8,2018-10-10,2018-10-10,Microsoft Internet Explorer CSS Style Out-Of-Bounds Write Remote Code Execution Vulnerability,,Microsoft,2018-07-10,2018-10-10,92
ZDI-18-1137,ZDI-CAN-6555,Microsoft,CVE-2018-8460,6.8,2018-10-10,2018-10-10,Microsoft Internet Explorer CSS Style Double Free Remote Code Execution Vulnerability,,Microsoft,2018-07-10,2018-10-10,92
ZDI-18-1136,ZDI-CAN-6489,Microsoft,CVE-2018-8495,6.8,2018-10-10,2018-10-10,Microsoft Edge Hazardous URI Insufficient UI Warning Remote Code Execution Vulnerability,,Microsoft,2018-07-03,2018-10-10,99
ZDI-18-1135,ZDI-CAN-6415,Microsoft,CVE-2018-8333,6.9,2018-10-10,2018-10-10,Microsoft Windows SMB2 Out-Of-Bounds Access Information Disclosure Vulnerability,,Microsoft,2018-06-28,2018-10-10,104
ZDI-18-1134,ZDI-CAN-6405,Microsoft,CVE-2018-8491,5.0,2018-10-10,2018-10-10,Microsoft Internet Explorer WebCrypto importKey Use-After-Free Information Disclosure Vulnerability,,Microsoft,2018-06-28,2018-10-10,104
ZDI-18-1133,ZDI-CAN-6375,Microsoft,CVE-2018-8533,2.6,2018-10-10,2018-10-10,Microsoft SQL Server Management Studio regsrvr File XML External Entity Processing Information Disclosure Vulnerability,,Microsoft,2018-06-11,2018-10-10,121
ZDI-18-1132,ZDI-CAN-6357,Microsoft,CVE-2018-8532,2.6,2018-10-10,2018-10-10,Microsoft SQL Server Management Studio xmla File XML External Entity Processing Information Disclosure Vulnerability,,Microsoft,2018-06-07,2018-10-10,125
ZDI-18-1131,ZDI-CAN-6337,Microsoft,CVE-2018-8527,2.6,2018-10-10,2018-10-10,Microsoft SQL Server Management Studio xel File XML External Entity Processing Information Disclosure Vulnerability,,Microsoft,2018-06-07,2018-10-10,125
ZDI-18-1130,ZDI-CAN-6343,Microsoft,CVE-2018-8420,6.8,2018-10-10,2018-10-10,Microsoft Windows VBScript Class_Terminate MSXML6 Use-After-Free Remote Code Execution Vulnerability,,Microsoft,2018-06-05,2018-10-10,127
ZDI-18-1118,ZDI-CAN-6842,Adobe,CVE-2018-12879,4.3,2018-10-03,2018-10-03,Adobe Acrobat Pro DC ImageConversion EMF EMR_COMMENT Out-Of-Bounds Read Information Disclosure Vulnerability,,Adobe,2018-07-24,2018-10-03,71
ZDI-18-1117,ZDI-CAN-6682,Adobe,CVE-2018-12877,6.8,2018-10-03,2018-10-03,Adobe Acrobat Pro DC HTML2PDF HTML Parsing Use-After-Free Remote Code Execution Vulnerability,,Adobe,2018-07-19,2018-10-03,76
ZDI-18-1116,ZDI-CAN-6812,Adobe,CVE-2018-12876,6.8,2018-10-03,2018-10-04,Adobe Acrobat Pro DC ImageConversion EMF Parsing Type Confusion Remote Code Execution Vulnerability,,Adobe,2018-07-19,2018-10-03,76
ZDI-18-1115,ZDI-CAN-6669,Adobe,CVE-2018-12868,6.8,2018-10-03,2018-10-03,Adobe Acrobat Pro DC ImageConversion EMF Parsing Out-Of-Bounds Write Remote Code Execution Vulnerability,,Adobe,2018-07-17,2018-10-03,78
ZDI-18-1114,ZDI-CAN-6604,Adobe,CVE-2018-12855,4.3,2018-10-03,2018-10-03,Adobe Acrobat Pro DC ImageConversion JPEG Parsing Out-Of-Bounds Read Information Disclosure Vulnerability,,Adobe,2018-07-10,2018-10-03,85
ZDI-18-1113,ZDI-CAN-6605,Adobe,CVE-2018-12856,4.3,2018-10-03,2018-10-03,Adobe Acrobat Pro DC ImageConversion JPEG Parsing Out-Of-Bounds Read Information Disclosure Vulnerability,,Adobe,2018-07-10,2018-10-03,85
ZDI-18-1112,ZDI-CAN-6527,Adobe,CVE-2018-12858,6.8,2018-10-03,2018-10-03,Adobe Acrobat Pro DC XFA Template Type Confusion Remote Code Execution Vulnerability,,Adobe,2018-07-10,2018-10-03,85
ZDI-18-1111,ZDI-CAN-6601,Adobe,CVE-2018-12851,6.8,2018-10-03,2018-10-03,Adobe Acrobat Pro DC EMF BMP Parsing Heap-based Buffer Overflow Remote Code Execution Vulnerability,,Adobe,2018-07-05,2018-10-03,90
ZDI-18-1110,ZDI-CAN-6426,Adobe,CVE-2018-12842,6.8,2018-10-03,2018-10-03,Adobe Acrobat ImageConversion EMF EmfPlusDrawDriverstring Integer Overflow Remote Code Execution Vulnerability,,Adobe,2018-06-28,2018-10-03,97
ZDI-18-1092,ZDI-CAN-5986,Adobe,CVE-2018-4990,4.3,2018-09-27,2018-09-27,Adobe Acrobat Pro DC ImageConversion JPEG2000 Parsing Out-Of-Bounds Read Information Disclosure Vulnerability,,Adobe,2018-04-25,2018-09-27,155
ZDI-18-1083,ZDI-CAN-6666,Apple,CVE-2018-4358,4.3,2018-09-24,2018-09-24,Apple Safari Array Concat Uninitialized Buffer Information Disclosure Vulnerability,,Apple,2018-07-19,2018-09-24,67
ZDI-18-1082,ZDI-CAN-6416,Apple,CVE-2018-4309,6.4,2018-09-24,2018-09-24,Apple Safari Subframe Same-Origin Policy Bypass Vulnerability,,Apple,2018-06-22,2018-09-24,94
ZDI-18-1081,ZDI-CAN-6361,Apple,CVE-2018-4299,6.8,2018-09-24,2018-09-24,Apple Safari performProxyCall Internal Object Remote Code Execution Vulnerability,,Apple,2018-06-14,2018-09-24,102
ZDI-18-1075,ZDI-CAN-6135,Microsoft,CVE-2018-8423,6.8,2018-09-20,2018-10-10,(0Day) Microsoft Windows Jet Database Engine Out-Of-Bounds Write Remote Code Execution Vulnerability,,Microsoft,2018-05-08,2018-09-20,135
ZDI-18-1074,ZDI-CAN-5781,Adobe,CVE-2018-12778,4.3,2018-09-19,2018-09-19,Adobe Acrobat Pro DC HTML2PDF HTML Parsing Out-Of-Bounds Read Information Disclosure Vulnerability,,Adobe,2018-05-22,2018-09-19,120
ZDI-18-1073,ZDI-CAN-5747,Adobe,CVE-2018-12775,4.3,2018-09-19,2018-09-19,Adobe Acrobat Pro DC HTML2PDF HTML Parsing Out-Of-Bounds Read Information Disclosure Vulnerability,,Adobe,2018-05-22,2018-09-19,120
ZDI-18-1072,ZDI-CAN-6082,Microsoft,CVE-2018-0994,6.8,2018-09-19,2018-09-19,Microsoft Chakra Array.splice Use-After-Free Remote Code Execution Vulnerability,,Microsoft,2018-04-13,2018-09-19,159
ZDI-18-1069,ZDI-CAN-6127,Apple,CVE-2018-4196,4.4,2018-09-19,2018-09-19,Apple macOS Dock Service DSSetPreferences Uninitialized Pointer Privilege Escalation Vulnerability,,Apple,2018-04-25,2018-09-19,147
ZDI-18-1068,ZDI-CAN-6126,Apple,CVE-2018-4196,4.4,2018-09-19,2018-09-19,Apple macOS Dock Service DSCopyPreferences Uninitialized Pointer Privilege Escalation Vulnerability,,Apple,2018-04-25,2018-09-19,147
ZDI-18-1067,ZDI-CAN-6125,Apple,CVE-2018-4196,4.4,2018-09-19,2018-09-19,Apple macOS Dock Service DSSetProcessRecents Uninitialized Pointer Privilege Escalation Vulnerability,,Apple,2018-04-25,2018-09-19,147
ZDI-18-1061,ZDI-CAN-6309,Adobe,CVE-2018-12795,4.3,2018-09-18,2018-09-18,Adobe Acrobat Pro DC ImageConversion EMF Parsing Out-Of-Bounds Read Information Disclosure Vulnerability,,Adobe,2018-06-11,2018-09-18,99
ZDI-18-1057,ZDI-CAN-6150,Apple,CVE-2018-4338,4.7,2018-09-17,2018-09-17,Apple macOS AirPort BrcmNIC Out-Of-Bounds Read Information Disclosure Vulnerability,,Apple,2018-06-14,2018-09-17,95
ZDI-18-1056,ZDI-CAN-6389,Microsoft,CVE-2018-8429,2.6,2018-09-14,2018-09-14,Microsoft Excel XLS File Use-After-Free Information Disclosure Vulnerability,,Microsoft,2018-06-19,2018-09-14,87
ZDI-18-1055,ZDI-CAN-6342,Microsoft,CVE-2018-8420,6.8,2018-09-14,2018-09-14,Microsoft Windows VBScript Class_Terminate MSXML3 Use-After-Free Remote Code Execution Vulnerability,,Microsoft,2018-06-05,2018-09-14,101
ZDI-18-1054,ZDI-CAN-6283,Microsoft,CVE-2018-8336,1.9,2018-09-14,2018-09-14,Microsoft Windows SMB Client Out-Of-Bounds Read Information Disclosure Vulnerability,,Microsoft,2018-05-24,2018-09-14,113
ZDI-18-1053,ZDI-CAN-6344,Microsoft,CVE-2018-8424,4.3,2018-09-14,2018-09-14,Microsoft Internet Explorer EMF Graphic Out-Of-Bounds Read Information Disclosure Vulnerability,,Microsoft,2018-06-05,2018-09-14,101
ZDI-18-1052,ZDI-CAN-6258,Microsoft,CVE-2018-8393,5.1,2018-09-14,2018-09-14,Microsoft Windows Jet Database Engine Out-Of-Bounds Write Remote Code Execution Vulnerability,,Microsoft,2018-06-05,2018-09-14,101
ZDI-18-1051,ZDI-CAN-6263,Microsoft,CVE-2018-8461,6.8,2018-09-14,2018-09-14,Microsoft Internet Explorer MSCTF CInputContextAdapter Use-After-Free Remote Code Execution Vulnerability,,Microsoft,2018-05-24,2018-09-14,113
ZDI-18-1050,ZDI-CAN-6256,Microsoft,CVE-2018-8392,6.8,2018-09-14,2018-09-14,Microsoft Windows Excel Database Driver Buffer Overflow Remote Code Execution Vulnerability,,Microsoft,2018-06-05,2018-09-14,101
ZDI-18-1049,ZDI-CAN-6255,Microsoft,CVE-2018-8392,6.8,2018-09-14,2018-09-14,Microsoft Windows Excel Database Driver FORMULA Record Integer Overflow Remote Code Execution Vulnerability,,Microsoft,2018-06-05,2018-09-14,101
ZDI-18-1048,ZDI-CAN-6262,Microsoft,CVE-2018-8447,6.8,2018-09-14,2018-09-14,Microsoft Internet Explorer Table Row NULL Pointer Dereference Remote Code Execution Vulnerability,,Microsoft,2018-05-31,2018-09-14,106
ZDI-18-1047,ZDI-CAN-6607,Microsoft,CVE-2018-8367,8.8,2018-09-13,2018-09-13,Microsoft Chakra JavaScript Array Literal Use-After-Free Remote Code Execution Vulnerability,,Microsoft,2018-07-05,2018-09-13,70
ZDI-18-1009,ZDI-CAN-6130,Adobe,CVE-2018-5007,6.8,2018-09-11,2018-09-11,Adobe Flash NetConnection Type Confusion Remote Code Execution Vulnerability,,Adobe,2018-04-25,2018-09-11,139
ZDI-18-1008,ZDI-CAN-5746,Adobe,CVE-2018-12771,6.8,2018-09-11,2018-09-11,Adobe Acrobat Pro DC HTML2PDF HTML Parsing Out-Of-Bounds Write Remote Code Execution Vulnerability,,Adobe,2018-05-22,2018-09-11,112
ZDI-18-960,ZDI-CAN-5995,Adobe,CVE-2018-5044,4.3,2018-08-30,2018-09-12,Adobe Acrobat Pro DC U3D TIFF Out-Of-Bounds Read Information Disclosure Vulnerability,,Adobe,2018-04-25,2018-08-30,127
ZDI-18-959,ZDI-CAN-5739,Adobe,CVE-2018-5015,6.8,2018-08-30,2018-08-30,Adobe Acrobat Pro DC ImageConversion XPS idRangeOffset Parsing Heap-based Buffer Overflow Remote Code Execution Vulnerability,,Adobe,2018-04-19,2018-08-30,133
ZDI-18-958,ZDI-CAN-5989,Adobe,CVE-2018-12799,6.8,2018-08-30,2018-08-30,Adobe Acrobat Pro DC Catalog Index Untrusted Pointer Dereference Remote Code Execution Vulnerability,,Adobe,2018-04-17,2018-08-30,135
ZDI-18-957,ZDI-CAN-5615,Adobe,CVE-2018-12824,4.3,2018-08-30,2018-08-30,Adobe Flash MP3 Parsing COMM Out-Of-Bounds Read Information Disclosure Vulnerability,,Adobe,2018-04-25,2018-08-30,127
ZDI-18-956,ZDI-CAN-6588,Microsoft,CVE-2018-8394,2.6,2018-08-30,2018-08-30,Microsoft Windows EMF File Out-Of-Bounds Read Information Disclosure Vulnerability,,Microsoft,2018-07-10,2018-08-30,51
ZDI-18-954,ZDI-CAN-6076,Microsoft,CVE-2018-0994,6.8,2018-08-22,2018-08-22,Microsoft Chakra Array.reverse Use-After-Free Remote Code Execution Vulnerability,,Microsoft,2018-04-13,2018-08-22,131
ZDI-18-953,ZDI-CAN-6776,Microsoft,CVE-2018-8373,8.8,2018-08-14,,Microsoft Windows VBScript Array Use-After-Free Remote Code Execution Vulnerability,,Microsoft,2018-07-13,2018-08-14,32
ZDI-18-952,ZDI-CAN-6284,Microsoft,CVE-2018-8316,6.8,2018-08-14,2018-08-14,Microsoft Office Word Preview Unsafe Hyperlink Remote Code Execution Vulnerability,,Microsoft,2018-05-24,2018-08-14,82
ZDI-18-951,ZDI-CAN-6141,Microsoft,CVE-2018-8401,6.9,2018-08-14,2018-08-14,Microsoft Windows BasicRender Driver Race Condition Privilege Escalation Vulnerability,,Microsoft,2018-05-03,2018-08-14,103
ZDI-18-950,ZDI-CAN-6120,Microsoft,CVE-2018-8400,6.9,2018-08-14,2018-08-14,Microsoft Windows dxgkrnl Driver D3DKMTRender Method Untrusted Pointer Dereference Privilege Escalation Vulnerability,,Microsoft,2018-05-03,2018-08-14,103
ZDI-18-949,ZDI-CAN-6148,Microsoft,CVE-2018-8401,6.9,2018-08-14,2018-08-14,Microsoft Windows D3DKMTSubmitCommand BasicRender Driver Out-of-bounds Memory Access Privilege Escalation Vulnerability,,Microsoft,2018-05-03,2018-08-14,103
ZDI-18-948,ZDI-CAN-6154,Microsoft,CVE-2018-0953,6.8,2018-08-14,2018-08-14,Microsoft Chakra Floating Point Array Type Confusion Remote Code Execution Vulnerability,,Microsoft,2018-05-04,2018-08-14,102
ZDI-18-947,ZDI-CAN-6119,Microsoft,CVE-2018-8406,6.9,2018-08-14,2018-08-14,Microsoft Windows Dxgkrnl Type Confusion Privilege Escalation Vulnerability,,Microsoft,2018-04-25,2018-08-14,111
ZDI-18-946,ZDI-CAN-6118,Microsoft,CVE-2018-8405,6.9,2018-08-14,2018-08-14,Microsoft Windows Dxgkrnl Type Confusion Privilege Escalation Vulnerability,,Microsoft,2018-04-25,2018-08-14,111
ZDI-18-945,ZDI-CAN-6117,Microsoft,CVE-2018-8404,7.2,2018-08-14,2018-08-14,Microsoft Windows NtGdiClearBitmapAttributes Use-After-Free Privilege Escalation Vulnerability,,Microsoft,2018-04-25,2018-08-14,111
ZDI-18-944,ZDI-CAN-6106,Microsoft,CVE-2018-8302,9.0,2018-08-14,2018-08-14,Microsoft Exchange Server Voicemail Transcription Improper Access Control Remote Code Execution Vulnerability,,Microsoft,2018-05-08,2018-08-14,98
ZDI-18-943,ZDI-CAN-6181,Microsoft,CVE-2018-8344,6.8,2018-08-14,2018-08-14,Microsoft Windows Font Subsetting Integer Overflow Remote Code Execution Vulnerability,,Microsoft,2018-05-08,2018-08-14,98
ZDI-18-942,ZDI-CAN-6193,Microsoft,CVE-2018-8345,6.8,2018-08-14,2018-08-14,Microsoft Windows LNK File Uninitialized Pointer Remote Code Execution Vulnerability,,Microsoft,2018-05-08,2018-08-14,98
ZDI-18-941,ZDI-CAN-6200,Microsoft,CVE-2018-8371,6.8,2018-08-14,2018-08-14,Microsoft Windows VBScript Class_Terminate Use After Free Remote Code Execution Vulnerability,,Microsoft,2018-05-08,2018-08-14,98
ZDI-18-940,ZDI-CAN-6194,Microsoft,CVE-2018-8346,2.6,2018-08-14,2018-08-14,Microsoft Windows LNK File Uninitialized Pointer Information Disclosure Vulnerability,,Microsoft,2018-05-08,2018-08-14,98
ZDI-18-880,ZDI-CAN-5360,Google,,4.9,2018-08-02,2018-08-02,(Pwn2Own) Google Android UserCallActivity Null Pointer Dereference Denial of Service Vulnerability,,Google,2017-11-01,2018-08-02,274
ZDI-18-781,ZDI-CAN-5828,Apple,CVE-2018-4199,6.8,2018-07-26,2018-12-20,(Pwn2Own) Apple Safari SVG Heap-based Buffer Overflow Remote Code Execution Vulnerability,,Apple,2018-02-20,2018-07-26,156
ZDI-18-780,ZDI-CAN-5812,Apple,CVE-2018-4204,6.8,2018-07-26,2018-07-26,Apple Safari Array splice Out-Of-Bounds Access Remote Code Execution Vulnerability,,Apple,2018-02-20,2018-07-26,156
ZDI-18-693,ZDI-CAN-5737,Adobe,CVE-2018-5015,6.8,2018-07-19,2018-07-19,Adobe Acrobat Pro DC ImageConversion XPS idDelta Parsing Heap-based Buffer Overflow Remote Code Execution Vulnerability,,Adobe,2018-04-19,2018-07-19,91
ZDI-18-692,ZDI-CAN-5776,Adobe,CVE-2018-12779,4.3,2018-07-18,2018-07-18,Adobe Acrobat Pro DC HTML2PDF HTML Parsing Out-Of-Bounds Read Information Disclosure Vulnerability,,Adobe,2018-05-22,2018-07-18,57
ZDI-18-683,ZDI-CAN-6264,Adobe,CVE-2018-12761,6.8,2018-07-16,2018-07-16,Adobe Acrobat Pro DC ImageConversion EMF Parsing Heap-based Buffer Overflow Remote Code Execution Vulnerability,,Adobe,2018-06-11,2018-07-16,35
ZDI-18-682,ZDI-CAN-6282,Adobe,CVE-2018-12794,6.8,2018-07-16,2018-07-16,Adobe Acrobat Pro DC XFA Template Type Confusion Remote Code Execution Vulnerability,,Adobe,2018-06-11,2018-07-16,35
ZDI-18-681,ZDI-CAN-6339,Adobe,CVE-2018-12789,2.6,2018-07-16,2018-07-16,Adobe Acrobat Pro DC ImageConversion EMF EMR_ALPHABLEND Out-Of-Bounds Read Information Disclosure Vulnerability,,Adobe,2018-06-05,2018-07-16,41
ZDI-18-680,ZDI-CAN-6325,Adobe,CVE-2018-12788,6.8,2018-07-16,2018-07-16,Adobe Acrobat Pro DC ImageConversion EMF EMR_ALPHABLEND Heap-based Buffer Overflow Remote Code Execution Vulnerability,,Adobe,2018-06-05,2018-07-16,41
ZDI-18-679,ZDI-CAN-5967,Adobe,CVE-2018-5063,4.3,2018-07-16,2018-07-18,Adobe Acrobat Pro DC ImageConversion EMF EMR_ALPHABLEND Out-Of-Bounds Read Information Disclosure Vulnerability,,Adobe,2018-05-02,2018-07-16,75
ZDI-18-678,ZDI-CAN-6180,Adobe,CVE-2018-5056,7.5,2018-07-16,2018-07-16,Adobe Acrobat XPS2PDF Format String Remote Code Execution Vulnerability,,Adobe,2018-05-08,2018-07-16,69
ZDI-18-677,ZDI-CAN-6341,Adobe,CVE-2018-12790,2.6,2018-07-16,2018-07-16,Adobe Acrobat Pro DC JPEG2000 Parsing Out-Of-Bounds Read Information Disclosure Vulnerability,,Adobe,2018-06-05,2018-07-16,41
ZDI-18-676,ZDI-CAN-6179,Adobe,CVE-2018-5067,6.8,2018-07-16,2018-07-16,Adobe Acrobat EmfPlusDrawLines Heap-based Buffer Overflow Remote Code Execution Vulnerability,,Adobe,2018-05-08,2018-07-16,69
ZDI-18-675,ZDI-CAN-6153,Adobe,CVE-2018-5061,4.3,2018-07-16,2018-07-16,Adobe Acrobat Pro DC ImageConversion EMF EmfPlusDrawBeziers Out-Of-Bounds Read Information Disclosure Vulnerability,,Adobe,2018-05-02,2018-07-16,75
ZDI-18-674,ZDI-CAN-6101,Adobe,CVE-2018-5058,6.8,2018-07-16,2018-07-16,Adobe Acrobat Pro DC ImageConversion XPS Parsing Heap-based Buffer Overflow Remote Code Execution Vulnerability,,Adobe,2018-04-25,2018-07-16,82
ZDI-18-673,ZDI-CAN-6261,Adobe,CVE-2018-5063,4.3,2018-07-16,2018-07-16,Adobe Acrobat Pro DC XSLT Parsing Out-Of-Bounds Read Information Disclosure Vulnerability,,Adobe,2018-06-11,2018-07-16,35
ZDI-18-672,ZDI-CAN-6305,Adobe,CVE-2018-5065,4.3,2018-07-16,2018-07-16,Adobe Acrobat Pro DC XSLT Parsing Out-Of-Bounds Read Information Disclosure Vulnerability,,Adobe,2018-06-11,2018-07-16,35
ZDI-18-671,ZDI-CAN-6049,Adobe,CVE-2018-5020,6.8,2018-07-16,2018-07-16,Adobe Acrobat Pro DC ImageConversion EMF Parsing Heap-based Buffer Overflow Remote Code Execution Vulnerability,,Adobe,2018-04-25,2018-07-16,82
ZDI-18-670,ZDI-CAN-5990,Adobe,CVE-2018-5054,4.3,2018-07-16,2018-07-16,Adobe Acrobat Pro DC U3D RGB Out-Of-Bounds Read Information Disclosure Vulnerability,,Adobe,2018-04-25,2018-07-16,82
ZDI-18-669,ZDI-CAN-5991,Adobe,CVE-2018-5053,4.3,2018-07-16,2018-07-16,Adobe Acrobat Pro DC U3D TIFF Out-Of-Bounds Read Information Disclosure Vulnerability,,Adobe,2018-04-25,2018-07-16,82
ZDI-18-668,ZDI-CAN-5992,Adobe,CVE-2018-5052,6.8,2018-07-16,2018-07-16,Adobe Acrobat Pro DC U3D CEL Heap-based Buffer Overflow Remote Code Execution Vulnerability,,Adobe,2018-04-25,2018-07-16,82
ZDI-18-667,ZDI-CAN-5993,Adobe,CVE-2018-5051,4.3,2018-07-16,2018-07-16,Adobe Acrobat Pro DC U3D BMP Out-Of-Bounds Read Information Disclosure Vulnerability,,Adobe,2018-04-25,2018-07-16,82
ZDI-18-666,ZDI-CAN-5994,Adobe,CVE-2018-5050,4.3,2018-07-16,2018-07-16,Adobe Acrobat Pro DC U3D GIF Out-Of-Bounds Read Information Disclosure Vulnerability,,Adobe,2018-04-25,2018-07-16,82
ZDI-18-665,ZDI-CAN-6040,Adobe,CVE-2018-5049,4.3,2018-07-16,2018-07-16,Adobe Acrobat Pro DC U3D BMP Out-Of-Bounds Read Information Disclosure Vulnerability,,Adobe,2018-04-25,2018-07-16,82
ZDI-18-664,ZDI-CAN-5996,Adobe,CVE-2018-5048,4.3,2018-07-16,2018-07-16,Adobe Acrobat Pro DC U3D IFF Out-Of-Bounds Read Information Disclosure Vulnerability,,Adobe,2018-04-25,2018-07-16,82
ZDI-18-663,ZDI-CAN-6047,Adobe,CVE-2018-5047,4.3,2018-07-16,2018-07-16,Adobe Acrobat Pro DC U3D RGB Out-Of-Bounds Read Information Disclosure Vulnerability,,Adobe,2018-04-25,2018-07-16,82
ZDI-18-662,ZDI-CAN-6046,Adobe,CVE-2018-5046,4.3,2018-07-16,2018-07-16,Adobe Acrobat Pro DC U3D CEL Out-Of-Bounds Read Information Disclosure Vulnerability,,Adobe,2018-04-25,2018-07-16,82
ZDI-18-661,ZDI-CAN-6045,Adobe,CVE-2018-5045,6.8,2018-07-16,2018-07-16,Adobe Acrobat Pro DC U3D TGA Heap-based Buffer Overflow Remote Code Execution Vulnerability,,Adobe,2018-04-25,2018-07-16,82
ZDI-18-660,ZDI-CAN-5997,Adobe,CVE-2018-5044,4.3,2018-07-16,2018-07-16,Adobe Acrobat Pro DC U3D TIFF Out-Of-Bounds Read Information Disclosure Vulnerability,,Adobe,2018-04-25,2018-07-16,82
ZDI-18-659,ZDI-CAN-6044,Adobe,CVE-2018-5043,6.8,2018-07-16,2018-07-16,Adobe Acrobat Pro DC U3D TGA Stack-based Buffer Overflow Remote Code Execution Vulnerability,,Adobe,2018-04-25,2018-07-16,82
ZDI-18-658,ZDI-CAN-6041,Adobe,CVE-2018-5042,6.8,2018-07-16,2018-07-16,Adobe Acrobat Pro DC U3D PSD Out-Of-Bounds Write Remote Code Execution Vulnerability,,Adobe,2018-04-25,2018-07-16,82
ZDI-18-657,ZDI-CAN-5998,Adobe,CVE-2018-5041,6.8,2018-07-16,2018-07-16,Adobe Acrobat Pro DC U3D PIC Heap-based Buffer Overflow Remote Code Execution Vulnerability,,Adobe,2018-04-25,2018-07-16,82
ZDI-18-656,ZDI-CAN-5999,Adobe,CVE-2018-5040,6.8,2018-07-16,2018-07-16,Adobe Acrobat Pro DC U3D RGB Heap-based Buffer Overflow Remote Code Execution Vulnerability,,Adobe,2018-04-25,2018-07-16,82
ZDI-18-655,ZDI-CAN-6000,Adobe,CVE-2018-5039,4.3,2018-07-16,2018-07-16,Adobe Acrobat Pro DC U3D PCX Out-Of-Bounds Read Information Disclosure Vulnerability,,Adobe,2018-04-25,2018-07-16,82
ZDI-18-654,ZDI-CAN-6042,Adobe,CVE-2018-5038,6.8,2018-07-16,2018-07-16,Adobe Acrobat Pro DC U3D PSD Heap-based Buffer Overflow Remote Code Execution Vulnerability,,Adobe,2018-04-25,2018-07-16,82
ZDI-18-653,ZDI-CAN-6001,Adobe,CVE-2018-5037,6.8,2018-07-16,2018-07-16,Adobe Acrobat Pro DC U3D GIF Stack-based Buffer Overflow Remote Code Execution Vulnerability,,Adobe,2018-04-25,2018-07-16,82
ZDI-18-652,ZDI-CAN-6002,Adobe,CVE-2018-5036,6.8,2018-07-16,2018-07-16,Adobe Acrobat Pro DC U3D PIC Heap-based Buffer Overflow Remote Code Execution Vulnerability,,Adobe,2018-04-25,2018-07-16,82
ZDI-18-651,ZDI-CAN-5743,Adobe,CVE-2018-12783,6.8,2018-07-16,2018-07-16,Adobe Acrobat Pro DC HTML2PDF HTML Parsing Use-After-Free Remote Code Execution Vulnerability,,Adobe,2018-05-29,2018-07-16,48
ZDI-18-650,ZDI-CAN-5777,Adobe,CVE-2018-12781,4.3,2018-07-16,2018-07-16,Adobe Acrobat Pro DC HTML2PDF HTML Parsing Out-Of-Bounds Read Information Disclosure Vulnerability,,Adobe,2018-05-22,2018-07-16,55
ZDI-18-649,ZDI-CAN-5742,Adobe,CVE-2018-12777,6.8,2018-07-16,2018-07-16,Adobe Acrobat Pro DC HTML2PDF HTML Parsing Out-Of-Bounds Read Remote Code Execution Vulnerability,,Adobe,2018-05-22,2018-07-16,55
ZDI-18-648,ZDI-CAN-5780,Adobe,CVE-2018-12776,6.8,2018-07-16,2018-07-16,Adobe Acrobat Pro DC HTML2PDF HTML Parsing Use-After-Free Remote Code Execution Vulnerability,,Adobe,2018-05-22,2018-07-16,55
ZDI-18-647,ZDI-CAN-5779,Adobe,CVE-2018-12774,4.3,2018-07-16,2018-07-16,Adobe Acrobat Pro DC HTML2PDF HTML Parsing Out-Of-Bounds Read Information Disclosure Vulnerability,,Adobe,2018-05-22,2018-07-16,55
ZDI-18-646,ZDI-CAN-5745,Adobe,CVE-2018-12773,6.8,2018-07-16,2018-07-16,Adobe Acrobat Pro DC HTML2PDF HTML Parsing Use-After-Free Remote Code Execution Vulnerability,,Adobe,2018-05-22,2018-07-16,55
ZDI-18-645,ZDI-CAN-5778,Adobe,CVE-2018-12772,6.8,2018-07-16,2018-07-16,Adobe Acrobat Pro DC HTML2PDF HTML Parsing Use-After-Free Remote Code Execution Vulnerability,,Adobe,2018-05-22,2018-07-16,55
ZDI-18-644,ZDI-CAN-5782,Adobe,CVE-2018-12770,6.8,2018-07-16,2018-07-16,Adobe Acrobat Pro DC HTML2PDF HTML Parsing Use-After-Free Remote Code Execution Vulnerability,,Adobe,2018-05-22,2018-07-16,55
ZDI-18-643,ZDI-CAN-5744,Adobe,CVE-2018-12780,4.3,2018-07-16,2018-07-18,Adobe Acrobat Pro DC HTML2PDF HTML Parsing Out-Of-Bounds Read Information Disclosure Vulnerability,,Adobe,2018-05-22,2018-07-16,55
ZDI-18-642,ZDI-CAN-6308,Adobe,CVE-2018-12797,6.8,2018-07-13,2018-07-13,Adobe Acrobat Pro DC WebLink rect Use-After-Free Remote Code Execution Vulnerability,,Adobe,2018-06-11,2018-07-13,32
ZDI-18-641,ZDI-CAN-6090,Adobe,CVE-2018-5056,4.3,2018-07-13,2018-07-13,Adobe Acrobat Pro DC ImageConversion XPS Parsing Out-Of-Bounds Read Information Disclosure Vulnerability,,Adobe,2018-04-25,2018-07-13,79
ZDI-18-640,ZDI-CAN-6091,Adobe,CVE-2018-5055,4.3,2018-07-13,2018-07-13,Adobe Acrobat Pro DC ImageConversion EMF Parsing Out-Of-Bounds Read Information Disclosure Vulnerability,,Adobe,2018-04-25,2018-07-13,79
ZDI-18-639,ZDI-CAN-5987,Adobe,CVE-2018-5032,6.8,2018-07-13,2018-07-13,Adobe Acrobat Pro DC ImageConversion EMF JPEG Parsing Heap-based Buffer Overflow Remote Code Execution Vulnerability,,Adobe,2018-04-25,2018-07-13,79
ZDI-18-638,ZDI-CAN-5983,Adobe,CVE-2018-5028,6.8,2018-07-13,2018-07-13,Adobe Acrobat Pro DC ImageConversion XPS JPEG Parsing Heap-based Buffer Overflow Remote Code Execution Vulnerability,,Adobe,2018-04-25,2018-07-13,79
ZDI-18-637,ZDI-CAN-5982,Adobe,CVE-2018-5027,4.3,2018-07-13,2018-07-13,Adobe Acrobat Pro DC ImageConversion XPS TIFF Parsing Out-Of-Bounds Read Information Disclosure Vulnerability,,Adobe,2018-04-25,2018-07-13,79
ZDI-18-636,ZDI-CAN-5741,Adobe,CVE-2018-5019,4.3,2018-07-13,2018-07-13,Adobe Acrobat Pro DC ImageConversion XPS font Parsing Out-Of-Bounds Read Information Disclosure Vulnerability,,Adobe,2018-04-19,2018-07-13,85
ZDI-18-635,ZDI-CAN-5740,Adobe,CVE-2018-5018,4.3,2018-07-13,2018-07-13,Adobe Acrobat Pro DC ImageConversion XPS font Parsing Out-Of-Bounds Read Information Disclosure Vulnerability,,Adobe,2018-04-19,2018-07-13,85
ZDI-18-634,ZDI-CAN-5736,Adobe,CVE-2018-5017,4.3,2018-07-13,2018-07-13,Adobe Acrobat Pro DC ImageConversion XPS ulUnicodeRange2 Parsing Out-Of-Bounds Read Information Disclosure Vulnerability,,Adobe,2018-04-19,2018-07-13,85
ZDI-18-633,ZDI-CAN-5738,Adobe,CVE-2018-5016,4.3,2018-07-13,2018-07-13,Adobe Acrobat Pro DC ImageConversion XPS fsType Parsing Out-Of-Bounds Read Information Disclosure Vulnerability,,Adobe,2018-04-19,2018-07-13,85
ZDI-18-630,ZDI-CAN-5735,Adobe,CVE-2018-5014,4.3,2018-07-13,2018-07-13,Adobe Acrobat Pro DC ImageConversion XPS GSUB Parsing Out-Of-Bounds Read Information Disclosure Vulnerability,,Adobe,2018-04-19,2018-07-13,85
ZDI-18-629,ZDI-CAN-5734,Adobe,CVE-2018-12803,4.3,2018-07-13,2018-07-13,Adobe Acrobat Pro DC ImageConversion XPS Parsing Out-Of-Bounds Read Information Disclosure Vulnerability,,Adobe,2018-04-19,2018-07-13,85
ZDI-18-628,ZDI-CAN-5984,Adobe,CVE-2018-5029,4.3,2018-07-13,2018-07-13,Adobe Acrobat Pro DC ImageConversion XPS JPEG Parsing Out-Of-Bounds Read Information Disclosure Vulnerability,,Adobe,2018-04-25,2018-07-13,79
ZDI-18-627,ZDI-CAN-5985,Adobe,CVE-2018-5031,4.3,2018-07-13,2018-07-13,Adobe Acrobat Pro DC ImageConversion XPS font Parsing Out-Of-Bounds Read Information Disclosure Vulnerability,,Adobe,2018-04-25,2018-07-13,79
ZDI-18-626,ZDI-CAN-6089,Adobe,CVE-2018-5057,6.8,2018-07-13,2018-07-13,Adobe Acrobat Pro DC ImageConversion EMF Parsing Use-After-Free Remote Code Execution Vulnerability,,Adobe,2018-04-25,2018-07-13,79
ZDI-18-625,ZDI-CAN-6260,Adobe,CVE-2018-12796,6.8,2018-07-13,2018-07-13,Adobe Acrobat Pro DC ImageConversion EMF Parsing Use-After-Free Remote Code Execution Vulnerability,,Adobe,2018-06-11,2018-07-13,32
ZDI-18-624,ZDI-CAN-6259,Adobe,CVE-2018-12793,4.3,2018-07-13,2018-07-13,Adobe Acrobat Pro DC ImageConversion EMF Parsing Type Confusion Remote Code Execution Vulnerability,,Adobe,2018-06-11,2018-07-13,32
ZDI-18-623,ZDI-CAN-6092,Adobe,CVE-2018-5060,4.3,2018-07-13,2018-07-13,Adobe Acrobat Pro DC ImageConversion EMF Parsing Out-of-Bounds Read Information Disclosure Vulnerability,,Adobe,2018-04-25,2018-07-13,79
ZDI-18-622,ZDI-CAN-6093,Adobe,CVE-2018-5059,6.8,2018-07-13,2018-07-13,Adobe Acrobat Pro DC ImageConversion XPS Font Parsing Out-Of-Bounds Write Remote Code Execution Vulnerability,,Adobe,2018-04-25,2018-07-13,79
ZDI-18-621,ZDI-CAN-5977,Adobe,CVE-2018-5034,6.8,2018-07-13,2018-07-13,Adobe Acrobat Pro DC ImageConversion EMF Parsing Stack-based Buffer Overflow Remote Code Execution Vulnerability,,Adobe,2018-04-25,2018-07-13,79
ZDI-18-620,ZDI-CAN-5978,Adobe,CVE-2018-5033,4.3,2018-07-13,2018-07-13,Adobe Acrobat Pro DC ImageConversion XPS font Parsing Out-Of-Bounds Read Information Disclosure Vulnerability,,Adobe,2018-04-25,2018-07-13,79
ZDI-18-619,ZDI-CAN-5957,Adobe,CVE-2018-5030,6.8,2018-07-13,2018-07-13,Adobe Acrobat Pro DC ImageConversion EMF Parsing Untrusted Pointer Dereference Remote Code Execution Vulnerability,,Adobe,2018-04-25,2018-07-13,79
ZDI-18-618,ZDI-CAN-5767,Adobe,CVE-2018-5012,6.8,2018-07-13,2018-07-13,Adobe Acrobat Pro DC ImageConversion EMF Parsing Uninitialized Pointer Remote Code Execution Vulnerability,,Adobe,2018-04-17,2018-07-13,87
ZDI-18-617,ZDI-CAN-5979,Adobe,CVE-2018-5035,4.3,2018-07-13,2018-07-13,Adobe Acrobat Pro DC ImageConversion EMF Parsing Out-Of-Bounds Read Information Disclosure Vulnerability,,Adobe,2018-04-25,2018-07-13,79
ZDI-18-616,ZDI-CAN-6147,Microsoft,CVE-2018-8282,7.2,2018-07-13,2018-07-13,Microsoft Windows Child Window NULL Pointer Dereference Privilege Escalation Vulnerability,,Microsoft,2018-05-03,2018-07-13,71
ZDI-18-615,ZDI-CAN-6257,Microsoft,CVE-2018-8239,4.3,2018-07-13,2018-07-13,Microsoft Internet Explorer EMF Graphic Out-Of-Bounds Read Information Disclosure Vulnerability,,Microsoft,2018-05-22,2018-07-13,52
ZDI-18-614,ZDI-CAN-5894,Microsoft,CVE-2018-8307,6.8,2018-07-13,2018-07-13,Microsoft Windows WordPad Privilege Chaining Remote Code Execution Vulnerability,,Microsoft,2018-03-21,2018-07-13,114
ZDI-18-613,ZDI-CAN-6338,Microsoft,CVE-2018-8242,5.1,2018-07-13,2018-07-13,Microsoft Windows VBScript Class_Terminate Double Free Remote Code Execution Vulnerability,,Microsoft,2018-05-31,2018-07-13,43
ZDI-18-612,ZDI-CAN-5814,Microsoft,CVE-2018-1025,5.0,2018-07-12,2018-07-12,(Pwn2Own) Microsoft Edge WebGL ImageData Use-After-Free Information Disclosure Vulnerability,,Microsoft,2018-03-18,2018-07-12,116
ZDI-18-611,ZDI-CAN-6129,Microsoft,CVE-2018-8275,7.5,2018-07-12,2018-07-12,Microsoft Chakra Array.splice Use-After-Free Remote Code Execution Vulnerability,,Microsoft,2018-04-25,2018-07-12,78
ZDI-18-610,ZDI-CAN-5968,Adobe,CVE-2018-4886,6.8,2018-07-12,2018-07-12,Adobe Acrobat Pro DC ImageConversion EMF EMR_ALPHABLEND Heap-based Buffer Overflow Remote Code Execution Vulnerability,,Adobe,2018-05-02,2018-07-12,71
ZDI-18-609,ZDI-CAN-6250,Microsoft,CVE-2018-8274,6.8,2018-07-12,2018-07-12,Microsoft Edge CWUCLayer Use-After-Free Remote Code Execution Vulnerability,,Microsoft,2018-05-24,2018-07-12,49
ZDI-18-607,ZDI-CAN-6204,Apple,CVE-2018-4283,6.3,2018-07-10,2018-07-10,Apple macOS IOGraphics IDState Out-Of-Bounds Read Information Disclosure Vulnerability,,Apple,2018-05-18,2018-07-10,53
ZDI-18-606,ZDI-CAN-6113,Apple,CVE-2018-4262,6.8,2018-07-10,2018-07-10,Apple Safari RegExp Exec Type Confusion Remote Code Execution Vulnerability,,Apple,2018-04-25,2018-07-10,76
ZDI-18-605,ZDI-CAN-6107,Apple,CVE-2018-4263,6.8,2018-07-10,2018-07-10,Apple Safari InputType Use-After-Free Remote Code Execution Vulnerability,,Apple,2018-04-25,2018-07-10,76
ZDI-18-604,ZDI-CAN-6048,Apple,CVE-2018-4261,6.8,2018-07-10,2018-07-10,Apple Safari WebGL Out-Of-Bounds Access Remote Code Execution Vulnerability,,Apple,2018-04-25,2018-07-10,76
ZDI-18-603,ZDI-CAN-6133,Apple,CVE-2018-4265,6.8,2018-07-10,2018-07-10,Apple Safari FrameView Use-After-Free Remote Code Execution Vulnerability,,Apple,2018-04-25,2018-07-10,76
ZDI-18-602,ZDI-CAN-6132,Apple,CVE-2018-4268,6.9,2018-07-10,2018-07-10,Apple macOS APFS methodVolumeCreate Use-After-Free Privilege Escalation Vulnerability,,Apple,2018-04-25,2018-07-10,76
ZDI-18-601,ZDI-CAN-6128,Apple,CVE-2018-4267,6.8,2018-07-10,2018-07-10,Apple Safari HTMLFormElement Use-After-Free Remote Code Execution Vulnerability,,Apple,2018-04-25,2018-07-10,76
ZDI-18-600,ZDI-CAN-6100,Adobe,CVE-2018-4901,4.3,2018-06-26,2018-06-26,Adobe Acrobat Pro DC ImageConversion EMF Parsing Out-Of-Bounds Read Information Disclosure Vulnerability,,Adobe,2018-04-25,2018-06-26,62
ZDI-18-599,ZDI-CAN-5891,Adobe,CVE-2018-4984,4.3,2018-06-26,2018-06-26,Adobe Acrobat Pro DC Catalog Index Out-Of-Bounds Read Information Disclosure Vulnerability,,Adobe,2018-03-08,2018-06-26,110
ZDI-18-598,ZDI-CAN-5766,Adobe,CVE-2018-4949,4.3,2018-06-26,2018-06-26,Adobe Acrobat Pro DC ImageConversion EMF EMR_COMMENT Parsing Out-Of-Bounds Read Information Disclosure Vulnerability,,Adobe,2018-03-22,2018-06-26,96
ZDI-18-597,ZDI-CAN-5760,Adobe,CVE-2018-4966,6.8,2018-06-26,2018-06-26,Adobe Acrobat Pro DC ImageConversion EMF GIF Parsing Heap-based Buffer Overflow Remote Code Execution Vulnerability,,Adobe,2018-03-06,2018-06-26,112
ZDI-18-596,ZDI-CAN-5750,Adobe,CVE-2018-4946,6.8,2018-06-26,2018-06-26,Adobe Photoshop JPEG2000 Image Parsing Out-Of-Bounds Write Remote Code Execution Vulnerability,,Adobe,2018-03-06,2018-06-26,112
ZDI-18-595,ZDI-CAN-5710,Adobe,CVE-2018-4964,6.8,2018-06-26,2018-06-26,Adobe Acrobat Pro DC ImageConversion EMF EMR_STRETCHDIBITS Parsing Heap-based Buffer Overflow Remote Code Execution Vulnerability,,Adobe,2018-03-06,2018-06-26,112
ZDI-18-594,ZDI-CAN-5706,Adobe,CVE-2018-4965,6.8,2018-06-26,2018-06-26,Adobe Acrobat Pro DC ImageConversion XPS Parsing Memory Corruption Remote Code Execution Vulnerability,,Adobe,2018-03-06,2018-06-26,112
ZDI-18-593,ZDI-CAN-6340,Microsoft,CVE-2018-8246,4.3,2018-06-26,2018-06-26,Microsoft Office Excel Parsed Expression Uninitialized Memory Information Disclosure Vulnerability,,Microsoft,2018-06-05,2018-06-26,21
ZDI-18-592,ZDI-CAN-6199,Microsoft,CVE-2018-8174,6.8,2018-06-26,2018-06-26,Microsoft Windows VBScript Class_Terminate Invalid Object Access Remote Code Execution Vulnerability,,Microsoft,2018-05-08,2018-06-26,49
ZDI-18-591,ZDI-CAN-6198,Microsoft,CVE-2018-8174,6.8,2018-06-26,2018-06-26,Microsoft Windows VBScript Class_Terminate Use-After-Free Remote Code Execution Vulnerability,,Microsoft,2018-05-08,2018-06-26,49
ZDI-18-590,ZDI-CAN-6124,Apple,CVE-2018-4196,4.4,2018-06-26,2018-06-26,Apple macOS Dock Service DSMinimizeWindowWithTitle Uninitialized Pointer Privilege Escalation Vulnerability,,Apple,2018-04-25,2018-06-26,62
ZDI-18-589,ZDI-CAN-6121,Apple,CVE-2018-4196,4.4,2018-06-26,2018-06-26,Apple macOS Dock Service DSSetProcessLabel Uninitialized Pointer Privilege Escalation Vulnerability,,Apple,2018-04-25,2018-06-26,62
ZDI-18-582,ZDI-CAN-6081,Microsoft,CVE-2018-8239,2.6,2018-06-13,2018-06-13,Microsoft Windows PlayEnhMetaFile Out-Of-Bounds Read Information Disclosure Vulnerability,,Microsoft,2018-04-13,2018-06-13,61
ZDI-18-581,ZDI-CAN-6080,Microsoft,CVE-2018-8239,2.6,2018-06-13,2018-06-13,Microsoft Windows PlayEnhMetaFile Out-Of-Bounds Read Information Disclosure Vulnerability,,Microsoft,2018-04-13,2018-06-13,61
ZDI-18-580,ZDI-CAN-6050,Microsoft,CVE-2018-8236,5.1,2018-06-13,2018-06-13,Microsoft Chakra Typed Array Use-After-Free Information Disclosure Vulnerability,,Microsoft,2018-04-13,2018-06-13,61
ZDI-18-579,ZDI-CAN-5707,Microsoft,CVE-2018-8251,6.8,2018-06-13,2018-06-13,Microsoft Windows Media Foundation Use-After-Free Remote Code Execution Vulnerability,,Microsoft,2018-03-08,2018-06-13,97
ZDI-18-578,ZDI-CAN-5702,Microsoft,CVE-2018-8207,5.4,2018-06-13,2018-06-13,Microsoft Windows ksecdd IOCTL 0x390400 Out-Of-Bounds Read Information Disclosure Vulnerability,,Microsoft,2018-02-28,2018-06-13,105
ZDI-18-577,ZDI-CAN-5605,Microsoft,CVE-2018-0763,6.8,2018-06-13,2018-06-13,Microsoft Edge CSS Background Property Type Confusion Remote Code Execution Vulnerability,,Microsoft,2018-01-30,2018-06-13,134
ZDI-18-576,ZDI-CAN-6123,Apple,CVE-2018-4196,4.4,2018-06-11,2018-06-11,Apple macOS Dock Service DSSetItemTitle Uninitialized Pointer Privilege Escalation Vulnerability,,Apple,2018-04-25,2018-06-11,47
ZDI-18-575,ZDI-CAN-6122,Apple,CVE-2018-4196,4.4,2018-06-11,2018-06-11,Apple macOS Dock Service DSMinimizeManyWindowsWithTitle Uninitialized Pointer Privilege Escalation Vulnerability,,Apple,2018-04-25,2018-06-11,47
ZDI-18-574,ZDI-CAN-5708,Adobe,CVE-2018-4951,4.3,2018-06-11,2018-06-11,Adobe Acrobat Pro DC ImageConversion EMF JPEG Parsing Out-Of-Bounds Read Information Disclosure Vulnerability,,Adobe,2018-03-06,2018-06-11,97
ZDI-18-573,ZDI-CAN-5823,Microsoft,CVE-2018-8164,7.2,2018-06-08,2018-06-08,(Pwn2Own) Microsoft Windows D3DKMTCreateDCFromMemory Memory Corruption Privilege Escalation Vulnerability,,Microsoft,2018-03-18,2018-06-08,82
ZDI-18-572,ZDI-CAN-5816,Microsoft,CVE-2018-8165,6.9,2018-06-08,2018-06-08,(Pwn2Own) Microsoft Windows DirectX Integer Overflow Privilege Escalation Vulnerability,,Microsoft,2018-03-18,2018-06-08,82
ZDI-18-571,ZDI-CAN-5815,Microsoft,CVE-2018-8179,6.8,2018-06-08,2018-06-08,(Pwn2Own) Microsoft Edge WebRTC Parameters Use-After-Free Remote Code Execution Vulnerability,,Microsoft,2018-03-18,2018-06-08,82
ZDI-18-570,ZDI-CAN-6131,Adobe,CVE-2018-4945,6.8,2018-06-07,2018-06-07,Adobe Flash Microphone Type Confusion Remote Code Execution Vulnerability,,Adobe,2018-04-25,2018-06-07,43
ZDI-18-569,ZDI-CAN-5614,Adobe,CVE-2018-5000,4.3,2018-06-07,2018-06-07,Adobe Flash RTMP Parsing Integer Overflow Information Disclosure Vulnerability,,Adobe,2018-04-25,2018-06-07,43
ZDI-18-568,ZDI-CAN-5954,Adobe,CVE-2018-5001,4.3,2018-06-07,2018-06-07,Adobe Flash Player BitmapData applyFilter Out-Of-Bounds Read Remote Code Execution Vulnerability,,Adobe,2018-04-25,2018-06-07,43
ZDI-18-552,ZDI-CAN-5522,Google,CVE-2018-1000006,7.5,2018-06-06,2018-06-06,Google Web Designer URI Parsing Command Injection Remote Code Execution Vulnerability,,Google,2018-01-24,2018-06-06,133
ZDI-18-540,ZDI-CAN-6197,Microsoft,CVE-2018-8174,6.8,2018-06-05,2018-06-05,Microsoft Windows VBScript Class_Terminate Use-After-Free Remote Code Execution Vulnerability,,Microsoft,2018-05-08,2018-06-05,28
ZDI-18-539,ZDI-CAN-6152,Microsoft,CVE-2018-0951,7.5,2018-06-05,2018-06-05,Microsoft Chakra typeof Operator Type Confusion Remote Code Execution Vulnerability,,Microsoft,2018-05-03,2018-06-05,33
ZDI-18-534,ZDI-CAN-5613,Microsoft,CVE-2018-8267,6.8,2018-05-29,2018-06-04,(0Day) Microsoft Windows JScript Error Object Use-After-Free Remote Code Execution Vulnerability,,Microsoft,2018-01-23,2018-05-29,126
ZDI-18-531,ZDI-CAN-5474,Adobe,CVE-2018-4999,4.3,2018-05-23,2018-05-23,Adobe Acrobat Pro DC EMF Parsing Out-Of-Bounds Read Information Disclosure Vulnerability,,Adobe,2018-01-26,2018-05-23,117
ZDI-18-530,ZDI-CAN-5238,Adobe,CVE-2018-4998,6.8,2018-05-23,2018-05-23,Adobe Acrobat Pro DC HTML2PDF HTML Parsing Memory Corruption Remote Code Execution Vulnerability,,Adobe,2018-01-26,2018-05-23,117
ZDI-18-529,ZDI-CAN-5237,Adobe,CVE-2018-4997,6.8,2018-05-23,2018-05-23,Adobe Acrobat Pro DC HTML2PDF HTML Parsing Out-Of-Bounds Write Remote Code Execution Vulnerability,,Adobe,2018-01-26,2018-05-23,117
ZDI-18-467,ZDI-CAN-5890,Adobe,CVE-2018-4984,6.8,2018-05-15,2018-05-15,Adobe Acrobat Pro DC Catalog Index Heap-based Buffer Overflow Remote Code Execution Vulnerability,,Adobe,2018-03-08,2018-05-15,68
ZDI-18-466,ZDI-CAN-5783,Adobe,CVE-2018-4982,6.8,2018-05-15,2018-05-15,Adobe Acrobat Pro DC ImageConversion EMF BMP Parsing Heap-based Buffer Overflow Remote Code Execution Vulnerability,,Adobe,2018-03-06,2018-05-15,70
ZDI-18-465,ZDI-CAN-5784,Adobe,CVE-2018-4981,6.8,2018-05-15,2018-05-15,Adobe Acrobat Pro DC ImageConversion EMF JPEG Parsing Memory Corruption Remote Code Execution Vulnerability,,Adobe,2018-03-06,2018-05-15,70
ZDI-18-464,ZDI-CAN-5811,Adobe,CVE-2018-4980,6.8,2018-05-15,2018-05-15,Adobe Acrobat Pro DC Compare Files Use-After-Free Remote Code Execution Vulnerability,,Adobe,2018-03-06,2018-05-15,70
ZDI-18-463,ZDI-CAN-5810,Adobe,CVE-2018-4979,4.3,2018-05-15,2018-05-15,Adobe Acrobat Pro DC URL Parsing Insufficient Verification of Data Authenticity Information Disclosure Vulnerability,,Adobe,2018-03-06,2018-05-15,70
ZDI-18-462,ZDI-CAN-5728,Adobe,CVE-2018-4978,6.8,2018-05-15,2018-05-15,Adobe Acrobat Pro DC ImageConversion EMF Parsing Heap-based Buffer Overflow Remote Code Execution Vulnerability,,Adobe,2018-03-06,2018-05-15,70
ZDI-18-461,ZDI-CAN-5516,Adobe,CVE-2018-4977,6.8,2018-05-15,2018-05-15,Acrobat Reader DC XFA Subform Use-After-Free Remote Code Execution Vulnerability,,Adobe,2018-03-06,2018-05-15,70
ZDI-18-460,ZDI-CAN-5729,Adobe,CVE-2018-4976,4.3,2018-05-15,2018-05-15,Adobe Acrobat Pro DC ImageConversion EMF EmfPlusDrawCurve Parsing Out-Of-Bounds Read Information Disclosure Vulnerability,,Adobe,2018-03-06,2018-05-15,70
ZDI-18-459,ZDI-CAN-5732,Adobe,CVE-2018-4975,4.3,2018-05-15,2018-05-15,Adobe Acrobat Pro DC ImageConversion XPS Parsing Out-Of-Bounds Read Information Disclosure Vulnerability,,Adobe,2018-03-06,2018-05-15,70
ZDI-18-458,ZDI-CAN-5510,Adobe,CVE-2018-4974,6.8,2018-05-15,2018-05-15,Adobe Acrobat Pro DC XFA SubForm Use-After-Free Remote Code Execution Vulnerability,,Adobe,2018-03-06,2018-05-15,70
ZDI-18-457,ZDI-CAN-5751,Adobe,CVE-2018-4973,4.3,2018-05-15,2018-05-15,Adobe Acrobat Pro DC ImageConversion JPEG Parsing Out-Of-Bounds Read Information Disclosure Vulnerability,,Adobe,2018-03-06,2018-05-15,70
ZDI-18-456,ZDI-CAN-5730,Adobe,CVE-2018-4972,4.3,2018-05-15,2018-05-15,Adobe Acrobat Pro DC ImageConversion EMF Parsing Out-Of-Bounds Read Information Disclosure Vulnerability,,Adobe,2018-03-06,2018-05-15,70
ZDI-18-455,ZDI-CAN-5752,Adobe,CVE-2018-4971,6.8,2018-05-15,2018-05-15,Adobe Acrobat Pro DC PDF Font Parsing Use-After-Free Remote Code Execution Vulnerability,,Adobe,2018-03-06,2018-05-15,70
ZDI-18-454,ZDI-CAN-5731,Adobe,CVE-2018-4970,4.3,2018-05-15,2018-05-15,Adobe Acrobat Pro DC ImageConversion EMF Parsing Out-Of-Bounds Read Information Disclosure Vulnerability,,Adobe,2018-03-06,2018-05-15,70
ZDI-18-453,ZDI-CAN-5709,Adobe,CVE-2018-4969,4.3,2018-05-15,2018-05-15,Adobe Acrobat Pro DC ImageConversion EMF GIF ImageData Parsing Out-Of-Bounds Read Information Disclosure Vulnerability,,Adobe,2018-03-06,2018-05-15,70
ZDI-18-452,ZDI-CAN-5768,Adobe,CVE-2018-4968,6.8,2018-05-15,2018-05-15,Adobe Acrobat Pro DC ImageConversion EMF EMR_CREATEDIBPATTERNBRUSHPT Heap-based Buffer Overflow Remote Code Execution Vulnerability,,Adobe,2018-03-06,2018-05-15,70
ZDI-18-451,ZDI-CAN-5733,Adobe,CVE-2018-4967,6.8,2018-05-15,2018-05-15,Adobe Acrobat Pro DC ImageConversion XPS Parsing Out-Of-Bounds Write Remote Code Execution Vulnerability,,Adobe,2018-03-06,2018-05-15,70
ZDI-18-450,ZDI-CAN-5759,Adobe,CVE-2018-4966,6.8,2018-05-15,2018-05-15,Adobe Acrobat Pro DC ImageConversion EMF GIF ImageDescriptor Parsing Heap-based Buffer Overflow Remote Code Execution Vulnerability,,Adobe,2018-03-06,2018-05-15,70
ZDI-18-449,ZDI-CAN-5761,Adobe,CVE-2018-4965,6.8,2018-05-15,2018-05-15,Adobe Acrobat Pro DC ImageConversion EMF EMR_COMMENT Stack-based Buffer Overflow Remote Code Execution Vulnerability,,Adobe,2018-03-06,2018-05-15,70
ZDI-18-448,ZDI-CAN-5764,Adobe,CVE-2018-4964,4.3,2018-05-15,2018-05-15,Adobe Acrobat Pro DC ImageConversion EMF EMR_STRETCHDIBITS Parsing Out-Of-Bounds Read Information Disclosure Vulnerability,,Adobe,2018-03-06,2018-05-15,70
ZDI-18-447,ZDI-CAN-5765,Adobe,CVE-2018-4963,4.3,2018-05-15,2018-05-15,Adobe Acrobat Pro DC ImageConversion EMF EMR_STRETCHDIBITS Parsing Out-Of-Bounds Read Information Disclosure Vulnerability,,Adobe,2018-03-06,2018-05-15,70
ZDI-18-446,ZDI-CAN-5775,Adobe,CVE-2018-4962,4.3,2018-05-15,2018-05-15,Adobe Acrobat Pro DC OCG setIntent Out-Of-Bounds Read Information Disclosure Vulnerability,,Adobe,2018-03-06,2018-05-15,70
ZDI-18-445,ZDI-CAN-5241,Adobe,CVE-2018-4957,6.8,2018-05-15,2018-05-15,Adobe Acrobat Pro DC HTML2PDF HTML Parsing Memory Corruption Remote Code Execution Vulnerability,,Adobe,2018-01-26,2018-05-15,109
ZDI-18-444,ZDI-CAN-5291,Adobe,CVE-2018-4956,4.3,2018-05-15,2018-05-15,Adobe Acrobat Pro DC HTML2PDF HTML Parsing Out-Of-Bounds Read Information Disclosure Vulnerability,,Adobe,2018-01-26,2018-05-15,109
ZDI-18-443,ZDI-CAN-5585,Adobe,CVE-2018-4955,4.3,2018-05-15,2018-05-15,Adobe Acrobat Pro DC XPS TIFF Parsing Out-Of-Bounds Read Information Disclosure Vulnerability,,Adobe,2018-01-26,2018-05-15,109
ZDI-18-442,ZDI-CAN-5455,Adobe,CVE-2018-4954,6.8,2018-05-15,2018-05-15,Adobe Acrobat Pro DC XFA removeInstance Use-After-Free Remote Code Execution Vulnerability,,Adobe,2018-01-26,2018-05-15,109
ZDI-18-441,ZDI-CAN-5456,Adobe,CVE-2018-4953,4.3,2018-05-15,2018-05-15,Adobe Acrobat Pro DC PutItemValue Type Confusion Information Disclosure Vulnerability,,Adobe,2018-01-26,2018-05-15,109
ZDI-18-440,ZDI-CAN-5457,Adobe,CVE-2018-4952,6.8,2018-05-15,2018-05-15,Adobe Acrobat Pro DC XFA use Use-After-Free Remote Code Execution Vulnerability,,Adobe,2018-01-26,2018-05-15,109
ZDI-18-439,ZDI-CAN-5468,Adobe,CVE-2018-4951,4.3,2018-05-15,2018-05-15,Adobe Acrobat Pro DC EMF Parsing Out-Of-Bounds Read Information Disclosure Vulnerability,,Adobe,2018-01-26,2018-05-15,109
ZDI-18-438,ZDI-CAN-5469,Adobe,CVE-2018-4950,6.8,2018-05-15,2018-05-15,Adobe Acrobat Pro DC EMF EMR_STRETCHDIBITS Parsing Out-Of-Bounds Write Remote Code Execution Vulnerability,,Adobe,2018-01-26,2018-05-15,109
ZDI-18-437,ZDI-CAN-5554,Adobe,CVE-2018-4949,4.3,2018-05-15,2018-05-15,Adobe Acrobat Pro DC EMF Parsing Out-Of-Bounds Read Information Disclosure Vulnerability,,Adobe,2018-01-26,2018-05-15,109
ZDI-18-436,ZDI-CAN-5584,Adobe,CVE-2018-4948,6.8,2018-05-15,2018-05-15,Adobe Acrobat Pro DC EMF Parsing Heap-based Buffer Overflow Remote Code Execution Vulnerability,,Adobe,2018-01-26,2018-05-15,109
ZDI-18-434,ZDI-CAN-5988,Microsoft,CVE-2018-1025,5.0,2018-05-14,2018-05-14,Microsoft Edge WebGL ImageData Use-After-Free Information Disclosure Vulnerability,,Microsoft,2018-03-28,2018-05-14,47
ZDI-18-433,ZDI-CAN-5753,Microsoft,CVE-2018-8123,4.3,2018-05-14,2018-05-14,Microsoft Edge OutputElement DoReset Use-After-Free Information Disclosure Vulnerability,,Microsoft,2018-03-08,2018-05-14,67
ZDI-18-432,ZDI-CAN-5726,Microsoft,CVE-2018-8162,6.8,2018-05-14,2018-05-14,Microsoft Office Excel PtgName Out-Of-Bounds Access Remote Code Execution Vulnerability,,Microsoft,2018-03-08,2018-05-14,67
ZDI-18-431,ZDI-CAN-5725,Microsoft,CVE-2018-8163,4.3,2018-05-14,2018-05-14,Microsoft Office Excel Formula Record Type Confusion Information Disclosure Vulnerability,,Microsoft,2018-03-08,2018-05-14,67
ZDI-18-430,ZDI-CAN-5633,Microsoft,CVE-2018-8157,5.1,2018-05-14,2018-05-14,Microsoft Office Graph Serialized Data Out-Of-Bounds Write Remote Code Execution Vulnerability,,Microsoft,2018-02-01,2018-05-14,102
ZDI-18-429,ZDI-CAN-5626,Microsoft,CVE-2018-8112,4.4,2018-05-14,2018-05-14,Microsoft Edge XML File Sandbox Escape Vulnerability,,Microsoft,2018-01-30,2018-05-14,104
ZDI-18-428,ZDI-CAN-5622,Microsoft,CVE-2018-1021,4.3,2018-05-14,2018-05-14,Microsoft Edge Undo Out-Of-Bounds Read Information Disclosure Vulnerability,,Microsoft,2018-01-30,2018-05-14,104
ZDI-18-427,ZDI-CAN-5616,Microsoft,CVE-2018-8124,7.2,2018-05-14,2018-05-14,Microsoft Windows win32k Menu Use-After-Free Privilege Escalation Vulnerability,,Microsoft,2018-01-30,2018-05-14,104
ZDI-18-426,ZDI-CAN-5589,Microsoft,CVE-2018-1000006,6.8,2018-05-14,2018-05-14,Microsoft Teams URL Command Injection Remote Code Execution Vulnerability,,Microsoft,2018-01-12,2018-05-14,122
ZDI-18-373,ZDI-CAN-5313,Microsoft,CVE-2018-0763,6.8,2018-04-25,2018-04-25,Microsoft Edge CSS var Function Uninitialized Pointer Remote Code Execution Vulnerability,,Microsoft,2017-11-07,2018-04-25,169
ZDI-18-310,ZDI-CAN-5322,Microsoft,CVE-2018-0763,2.6,2018-04-19,2018-04-19,Microsoft Edge CSS Custom Property Type Confusion Information Disclosure Vulnerability,,Microsoft,2017-11-07,2018-04-19,163
ZDI-18-308,ZDI-CAN-5548,Microsoft,CVE-2018-1000006,7.5,2018-04-18,2018-04-27,Microsoft Skype URL Command Injection Remote Code Execution Vulnerability,,Microsoft,2018-01-02,2018-04-18,106
ZDI-18-301,ZDI-CAN-5297,Microsoft,CVE-2017-11837,6.8,2018-04-17,2018-04-17,Microsoft Chakra Typed Array JIT Optimization Use-After-Free Remote Code Execution Vulnerability,,Microsoft,2017-10-12,2018-04-17,187
ZDI-18-300,ZDI-CAN-4969,Microsoft,CVE-2017-11790,2.6,2018-04-17,2018-04-17,Microsoft Windows URL Moniker Out-Of-Bounds Read Information Disclosure Vulnerability,,Microsoft,2017-07-06,2018-04-17,285
ZDI-18-298,ZDI-CAN-5769,Microsoft,CVE-2018-0987,4.3,2018-04-11,2018-04-11,Microsoft Windows JScript defineProperty Use-After-Free Information Disclosure Vulnerability,,Microsoft,2018-03-08,2018-04-11,34
ZDI-18-297,ZDI-CAN-5632,Microsoft,CVE-2018-0981,6.8,2018-04-11,2018-04-11,Microsoft Windows VBScript Join Out-Of-Bounds Read Remote Code Execution Vulnerability,,Microsoft,2018-01-30,2018-04-11,71
ZDI-18-296,ZDI-CAN-5631,Microsoft,CVE-2018-1000,6.8,2018-04-11,2018-04-11,Microsoft Windows VBScript Filter Out-Of-Bounds Read Remote Code Execution Vulnerability,,Microsoft,2018-01-30,2018-04-11,71
ZDI-18-295,ZDI-CAN-5630,Microsoft,CVE-2018-1001,6.8,2018-04-11,2018-04-11,Microsoft Windows JScript String Manipulation Integer Overflow Remote Code Execution Vulnerability,,Microsoft,2018-02-01,2018-04-11,69
ZDI-18-294,ZDI-CAN-5629,Microsoft,CVE-2018-0996,6.8,2018-04-11,2018-04-11,Microsoft Windows JScript String Manipulation Integer Overflow Remote Code Execution Vulnerability,,Microsoft,2018-01-30,2018-04-11,71
ZDI-18-293,ZDI-CAN-5628,Microsoft,CVE-2018-1008,6.9,2018-04-11,2018-04-11,Microsoft Windows Font Integer Overflow Privilege Escalation Vulnerability,,Microsoft,2018-01-30,2018-04-11,71
ZDI-18-292,ZDI-CAN-5621,Microsoft,CVE-2018-1011,6.8,2018-04-11,2018-04-11,Microsoft Office Excel Slicer Use-After-Free Remote Code Execution Vulnerability,,Microsoft,2018-01-30,2018-04-11,71
ZDI-18-291,ZDI-CAN-5566,Microsoft,CVE-2018-1004,6.8,2018-04-11,2018-04-11,Microsoft Windows SAFEARRAY Use-After-Free Remote Code Execution Vulnerability,,Microsoft,2018-01-09,2018-04-11,92
ZDI-18-278,ZDI-CAN-5526,Apple,CVE-2018-4163,6.8,2018-04-06,2018-04-06,Apple Safari Math sqrt Type Confusion Remote Code Execution Vulnerability,,Apple,2017-12-21,2018-04-06,106
ZDI-18-277,ZDI-CAN-5525,Apple,CVE-2018-4161,6.8,2018-04-06,2018-04-06,Apple Safari Math floor Type Confusion Remote Code Execution Vulnerability,,Apple,2017-12-21,2018-04-06,106
ZDI-18-276,ZDI-CAN-5524,Apple,CVE-2018-4125,6.8,2018-04-06,2018-04-06,Apple Safari Math abs Type Confusion Remote Code Execution Vulnerability,,Apple,2017-12-21,2018-04-06,106
ZDI-18-275,ZDI-CAN-5604,Apple,CVE-2018-4162,6.8,2018-04-06,2018-04-06,Apple Safari Loose Comparison Operator Type Confusion Remote Code Execution Vulnerability,,Apple,2018-01-18,2018-04-06,78
ZDI-18-274,ZDI-CAN-5388,Apple,CVE-2018-4127,6.8,2018-04-06,2018-04-06,Apple Safari RenderLayer Use-After-Free Remote Code Execution Vulnerability,,Apple,2017-12-21,2018-04-06,106
ZDI-18-273,ZDI-CAN-5515,Apple,CVE-2018-4130,6.8,2018-04-06,2018-04-06,Apple Safari WebGL BufferSubData Buffer Overflow Remote Code Execution Vulnerability,,Apple,2017-12-21,2018-04-06,106
ZDI-18-272,ZDI-CAN-5387,Apple,CVE-2018-4129,6.8,2018-04-06,2018-04-06,Apple Safari TypedArray Use-After-Free Remote Code Execution Vulnerability,,Apple,2017-12-21,2018-04-06,106
ZDI-18-271,ZDI-CAN-5558,Apple,CVE-2018-4122,6.8,2018-04-06,2018-04-06,Apple Safari Spread Operator Type Confusion Remote Code Execution Vulnerability,,Apple,2018-01-02,2018-04-06,94
ZDI-18-270,ZDI-CAN-5544,Apple,CVE-2018-4119,6.8,2018-04-06,2018-04-06,Apple Safari RenderObject Use-After-Free Remote Code Execution Vulnerability,,Apple,2018-01-02,2018-04-06,94
ZDI-18-264,ZDI-CAN-5497,Microsoft,CVE-2018-0839,6.8,2018-03-26,2018-03-26,Microsoft Edge Select Element Out-Of-Bounds Read Remote Code Execution Vulnerability,,Microsoft,2017-12-08,2018-03-26,108
ZDI-18-263,ZDI-CAN-5822,Mozilla,CVE-2018-5146,6.8,2018-03-23,2018-03-23,(Pwn2Own) Mozilla Firefox libvorbis OGG Decoding Out-Of-Bounds Write Remote Code Execution Vulnerability,,Mozilla,2018-03-18,2018-03-23,5
ZDI-18-262,ZDI-CAN-5475,Adobe,CVE-2018-4897,4.3,2018-03-23,2018-03-23,Adobe Acrobat Pro DC TIFF Parsing Out-Of-Bounds Read Information Disclosure Vulnerability,,Adobe,2018-01-26,2018-03-23,56
ZDI-18-249,ZDI-CAN-5547,Microsoft,CVE-2018-0763,4.3,2018-03-23,2018-03-23,Microsoft Edge CSS var Function Type Confusion Information Disclosure Vulnerability,,Microsoft,2018-01-09,2018-03-23,73
ZDI-18-248,ZDI-CAN-5560,Microsoft,CVE-2018-0977,7.2,2018-03-19,2018-03-19,Microsoft Windows BasicRender Untrusted Pointer Dereference Privilege Escalation Vulnerability,,Microsoft,2018-01-09,2018-03-19,69
ZDI-18-247,ZDI-CAN-5447,Microsoft,CVE-2018-0889,5.1,2018-03-19,2018-03-19,Microsoft Windows VBScript Join Function Integer Overflow Remote Code Execution Vulnerability,,Microsoft,2017-12-01,2018-03-19,108
ZDI-18-246,ZDI-CAN-5446,Microsoft,CVE-2018-0815,7.2,2018-03-19,2018-03-19,Microsoft Windows Palette Object Race Condition Privilege Escalation Vulnerability,,Microsoft,2017-12-01,2018-03-19,108
ZDI-18-245,ZDI-CAN-5445,Microsoft,CVE-2018-0815,5.6,2018-03-19,2018-03-19,Microsoft Windows Palette Object Race Condition Information Disclosure Vulnerability,,Microsoft,2017-12-01,2018-03-19,108
ZDI-18-244,ZDI-CAN-5444,Microsoft,CVE-2018-0815,7.2,2018-03-19,2018-03-19,Microsoft Windows Palette Object Race Condition Privilege Escalation Vulnerability,,Microsoft,2017-12-01,2018-03-19,108
ZDI-18-243,ZDI-CAN-5443,Microsoft,CVE-2018-0816,7.2,2018-03-19,2018-03-19,Microsoft Windows Font Creation Race Condition Privilege Escalation Vulnerability,,Microsoft,2017-12-01,2018-03-19,108
ZDI-18-242,ZDI-CAN-5378,Microsoft,CVE-2018-0878,4.3,2018-03-19,2018-03-19,Microsoft Windows Remote Assistance XML External Entity Processing Information Disclosure Vulnerability,,Microsoft,2017-11-14,2018-03-19,125
ZDI-18-241,ZDI-CAN-5369,Microsoft,CVE-2018-0929,2.6,2018-03-19,2018-03-19,Microsoft Internet Explorer VML textpath Out-Of-Bounds Read Information Disclosure Vulnerability,,Microsoft,2017-11-07,2018-03-19,132
ZDI-18-240,ZDI-CAN-5319,Microsoft,CVE-2018-0855,2.6,2018-03-19,2018-03-19,Microsoft Windows Font Embedding Out-Of-Bounds Read Information Disclosure Vulnerability,,Microsoft,2017-11-07,2018-03-19,132
ZDI-18-239,ZDI-CAN-5067,Microsoft,CVE-2017-0228,7.5,2018-03-19,2018-03-19,Microsoft Chakra Array.splice Memory Corruption Remote Code Execution Vulnerability,,Microsoft,2017-07-27,2018-03-19,235
ZDI-18-238,ZDI-CAN-5485,Microsoft,CVE-2018-0763,4.3,2018-03-19,2018-03-19,Microsoft Edge CQuotes Type Confusion Information Disclosure Vulnerability,,Microsoft,2017-12-07,2018-03-19,102
ZDI-18-237,ZDI-CAN-5245,Apple,CVE-2018-4085,6.8,2018-03-07,2018-03-07,Apple macOS QuartzCore render_mask Heap-based Buffer Overflow Remote Code Execution Vulnerability,,Apple,2017-11-14,2018-03-07,113
ZDI-18-219,ZDI-CAN-5470,Microsoft,CVE-2018-0841,6.8,2018-02-28,2018-02-28,Microsoft Office Excel XLS File Type Confusion Remote Code Execution Vulnerability,,Microsoft,2017-12-07,2018-02-28,83
ZDI-18-217,ZDI-CAN-5236,Adobe,CVE-2017-11253,2.6,2018-02-27,2018-02-27,Adobe Acrobat Pro DC ImageConversion BMP Parsing Out-Of-Bounds Read Information Disclosure Vulnerability,,Adobe,2017-10-26,2018-02-27,124
ZDI-18-213,ZDI-CAN-5557,Adobe,CVE-2018-4911,4.3,2018-02-27,2018-02-27,Adobe Acrobat Pro DC ImageConversion EMF Parsing Out-Of-Bounds Read Information Disclosure Vulnerability,,Adobe,2018-01-19,2018-02-27,39
ZDI-18-212,ZDI-CAN-5508,Adobe,CVE-2018-4915,6.8,2018-02-27,2018-02-27,Adobe Acrobat Pro DC colorConvertPage Heap-based Buffer Overflow Remote Code Execution Vulnerability,,Adobe,2018-01-19,2018-02-27,39
ZDI-18-211,ZDI-CAN-5582,Adobe,CVE-2018-4903,4.3,2018-02-27,2018-02-27,Adobe Acrobat Pro DC ImageConversion XPS Parsing Out-Of-Bounds Read Information Disclosure Vulnerability,,Adobe,2018-01-19,2018-02-27,39
ZDI-18-210,ZDI-CAN-5556,Adobe,CVE-2018-4914,4.3,2018-02-27,2018-02-27,Adobe Acrobat Pro DC XPS Parsing Out-Of-Bounds Read Information Disclosure Vulnerability,,Adobe,2018-01-19,2018-02-27,39
ZDI-18-209,ZDI-CAN-5467,Adobe,CVE-2018-4916,6.8,2018-02-27,2018-02-27,Adobe Acrobat Pro DC ImageConversion TIFF Parsing Heap-based Buffer Overflow Remote Code Execution Vulnerability,,Adobe,2018-01-19,2018-02-27,39
ZDI-18-208,ZDI-CAN-5546,Adobe,CVE-2018-4898,6.8,2018-02-27,2018-02-27,Adobe Acrobat Pro DC ImageConversion XPS Parsing Out-Of-Bounds Write Remote Code Execution Vulnerability,,Adobe,2018-01-12,2018-02-27,46
ZDI-18-207,ZDI-CAN-5150,Adobe,CVE-2018-4917,6.8,2018-02-27,2018-02-27,Adobe Acrobat Pro DC ImageConversion EMF TIFF Parsing Heap-based Buffer Overflow Remote Code Execution Vulnerability,,Adobe,2017-10-26,2018-02-27,124
ZDI-18-206,ZDI-CAN-5141,Adobe,CVE-2018-4918,6.8,2018-02-27,2018-02-27,Adobe Acrobat Pro DC ImageConversion EMF TIFF Parsing Out-Of-Bounds Write Remote Code Execution Vulnerability,,Adobe,2017-10-26,2018-02-27,124
ZDI-18-205,ZDI-CAN-5239,Adobe,CVE-2017-16392,6.8,2018-02-27,2018-02-27,Adobe Acrobat Pro DC JPEG Parsing Heap-based Buffer Overflow Remote Code Execution Vulnerability,,Adobe,2017-10-26,2018-02-27,124
ZDI-18-204,ZDI-CAN-5223,Adobe,CVE-2017-16392,6.8,2018-02-27,2018-02-27,Adobe Acrobat Pro DC ImageConversion JPEG Parsing Heap-based Buffer Overflow Remote Code Execution Vulnerability,,Adobe,2017-10-26,2018-02-27,124
ZDI-18-203,ZDI-CAN-5210,Adobe,CVE-2017-16368,2.6,2018-02-27,2018-02-27,Adobe Acrobat Pro DC PDF Forms Parsing Out-Of-Bounds Read Information Disclosure Vulnerability,,Adobe,2017-10-26,2018-02-27,124
ZDI-18-202,ZDI-CAN-5145,Adobe,CVE-2017-16407,6.8,2018-02-27,2018-02-27,Adobe Acrobat Pro DC ImageConversion EMF GIF Parsing Heap-based Buffer Overflow Remote Code Execution Vulnerability,,Adobe,2017-10-26,2018-02-27,124
ZDI-18-201,ZDI-CAN-5144,Adobe,CVE-2017-11306,2.6,2018-02-27,2018-02-27,Adobe Acrobat Pro DC ImageConversion EMF JPEG Parsing Out-Of-Bounds Read Information Disclosure Vulnerability,,Adobe,2017-10-26,2018-02-27,124
ZDI-18-200,ZDI-CAN-5143,Adobe,CVE-2017-16406,2.6,2018-02-27,2018-02-27,Adobe Acrobat Pro DC ImageConversion EMF EMR_COMMENT Parsing Out-Of-Bounds Read Information Disclosure Vulnerability,,Adobe,2017-10-26,2018-02-27,124
ZDI-18-199,ZDI-CAN-5240,Adobe,CVE-2018-4880,2.6,2018-02-27,2018-02-27,Adobe Acrobat Pro DC U3D Parsing Out-Of-Bounds Read Information Disclosure Vulnerability,,Adobe,2017-10-26,2018-02-27,124
ZDI-18-198,ZDI-CAN-5142,Adobe,CVE-2017-16407,2.6,2018-02-27,2018-02-27,Adobe Acrobat Pro DC ImageConversion EMF BMP Parsing Out-Of-Bounds Read Information Disclosure Vulnerability,,Adobe,2017-10-26,2018-02-27,124
ZDI-18-197,ZDI-CAN-5140,Adobe,CVE-2017-16409,2.6,2018-02-27,2018-02-27,Adobe Acrobat Pro DC ImageConversion EMF EMR_EXTTEXTOUTA Parsing Out-Of-Bounds Read Information Disclosure Vulnerability,,Adobe,2017-10-26,2018-02-27,124
ZDI-18-196,ZDI-CAN-5316,Microsoft,CVE-2018-0761,2.6,2018-02-27,2018-02-27,Microsoft Windows Font Embedding Out-Of-Bounds Read Information Disclosure Vulnerability,,Microsoft,2017-11-07,2018-02-27,112
ZDI-18-195,ZDI-CAN-5090,Microsoft,CVE-2018-0766,4.3,2018-02-27,2018-02-27,Microsoft Windows PDF Library JPEG2000 Parsing Out-Of-Bounds Read Information Disclosure Vulnerability,,Microsoft,2017-10-12,2018-02-27,138
ZDI-18-194,ZDI-CAN-5583,Adobe,CVE-2018-4909,4.3,2018-02-24,2018-02-24,Adobe Acrobat Pro DC ImageConversion JPEG Parsing Out-Of-Bounds Read Information Disclosure Vulnerability,,Adobe,2018-01-12,2018-02-24,43
ZDI-18-193,ZDI-CAN-5225,Adobe,CVE-2018-4890,2.6,2018-02-24,2018-02-24,Adobe Acrobat Pro DC ImageConversion XPS JPEG Parsing Out-Of-Bounds Read Information Disclosure Vulnerability,,Adobe,2017-10-26,2018-02-24,121
ZDI-18-192,ZDI-CAN-5224,Adobe,CVE-2018-4890,6.8,2018-02-24,2018-02-24,Adobe Acrobat Pro DC ImageConversion XPS JPEG Parsing Heap-based Buffer Overflow Remote Code Execution Vulnerability,,Adobe,2017-10-26,2018-02-24,121
ZDI-18-191,ZDI-CAN-5222,Adobe,CVE-2018-4889,2.6,2018-02-24,2018-02-24,Adobe Acrobat Pro DC ImageConversion XPS JPEG Parsing Out-Of-Bounds Read Information Disclosure Vulnerability,,Adobe,2017-10-26,2018-02-24,121
ZDI-18-190,ZDI-CAN-5226,Adobe,CVE-2018-4891,2.6,2018-02-24,2018-02-24,Adobe Acrobat Pro DC ImageConversion XPS TIFF Parsing Out-Of-Bounds Read Information Disclosure Vulnerability,,Adobe,2017-10-26,2018-02-24,121
ZDI-18-189,ZDI-CAN-5205,Adobe,CVE-2018-4881,2.6,2018-02-24,2018-02-24,Adobe Acrobat Pro DC ImageConversion BMP Parsing Out-Of-Bounds Read Information Disclosure Vulnerability,,Adobe,2017-10-26,2018-02-24,121
ZDI-18-188,ZDI-CAN-5211,Adobe,CVE-2018-4882,2.6,2018-02-24,2018-02-24,Adobe Acrobat Pro DC PDF Parsing Out-Of-Bounds Read Information Disclosure Vulnerability,,Adobe,2017-10-26,2018-02-24,121
ZDI-18-187,ZDI-CAN-5213,Adobe,CVE-2018-4892,6.8,2018-02-24,2018-02-24,Adobe Acrobat Pro DC PDF Parsing Use-After-Free Remote Code Execution Vulnerability,,Adobe,2017-10-26,2018-02-24,121
ZDI-18-186,ZDI-CAN-5258,Adobe,CVE-2018-4888,6.8,2018-02-23,2018-02-23,Adobe Reader DC XFA dashDot Use-After-Free Remote Code Execution Vulnerability,,Adobe,2017-10-26,2018-02-23,120
ZDI-18-185,ZDI-CAN-5201,Adobe,CVE-2018-4887,2.6,2018-02-23,2018-02-23,Adobe Acrobat Pro DC ImageConversion EMF Parsing Out-Of-Bounds Read Information Disclosure Vulnerability,,Adobe,2017-10-26,2018-02-23,120
ZDI-18-184,ZDI-CAN-5153,Adobe,CVE-2018-4886,4.3,2018-02-23,2018-02-23,Adobe Acrobat Pro DC ImageConversion EMF Record Parsing Out-Of-Bounds Read Information Disclosure Vulnerability,,Adobe,2017-10-26,2018-02-23,120
ZDI-18-183,ZDI-CAN-5152,Adobe,CVE-2018-4886,4.3,2018-02-23,2018-02-23,Adobe Acrobat Pro DC ImageConversion EMF EMR_STRETCHBLT cxSrc Parsing Out-Of-Bounds Read Information Disclosure Vulnerability,,Adobe,2017-10-26,2018-02-23,120
ZDI-18-182,ZDI-CAN-5151,Adobe,CVE-2018-4885,4.3,2018-02-23,2018-02-23,Adobe Acrobat Pro DC ImageConversion EMF Parsing Out-Of-Bounds Read Information Disclosure Vulnerability,,Adobe,2017-10-26,2018-02-23,120
ZDI-18-181,ZDI-CAN-5149,Adobe,CVE-2018-4884,2.6,2018-02-23,2018-02-23,Adobe Acrobat Pro DC ImageConversion EMF BMP Parsing Out-Of-Bounds Read Information Disclosure Vulnerability,,Adobe,2017-10-26,2018-02-23,120
ZDI-18-180,ZDI-CAN-5147,Adobe,CVE-2018-4883,2.6,2018-02-23,2018-02-23,Adobe Acrobat Pro DC ImageConversion EMF EMR_EXTTEXTOUTA Options Parsing Out-Of-Bounds Read Information Disclosure Vulnerability,,Adobe,2017-10-26,2018-02-23,120
ZDI-18-179,ZDI-CAN-5214,Adobe,CVE-2018-4882,2.6,2018-02-23,2018-02-23,Adobe Acrobat Pro DC PDF Forms Parsing Out-Of-Bounds Read Information Disclosure Vulnerability,,Adobe,2017-10-26,2018-02-23,120
ZDI-18-178,ZDI-CAN-5381,Adobe,CVE-2018-4877,6.8,2018-02-23,2018-02-23,Adobe Flash Player QOSProvider attachMediaPlayerItemLoader Use-After-Free Remote Code Execution Vulnerability,,Adobe,2017-12-21,2018-02-23,64
ZDI-18-177,ZDI-CAN-5227,Adobe,CVE-2017-16397,6.8,2018-02-23,2018-02-23,Adobe Acrobat Pro DC ImageConversion EMF EMR_STRETCHDIBITS cySrc Parsing Heap-based Buffer Overflow Remote Code Execution Vulnerability,,Adobe,2017-10-26,2018-02-23,120
ZDI-18-176,ZDI-CAN-5509,Adobe,CVE-2018-4913,6.8,2018-02-21,2018-02-21,Adobe Acrobat Pro DC XFA picture Use-After-Free Remote Code Execution Vulnerability,,Adobe,2018-01-12,2018-02-21,40
ZDI-18-175,ZDI-CAN-5545,Adobe,CVE-2018-4912,4.3,2018-02-21,2018-02-21,Adobe Acrobat Pro DC ImageConversion JPEG2000 Parsing Out-Of-Bounds Read Information Disclosure Vulnerability,,Adobe,2018-01-12,2018-02-21,40
ZDI-18-174,ZDI-CAN-5577,Adobe,CVE-2018-4911,6.8,2018-02-21,2018-02-21,Adobe Acrobat Pro DC Bookmark Use-After-Free Remote Code Execution Vulnerability,,Adobe,2018-01-12,2018-02-21,40
ZDI-18-173,ZDI-CAN-5578,Adobe,CVE-2018-4910,6.8,2018-02-21,2018-02-21,Adobe Acrobat Pro DC OCG setIntent Heap-based Buffer Overflow Remote Code Execution Vulnerability,,Adobe,2018-01-12,2018-02-21,40
ZDI-18-172,ZDI-CAN-5514,Adobe,CVE-2018-4894,4.3,2018-02-21,2018-02-21,Adobe Acrobat Pro DC XPS Font Parsing Out-Of-Bounds Read Information Disclosure Vulnerability,,Adobe,2018-01-09,2018-02-21,43
ZDI-18-171,ZDI-CAN-5464,Adobe,CVE-2018-4905,4.3,2018-02-21,2018-02-21,Adobe Acrobat Pro DC ImageConversion XPS TIFF YCbCrCoefficients Parsing Out-Of-Bounds Read Information Disclosure Vulnerability,,Adobe,2017-12-19,2018-02-21,64
ZDI-18-170,ZDI-CAN-5463,Adobe,CVE-2018-4904,6.8,2018-02-21,2018-02-21,Adobe Acrobat Pro DC ImageConversion XPS TIFF dir count Parsing Heap-based Buffer Overflow Remote Code Execution Vulnerability,,Adobe,2017-12-19,2018-02-21,64
ZDI-18-169,ZDI-CAN-5465,Adobe,CVE-2018-4903,4.3,2018-02-21,2018-02-21,Adobe Acrobat Pro DC ImageConversion XPS TIFF Software Parsing Out-Of-Bounds Read Information Disclosure Vulnerability,,Adobe,2017-12-19,2018-02-21,64
ZDI-18-168,ZDI-CAN-5466,Adobe,CVE-2018-4886,4.3,2018-02-21,2018-02-21,Adobe Acrobat Pro DC ImageConversion EMF Parsing Out-Of-Bounds Read Information Disclosure Vulnerability,,Adobe,2017-12-19,2018-02-21,64
ZDI-18-167,ZDI-CAN-5486,Microsoft,CVE-2018-0839,4.3,2018-02-21,2018-02-21,Microsoft Edge Select Element Out-Of-Bounds Read Information Disclosure Vulnerability,,Microsoft,2017-12-07,2018-02-21,76
ZDI-18-166,ZDI-CAN-5441,Microsoft,CVE-2018-0833,7.8,2018-02-21,2018-02-21,Microsoft Windows SMB Client Improper Initialization Denial of Service Vulnerability,,Microsoft,2017-12-01,2018-02-21,82
ZDI-18-165,ZDI-CAN-5324,Microsoft,CVE-2018-0758,6.8,2018-02-21,2018-02-21,Microsoft Chakra String Concatenation Integer Overflow Remote Code Execution Vulnerability,,Microsoft,2017-11-07,2018-02-21,106
ZDI-18-164,ZDI-CAN-5314,Microsoft,CVE-2018-0755,2.6,2018-02-21,2018-02-21,Microsoft Windows Font Embedding Out-Of-Bounds Read Information Disclosure Vulnerability,,Microsoft,2017-11-07,2018-02-21,106
ZDI-18-163,ZDI-CAN-5318,Microsoft,CVE-2018-0760,2.6,2018-02-21,2018-02-21,Microsoft Windows Font Embedding Out-Of-Bounds Read Information Disclosure Vulnerability,,Microsoft,2017-11-07,2018-02-21,106
ZDI-18-162,ZDI-CAN-5323,Microsoft,CVE-2018-0763,4.3,2018-02-21,2018-02-21,Microsoft Edge CSS var Function Type Confusion Information Disclosure Vulnerability,,Microsoft,2017-11-07,2018-02-21,106
ZDI-18-161,ZDI-CAN-5325,Microsoft,CVE-2018-0796,2.6,2018-02-21,2018-02-21,Microsoft Office Excel Formula Type Confusion Information Disclosure Vulnerability,,Microsoft,2017-11-07,2018-02-21,106
ZDI-18-157,ZDI-CAN-5204,Adobe,CVE-2017-16383,6.8,2018-02-12,2018-02-12,Adobe Acrobat Pro DC ImageConversion XPS JPEG Parsing Heap-based Buffer Overflow Remote Code Execution Vulnerability,,Adobe,2017-10-26,2018-02-12,109
ZDI-18-156,ZDI-CAN-5367,Apple,CVE-2017-7171,6.9,2018-02-07,2018-02-07,(Pwn2Own) Apple iOS backboardd Untrusted Pointer Dereference Privilege Escalation Vulnerability,,Apple,2017-11-02,2018-02-07,97
ZDI-18-155,ZDI-CAN-5366,Apple,CVE-2017-13885,6.8,2018-02-07,2018-02-07,(Pwn2Own) Apple Safari DFG JIT Type Confusion Remote Code Execution Vulnerability,,Apple,2017-11-02,2018-02-07,97
ZDI-18-154,ZDI-CAN-5354,Apple,CVE-2017-7162,6.9,2018-02-07,2018-02-07,Apple iOS backboardd Double Free Privilege Escalation Vulnerability,,Apple,2017-11-02,2018-02-07,97
ZDI-18-153,ZDI-CAN-5353,Apple,CVE-2017-13884,6.8,2018-02-07,2018-02-07,(Pwn2Own) Apple Safari DFG JIT Type Confusion Remote Code Execution Vulnerability,,Apple,2017-11-02,2018-02-07,97
ZDI-18-152,ZDI-CAN-5352,Apple,CVE-2017-7165,6.8,2018-02-07,2018-02-07,(Pwn2Own) Apple Safari HTMLButtonElement Use-After-Free Remote Code Execution Vulnerability,,Apple,2017-11-02,2018-02-07,97
ZDI-18-151,ZDI-CAN-5345,Apple,CVE-2017-7172,6.8,2018-02-07,2018-02-07,(Pwn2Own) Apple Safari UIProcess Out-Of-Bounds Access Privilege Escalation Vulnerability,,Apple,2017-11-02,2018-02-07,97
ZDI-18-150,ZDI-CAN-5344,Apple,CVE-2017-7160,6.8,2018-02-07,2018-02-07,(Pwn2Own) Apple Safari FTL JIT Integer Overflow Remote Code Execution Vulnerability,,Apple,2017-11-02,2018-02-07,97
ZDI-18-149,ZDI-CAN-5343,Apple,CVE-2017-7162,6.9,2018-02-07,2018-02-07,(Pwn2Own) Apple iOS backboardd Double Free Privilege Escalation Vulnerability,,Apple,2017-11-02,2018-02-07,97
ZDI-18-148,ZDI-CAN-5342,Apple,CVE-2017-13866,6.8,2018-02-07,2018-02-07,(Pwn2Own) Apple Safari DFG JIT Type Confusion Remote Code Execution Vulnerability,,Apple,2017-11-02,2018-02-07,97
ZDI-18-147,ZDI-CAN-5341,Apple,CVE-2017-7171,6.9,2018-02-07,2018-02-07,(Pwn2Own) Apple iOS backboardd Untrusted Pointer Dereference Privilege Escalation Vulnerability,,Apple,2017-11-02,2018-02-07,97
ZDI-18-146,ZDI-CAN-5340,Apple,CVE-2017-13870,6.8,2018-02-07,2018-02-07,(Pwn2Own) Apple Safari MutationObserver Use-After-Free Remote Code Execution Vulnerability,,Apple,2017-11-02,2018-02-07,97
ZDI-18-124,ZDI-CAN-5310,Adobe,CVE-2018-4871,2.6,2018-01-18,,Adobe Flash ATF Parsing Out-Of-Bounds Read Information Disclosure Vulnerability,,Adobe,2017-10-26,2018-01-18,84
ZDI-18-123,ZDI-CAN-5109,Microsoft,CVE-2017-11887,4.3,2018-01-18,,Microsoft Windows VBScript Filter Function Use-After-Free Information Disclosure Vulnerability,,Microsoft,2017-09-01,2018-01-18,139
ZDI-18-066,ZDI-CAN-5484,Microsoft,CVE-2018-0772,5.1,2018-01-05,,Microsoft Chakra Memory Allocator Integer Overflow Remote Code Execution Vulnerability,,Microsoft,2017-12-12,2018-01-05,24
ZDI-19-1027,ZDI-CAN-8806,Apple,CVE-2019-8850,3.3,2019-12-20,2019-12-20,Apple macOS AudioToolbox MP4 Parsing Integer Overflow Information Disclosure Vulnerability,,Apple,2019-07-11,2019-12-20,162
ZDI-19-1026,ZDI-CAN-8767,Apple,CVE-2019-8835,8.8,2019-12-19,,Apple macOS apfs Use-After-Free Privilege Escalation Vulnerability,,Apple,2019-08-07,2019-12-19,134
ZDI-19-1023,ZDI-CAN-9278,Microsoft,,7.5,2019-12-17,,(0Day) Microsoft Windows WebDAV Path Parsing Command Injection Remote Code Execution Vulnerability,,Microsoft,2019-08-29,2019-12-17,110
ZDI-19-1022,ZDI-CAN-8608,Apple,,5.0,2019-12-17,,Apple Safari commitPropertyChange Use-After-Free Remote Code Execution Vulnerability,,Apple,2019-05-08,2019-12-17,223
ZDI-19-1016,ZDI-CAN-9385,Microsoft,CVE-2019-1408,8.8,2019-12-13,,Microsoft Windows GreSetMagicColors Out-Of-Bounds Write Privilege Escalation Vulnerability,,Microsoft,2019-10-24,2019-12-13,50
ZDI-19-1013,ZDI-CAN-8824,Microsoft,,5.5,2019-12-12,,(0Day) Microsoft Windows Kernel Type 1 Font Processing Stack Exhaustion Denial-of-Service Vulnerability,,Microsoft,2019-06-07,2019-12-12,188
ZDI-19-1009,ZDI-CAN-8613,Apple,CVE-2019-8798,6.5,2019-12-11,,Apple macOS fseventsd Uninitialized Buffer Information Disclosure Vulnerability,,Apple,2019-08-07,2019-12-11,126
ZDI-19-1008,ZDI-CAN-9363,Microsoft,CVE-2019-1465,3.3,2019-12-11,,Microsoft Windows EMF Parsing Out-Of-Bounds Read Information Disclosure Vulnerability,,Microsoft,2019-09-03,2019-12-11,99
ZDI-19-1007,ZDI-CAN-9344,Microsoft,CVE-2019-1466,3.3,2019-12-11,,Microsoft Windows EMF Parsing Out-Of-Bounds Read Information Disclosure Vulnerability,,Microsoft,2019-09-03,2019-12-11,99
ZDI-19-1006,ZDI-CAN-9339,Microsoft,CVE-2019-1462,7.8,2019-12-11,,Microsoft PowerPoint PPT File Use-After-Free Remote Code Execution Vulnerability,,Microsoft,2019-09-03,2019-12-11,99
ZDI-19-1005,ZDI-CAN-9320,Microsoft,CVE-2019-1483,7.0,2019-12-11,,Microsoft Windows AppX Deployment Service Hard Link Escalation of Privilege Vulnerability,,Microsoft,2019-08-29,2019-12-11,104
ZDI-19-1004,ZDI-CAN-9075,Microsoft,CVE-2019-1468,7.8,2019-12-11,,Microsoft Windows Font Subsetting Library Out-Of-Bounds Write Remote Code Execution Vulnerability,,Microsoft,2019-08-21,2019-12-11,112
ZDI-19-1003,ZDI-CAN-8186,Microsoft,CVE-2019-1481,4.3,2019-12-11,,Microsoft Windows Media Player Color Conversion Out-Of-Bounds Read Information Disclosure Vulnerability,,Microsoft,2019-08-13,2019-12-11,120
ZDI-19-1002,ZDI-CAN-8029,Microsoft,CVE-2019-1480,4.3,2019-12-11,,Microsoft Windows Media Player Color Transform Out-Of-Bounds Read Information Disclosure Vulnerability,,Microsoft,2019-08-13,2019-12-11,120
ZDI-19-1001,ZDI-CAN-9237,Adobe,CVE-2019-8257,7.8,2019-12-10,,Adobe Acrobat Pro DC XFA Form Use-After-Free Remote Code Execution Vulnerability,,Adobe,2019-08-08,2019-12-10,124
ZDI-19-995,ZDI-CAN-8585,Apple,CVE-2019-8831,3.3,2019-11-26,,Apple macOS UIFoundation Out-Of-Bounds Read Information Disclosure Vulnerability,,Apple,2019-07-16,2019-11-26,133
ZDI-19-987,ZDI-CAN-9393,Microsoft,CVE-2019-1380,7.0,2019-11-13,,Microsoft Windows splwow64 Time-Of-Check Time-Of-Use Privilege Escalation Vulnerability,,Microsoft,2019-10-29,2019-11-13,15
ZDI-19-986,ZDI-CAN-9373,Microsoft,CVE-2019-1456,8.6,2019-11-13,,Microsoft Windows Kernel Type 1 Font Processing Stack-based Buffer Overflow Remote Code Execution Vulnerability,,Microsoft,2019-09-05,2019-11-13,69
ZDI-19-985,ZDI-CAN-9365,Microsoft,CVE-2019-1441,7.8,2019-11-13,,Microsoft Windows EMF Parsing Integer Truncation Remote Code Execution Vulnerability,,Microsoft,2019-09-05,2019-11-13,69
ZDI-19-984,ZDI-CAN-9311,Microsoft,CVE-2019-1394,8.8,2019-11-13,,Microsoft Windows vMatchAPal Out-Of-Bounds Write Privilege Escalation Vulnerability,,Microsoft,2019-08-29,2019-11-13,76
ZDI-19-983,ZDI-CAN-9291,Microsoft,CVE-2019-1393,8.8,2019-11-13,,Microsoft Windows ptransMatchAPal Out-Of-Bounds Write Privilege Escalation Vulnerability,,Microsoft,2019-08-29,2019-11-13,76
ZDI-19-982,ZDI-CAN-9118,Microsoft,CVE-2019-1396,8.8,2019-11-13,,Microsoft Windows CreateXlateObject Out-Of-Bounds Write Privilege Escalation Vulnerability,,Microsoft,2019-08-12,2019-11-13,93
ZDI-19-981,ZDI-CAN-9110,Microsoft,CVE-2019-1395,8.8,2019-11-13,,Microsoft Windows CreateXlateObject Out-Of-Bounds Write Privilege Escalation Vulnerability,,Microsoft,2019-08-12,2019-11-13,93
ZDI-19-980,ZDI-CAN-9265,Microsoft,CVE-2019-1412,8.4,2019-11-13,,Microsoft Windows Kernel Type 1 Font Processing Out-Of-Bounds Read Information Disclosure Vulnerability,,Microsoft,2019-08-08,2019-11-13,97
ZDI-19-979,ZDI-CAN-9162,Microsoft,CVE-2019-1385,6.1,2019-11-13,,Microsoft Windows AppX Deployment Service Hard Link Denial-of-Service Vulnerability,,Microsoft,2019-08-08,2019-11-13,97
ZDI-19-978,ZDI-CAN-9156,Microsoft,CVE-2019-1423,7.8,2019-11-13,,Microsoft Windows InstallService Hard Link Privilege Escalation Vulnerability,,Microsoft,2019-08-08,2019-11-13,97
ZDI-19-977,ZDI-CAN-9238,Microsoft,CVE-2019-1419,8.6,2019-11-13,,Microsoft Windows Kernel Type 1 Font Processing Out-Of-Bounds Write Remote Code Execution Vulnerability,,Microsoft,2019-08-07,2019-11-13,98
ZDI-19-976,ZDI-CAN-9100,Microsoft,CVE-2019-1408,8.8,2019-11-13,,Microsoft Windows ulGetNearestIndexFromColorref Out-Of-Bounds Write Privilege Escalation Vulnerability,,Microsoft,2019-08-07,2019-11-13,98
ZDI-19-975,ZDI-CAN-9022,Microsoft,CVE-2019-1388,7.8,2019-11-13,,Microsoft Windows UAC Unsafe Interaction Privilege Escalation Vulnerability,,Microsoft,2019-07-23,2019-11-13,113
ZDI-19-974,ZDI-CAN-8057,Microsoft,CVE-2019-1432,3.3,2019-11-13,,Microsoft Windows DirectWrite Out-Of-Bounds Read Information Disclosure Vulnerability,,Microsoft,2019-07-23,2019-11-13,113
ZDI-19-973,ZDI-CAN-8053,Microsoft,CVE-2019-1411,3.3,2019-11-13,,Microsoft Windows DirectWrite Out-Of-Bounds Read Information Disclosure Vulnerability,,Microsoft,2019-07-23,2019-11-13,113
ZDI-19-972,ZDI-CAN-8945,Microsoft,CVE-2019-1422,5.3,2019-11-13,,Microsoft Windows IP Helper Service Hard Link Denial-of-Service Vulnerability,,Microsoft,2019-07-18,2019-11-13,118
ZDI-19-966,ZDI-CAN-9359,Microsoft,CVE-2019-1362,8.8,2019-11-11,,Microsoft Windows vResetSurfacePalette Out-Of-Bounds Write Privilege Escalation Vulnerability,,Microsoft,2019-09-04,2019-11-11,68
ZDI-19-962,ZDI-CAN-8851,Apple,CVE-2019-8748,7.8,2019-11-06,,Apple macOS AMDRadeonX4000_AMDSIGLContext Untrusted Pointer Dereference Privilege Escalation Vulnerability,,Apple,2019-06-21,2019-11-06,138
ZDI-19-961,ZDI-CAN-8160,Apple,,7.8,2019-11-01,,Apple macOS AudioToolbox Interleave Out-of-Bounds Write Remote Code Execute Vulnerability,,Apple,2019-03-28,2019-11-01,218
ZDI-19-934,ZDI-CAN-8828,Apple,"CVE-2019-8755, CVE-2019-8758",7.8,2019-10-31,,Apple macOS AppleIntelCFLGraphicsFramebuffer.kext Untrusted Pointer Dereference Privilege Escalation Vulnerability,,Apple,2019-06-28,2019-10-31,125
ZDI-19-924,ZDI-CAN-9381,Microsoft,,6.5,2019-10-30,,(0Day) Microsoft Windows cdrom Driver Memory Corruption Denial-of-Service Vulnerability,,Microsoft,2019-10-03,2019-10-30,27
ZDI-19-921,ZDI-CAN-8378,Google,CVE-2019-13698,8.8,2019-10-29,,(Pwn2Own) Google Chromium RegExpReplace Type Confusion Remote Code Execution Vulnerability,,Google,2019-10-29,2019-10-29,0
ZDI-19-920,ZDI-CAN-8574,Apple,CVE-2019-8735,5.0,2019-10-25,,Apple Safari FrameDestructionObserver Use-After-Free Remote Code Execution Vulnerability,,Apple,2019-05-02,2019-10-25,176
ZDI-19-919,ZDI-CAN-8093,Apple,CVE-2019-8592,7.8,2019-10-25,,Apple macOS AudioCodecs Out-Of-Bounds Write Remote Code Execution Vulnerability,,Apple,2019-03-14,2019-10-25,225
ZDI-19-907,ZDI-CAN-8804,Adobe,CVE-2019-8243,3.3,2019-10-21,2019-11-14,Adobe Media Encoder CC MP4 File Parsing Out-Of-Bounds Read Information Disclosure Vulnerability,,Adobe,2019-08-08,2019-10-21,74
ZDI-19-906,ZDI-CAN-8803,Adobe,CVE-2019-8244,3.3,2019-10-21,2019-11-14,Adobe Media Encoder CC MPG File Parsing Out-Of-Bounds Read Information Disclosure Vulnerability,,Adobe,2019-08-08,2019-10-21,74
ZDI-19-905,ZDI-CAN-8802,Adobe,CVE-2019-8241,3.3,2019-10-21,2019-11-14,Adobe Media Encoder MOV File Parsing Out-Of-Bounds Read Information Disclosure Vulnerability,,Adobe,2019-06-26,2019-10-21,117
ZDI-19-904,ZDI-CAN-8785,Adobe,CVE-2019-8242,3.3,2019-10-21,2019-11-14,Adobe Media Encoder MOV File Parsing Out-Of-Bounds Read Information Disclosure Vulnerability,,Adobe,2019-06-20,2019-10-21,123
ZDI-19-901,ZDI-CAN-9374,Adobe,CVE-2019-8225,7.8,2019-10-15,,Adobe Acrobat Reader DC XFA Form Use-After-Free Remote Code Execution Vulnerability,,Adobe,2019-09-19,2019-10-15,26
ZDI-19-900,ZDI-CAN-9317,Adobe,CVE-2019-8224,7.8,2019-10-15,,Adobe Acrobat Reader DC XFA closeDoc Use-After-Free Remote Code Execution Vulnerability,,Adobe,2019-09-11,2019-10-15,34
ZDI-19-899,ZDI-CAN-9331,Adobe,CVE-2019-8223,7.8,2019-10-15,2021-06-29,Adobe Acrobat Pro DC XFA closeDoc Use-After-Free Remote Code Execution Vulnerability,,Adobe,2019-09-11,2019-10-15,34
ZDI-19-898,ZDI-CAN-9362,Adobe,CVE-2019-8166,7.8,2019-10-15,,Adobe Acrobat Pro DC DWF File Parsing Stack-based Buffer Overflow Remote Code Execution Vulnerability,,Adobe,2019-09-05,2019-10-15,40
ZDI-19-897,ZDI-CAN-9330,Adobe,CVE-2019-8219,7.8,2019-10-15,,Adobe Acrobat Pro DC XFA Form Use-After-Free Remote Code Execution Vulnerability,,Adobe,2019-09-03,2019-10-15,42
ZDI-19-896,ZDI-CAN-9329,Adobe,CVE-2019-8217,7.8,2019-10-15,,Adobe Acrobat Reader DC XFA template Use-After-Free Remote Code Execution Vulnerability,,Adobe,2019-08-29,2019-10-15,47
ZDI-19-895,ZDI-CAN-9316,Adobe,CVE-2019-8210,7.8,2019-10-15,,Adobe Acrobat Reader DC XFA instanceManager Use-After-Free Remote Code Execution Vulnerability,,Adobe,2019-08-27,2019-10-15,49
ZDI-19-894,ZDI-CAN-9295,Adobe,CVE-2019-8208,7.8,2019-10-15,,Adobe Acrobat Reader DC XFA Use-After-Free Remote Code Execution Vulnerability,,Adobe,2019-08-27,2019-10-15,49
ZDI-19-893,ZDI-CAN-9327,Adobe,CVE-2019-8209,7.8,2019-10-15,2021-06-29,Adobe Acrobat Reader DC XFA template Use-After-Free Remote Code Execution Vulnerability,,Adobe,2019-08-27,2019-10-15,49
ZDI-19-892,ZDI-CAN-8937,Adobe,CVE-2019-8204,7.8,2019-10-15,,Adobe Acrobat Reader DC AcroForm Out-Of-Bounds Read Remote Code Execution Vulnerability,,Adobe,2019-08-20,2019-10-15,56
ZDI-19-891,ZDI-CAN-9293,Adobe,CVE-2019-8203,7.8,2019-10-15,,Adobe Acrobat Reader DC XFA Form Use-After-Free Remote Code Execution Vulnerability,,Adobe,2019-08-20,2019-10-15,56
ZDI-19-890,ZDI-CAN-8793,Adobe,CVE-2019-8192,7.8,2019-10-15,,Adobe Acrobat Pro DC XFA Form Use-After-Free Remote Code Execution Vulnerability,,Adobe,2019-08-07,2019-10-15,69
ZDI-19-889,ZDI-CAN-9153,Adobe,CVE-2019-8191,7.8,2019-10-15,,Adobe Acrobat Pro DC DWT File Parsing Out-Of-Bounds Write Remote Code Execution Vulnerability,,Adobe,2019-08-07,2019-10-15,69
ZDI-19-888,ZDI-CAN-9154,Adobe,CVE-2019-8165,7.8,2019-10-15,,Adobe Acrobat Pro DC DXF File Parsing Memory Corruption Remote Code Execution Vulnerability,,Adobe,2019-08-07,2019-10-15,69
ZDI-19-887,ZDI-CAN-9155,Adobe,CVE-2019-8190,3.3,2019-10-15,,Adobe Acrobat Pro DC DXF File Parsing Out-Of-Bounds Read Information Disclosure Vulnerability,,Adobe,2019-08-07,2019-10-15,69
ZDI-19-886,ZDI-CAN-9261,Adobe,CVE-2019-8163,3.3,2019-10-15,,Adobe Acrobat Pro DC DST File Parsing Out-Of-Bounds Read Information Disclosure Vulnerability,,Adobe,2019-08-07,2019-10-15,69
ZDI-19-885,ZDI-CAN-9262,Adobe,CVE-2019-8189,3.3,2019-10-15,,Adobe Acrobat Pro DC DXF File Parsing Out-Of-Bounds Read Information Disclosure Vulnerability,,Adobe,2019-08-07,2019-10-15,69
ZDI-19-884,ZDI-CAN-9263,Adobe,CVE-2019-8188,3.3,2019-10-15,,Adobe Acrobat Pro DC DWG File Parsing Use-After-Free Information Disclosure Vulnerability,,Adobe,2019-08-07,2019-10-15,69
ZDI-19-883,ZDI-CAN-9264,Adobe,CVE-2019-8187,3.3,2019-10-15,,Adobe Acrobat Pro DC DWG File Parsing Use-After-Free Information Disclosure Vulnerability,,Adobe,2019-08-07,2019-10-15,69
ZDI-19-882,ZDI-CAN-8816,Adobe,CVE-2019-8181,7.8,2019-10-15,,Adobe Acrobat Pro DC DST File Parsing Use-After-Free Remote Code Execution Vulnerability,,Adobe,2019-06-26,2019-10-15,111
ZDI-19-881,ZDI-CAN-8817,Adobe,CVE-2019-8180,7.8,2019-10-15,,Adobe Acrobat Pro DC DST File Parsing Use-After-Free Remote Code Execution Vulnerability,,Adobe,2019-06-26,2019-10-15,111
ZDI-19-880,ZDI-CAN-8819,Adobe,CVE-2019-8179,7.8,2019-10-15,,Adobe Acrobat Pro DC DST File Parsing Use-After-Free Remote Code Execution Vulnerability,,Adobe,2019-06-26,2019-10-15,111
ZDI-19-879,ZDI-CAN-8820,Adobe,CVE-2019-8178,7.8,2019-10-15,,Adobe Acrobat Pro DC DST File Parsing Use-After-Free Remote Code Execution Vulnerability,,Adobe,2019-06-26,2019-10-15,111
ZDI-19-878,ZDI-CAN-8854,Adobe,CVE-2019-8177,7.8,2019-10-15,,Adobe Acrobat Pro DC XFA calculate Event Use-After-Free Remote Code Execution Vulnerability,,Adobe,2019-06-26,2019-10-15,111
ZDI-19-877,ZDI-CAN-8765,Adobe,CVE-2019-8176,7.8,2019-10-15,,Adobe Acrobat Pro DC XFA validate Event Use-After-Free Remote Code Execution Vulnerability,,Adobe,2019-06-25,2019-10-15,112
ZDI-19-876,ZDI-CAN-8732,Adobe,CVE-2019-8064,3.3,2019-10-15,,Adobe Acrobat Pro DC XFA presence Element Out-Of-Bounds Read Information Disclosure Vulnerability,,Adobe,2019-06-25,2019-10-15,112
ZDI-19-875,ZDI-CAN-8818,Adobe,CVE-2019-8175,7.8,2019-10-15,,Adobe Acrobat Pro DC DST File Parsing Use-After-Free Remote Code Execution Vulnerability,,Adobe,2019-06-25,2019-10-15,112
ZDI-19-874,ZDI-CAN-8689,Adobe,CVE-2019-8174,7.8,2019-10-15,2020-07-14,Adobe Acrobat Pro DC RestorePlugInFrame Memory Corruption Remote Code Execution Vulnerability,,Adobe,2019-06-25,2019-10-15,112
ZDI-19-873,ZDI-CAN-8781,Adobe,CVE-2019-8173,3.3,2019-10-15,,Adobe Acrobat Pro DC Distiller PostScript JPEG Parsing Out-Of-Bounds Read Information Disclosure Vulnerability,,Adobe,2019-06-25,2019-10-15,112
ZDI-19-872,ZDI-CAN-8678,Adobe,CVE-2019-8172,3.3,2019-10-15,,Adobe Acrobat Pro DC DST File Parsing Out-Of-Bounds Read Information Disclosure Vulnerability,,Adobe,2019-06-20,2019-10-15,117
ZDI-19-871,ZDI-CAN-8744,Adobe,CVE-2019-8171,7.8,2019-10-15,,Adobe Acrobat Pro DC PostScript CharString Directory NULL Pointer Dereference Remote Code Execution Vulnerability,,Adobe,2019-06-13,2019-10-15,124
ZDI-19-870,ZDI-CAN-8681,Adobe,CVE-2019-8170,7.8,2019-10-15,,Adobe Acrobat Pro DC PostScript File Parsing Heap-based Buffer Overflow Remote Code Execution Vulnerability,,Adobe,2019-06-13,2019-10-15,124
ZDI-19-869,ZDI-CAN-8926,Microsoft,CVE-2019-1362,8.8,2019-10-10,,Microsoft Windows CreateSurfacePal Out-Of-Bounds Write Privilege Escalation Vulnerability,,Microsoft,2019-07-02,2019-10-10,100
ZDI-19-868,ZDI-CAN-8852,Microsoft,CVE-2019-1362,8.8,2019-10-10,,Microsoft Windows CreateSurfacePal Out-Of-Bounds Write Privilege Escalation Vulnerability,,Microsoft,2019-07-02,2019-10-10,100
ZDI-19-867,ZDI-CAN-8746,Microsoft,CVE-2019-1361,4.3,2019-10-10,,Microsoft Windows user32 Cursor Parsing Out-Of-Bounds Read Information Disclosure Vulnerability,,Microsoft,2019-06-27,2019-10-10,105
ZDI-19-865,ZDI-CAN-8739,Apple,CVE-2019-8707,8.8,2019-10-08,,Apple WebKit HashTable Use-After-Free Remote Code Execution Vulnerability,,Apple,2019-07-23,2019-10-08,77
ZDI-19-864,ZDI-CAN-8668,Apple,CVE-2019-8707,8.8,2019-10-08,,Apple WebKit CSSAnimation Use-After-Free Remote Code Execution Vulnerability,,Apple,2019-06-21,2019-10-08,109
ZDI-19-863,ZDI-CAN-8588,Apple,CVE-2019-8745,7.8,2019-10-08,,Apple macOS CFFromShiftJISLen Out-Of-Bounds Read Remote Code Execution,,Apple,2019-05-31,2019-10-08,130
ZDI-19-857,ZDI-CAN-8719,Apple,CVE-2019-8539,4.7,2019-10-04,,Apple macOS diskmanagementd Uninitialized Buffer Information Disclosure Vulnerability,,Apple,2019-05-31,2019-10-04,126
ZDI-19-856,ZDI-CAN-8584,Apple,CVE-2019-8657,3.3,2019-10-04,,Apple macOS parseText1Fast Out-Of-Bounds Read Information Disclosure Vulnerability,,Apple,2019-05-31,2019-10-04,126
ZDI-19-848,ZDI-CAN-9312,Microsoft,,6.1,2019-09-24,,(0Day) Microsoft Windows Storage Service Link Resolution Denial-of-Service Vulnerability,,Microsoft,2019-08-29,2019-09-24,26
ZDI-19-832,ZDI-CAN-8091,Apple,CVE-2019-8585,5.3,2019-09-17,,QuickTime get_by_tree Memory Corruption Information Disclosure Vulnerability,,Apple,2019-03-08,2019-09-17,193
ZDI-19-831,ZDI-CAN-8849,Microsoft,CVE-2019-1208,8.8,2019-09-12,,Microsoft Windows VBScript Array Use-After-Free Remote Code Execution Vulnerability,,Microsoft,2019-06-18,2019-09-12,86
ZDI-19-822,ZDI-CAN-8752,Microsoft,CVE-2019-1283,3.3,2019-09-11,,Microsoft Windows gdi32 Icon Parsing Out-Of-Bounds Read Information Disclosure Vulnerability,,Microsoft,2019-07-03,2019-09-11,70
ZDI-19-821,ZDI-CAN-8747,Microsoft,CVE-2019-1283,3.3,2019-09-11,,Microsoft Windows user32 Cursor Parsing Out-Of-Bounds Read Information Disclosure Vulnerability,,Microsoft,2019-06-27,2019-09-11,76
ZDI-19-819,ZDI-CAN-9066,Apple,CVE-2019-8692,5.6,2019-09-10,,Apple macOS AMDRadeonX4000 Out-Of-Bounds Read Information Disclosure Vulnerability,,Apple,2019-07-25,2019-09-10,47
ZDI-19-818,ZDI-CAN-9079,Adobe,CVE-2019-8070,8.8,2019-09-10,,Adobe Flash Player PSDK Use-After-Free Remote Code Execution Vulnerability,,Adobe,2019-07-25,2019-09-10,47
ZDI-19-817,ZDI-CAN-8853,Adobe,CVE-2019-8069,8.8,2019-09-10,,Adobe Flash Player navigateToURL Same-Origin Policy Bypass Remote Code Execution Vulnerability,,Adobe,2019-07-09,2019-09-10,63
ZDI-19-816,ZDI-CAN-9120,Microsoft,CVE-2019-1306,8.3,2019-09-10,,Microsoft Azure DevOps Server Markdown Indexing Deserialization of Untrusted Data Remote Code Execution Vulnerability,,Microsoft,2019-08-08,2019-09-10,33
ZDI-19-815,ZDI-CAN-8811,Microsoft,CVE-2019-1297,7.0,2019-09-10,,Microsoft Excel XLS File Label Record Out-Of-Bounds Read Remote Code Execution Vulnerability,,Microsoft,2019-06-26,2019-09-10,76
ZDI-19-814,ZDI-CAN-8204,Microsoft,CVE-2019-1295,7.2,2019-09-10,,Microsoft SharePoint Business Data Connectivity Service Deserialization of Untrusted Data Remote Code Execution Vulnerability,,Microsoft,2019-07-03,2019-09-10,69
ZDI-19-813,ZDI-CAN-8161,Microsoft,CVE-2019-1296,7.2,2019-09-10,,Microsoft SharePoint Business Data Connectivity Service Deserialization of Untrusted Data Remote Code Execution Vulnerability,,Microsoft,2019-07-03,2019-09-10,69
ZDI-19-812,ZDI-CAN-8159,Microsoft,CVE-2019-1257,8.8,2019-09-10,,Microsoft SharePoint Business Data Connectivity Service Deserialization of Untrusted Data Remote Code Execution Vulnerability,,Microsoft,2019-07-03,2019-09-10,69
ZDI-19-811,ZDI-CAN-8729,Microsoft,CVE-2019-1252,3.1,2019-09-10,2023-06-22,Microsoft Windows EMF Parsing Out-Of-Bounds Read Information Disclosure Vulnerability,,Microsoft,2019-06-18,2019-09-10,84
ZDI-19-810,ZDI-CAN-8711,Microsoft,CVE-2019-1248,7.0,2019-09-10,,Microsoft Windows JET Database Engine Integer Underflow Remote Code Execution Vulnerability,,Microsoft,2019-06-04,2019-09-10,98
ZDI-19-809,ZDI-CAN-8701,Microsoft,CVE-2019-1246,7.0,2019-09-10,,Microsoft Windows JET Database Engine Integer Underflow Remote Code Execution Vulnerability,,Microsoft,2019-06-04,2019-09-10,98
ZDI-19-808,ZDI-CAN-8664,Microsoft,CVE-2019-1251,3.3,2019-09-10,,Microsoft Windows gdi32full Font Parsing Integer Overflow Information Disclosure Vulnerability,,Microsoft,2019-06-04,2019-09-10,98
ZDI-19-807,ZDI-CAN-8597,Microsoft,CVE-2019-1241,7.0,2019-09-10,,Microsoft Windows JET Database Engine Out-Of-Bounds Write Remote Code Execution Vulnerability,,Microsoft,2019-05-31,2019-09-10,102
ZDI-19-806,ZDI-CAN-8595,Microsoft,CVE-2019-1249,7.0,2019-09-10,,Microsoft Windows JET Database Engine Out-Of-Bounds Write Remote Code Execution Vulnerability,,Microsoft,2019-05-31,2019-09-10,102
ZDI-19-805,ZDI-CAN-8529,Microsoft,CVE-2019-1242,7.0,2019-09-10,,Microsoft Windows JET Database Engine Out-Of-Bounds Write Remote Code Execution Vulnerability,,Microsoft,2019-05-31,2019-09-10,102
ZDI-19-804,ZDI-CAN-8488,Microsoft,CVE-2019-1243,7.0,2019-09-10,,Microsoft Windows JET Database Engine Out-Of-Bounds Read Remote Code Execution Vulnerability,,Microsoft,2019-05-31,2019-09-10,102
ZDI-19-803,ZDI-CAN-8602,Microsoft,CVE-2019-1253,6.1,2019-09-10,,Microsoft Windows AppX Deployment Service Junction Arbitrary File Deletion Vulnerability,,Microsoft,2019-05-08,2019-09-10,125
ZDI-19-782,ZDI-CAN-8375,Mozilla,CVE-2019-9812,5.5,2019-09-05,,(Pwn2Own) Mozilla Firefox sync Universal Cross-Site Scripting Sandbox Escape Vulnerability,,Mozilla,2019-09-05,2019-09-05,0
ZDI-19-781,ZDI-CAN-8748,Microsoft,CVE-2019-1283,4.3,2019-09-04,2019-09-06,(0Day) Microsoft Windows user32 Cursor Parsing Out-Of-Bounds Read Information Disclosure Vulnerability,,Microsoft,2019-07-02,2019-09-04,64
ZDI-19-780,ZDI-CAN-8316,Google,CVE-2019-10565,7.8,2019-09-04,2020-03-13,(0Day) Google Android v4l2 Double Free Privilege Escalation Vulnerability,,Google,2019-03-12,2019-09-04,176
ZDI-19-779,ZDI-CAN-8521,Adobe,CVE-2019-7989,7.8,2019-08-27,,Adobe Photoshop JSX File ExtendScript Folder.rename Insufficient UI Warning Remote Code Execution Vulnerability,,Adobe,2019-05-09,2019-08-27,110
ZDI-19-778,ZDI-CAN-8519,Adobe,CVE-2019-7989,5.5,2019-08-27,,Adobe Photoshop JSX File ExtendScript Folder.remove Insufficient UI Warning Denial-of-Service Vulnerability,,Adobe,2019-05-09,2019-08-27,110
ZDI-19-777,ZDI-CAN-8505,Adobe,CVE-2019-7989,7.8,2019-08-27,,Adobe Photoshop JSX File ExtendScript File.copy Insufficient UI Warning Remote Code Execution Vulnerability,,Adobe,2019-05-09,2019-08-27,110
ZDI-19-776,ZDI-CAN-8504,Adobe,CVE-2019-7989,5.5,2019-08-27,,Adobe Photoshop JSX File ExtendScript File.remove Insufficient UI Warning Denial-of-Service Vulnerability,,Adobe,2019-05-09,2019-08-27,110
ZDI-19-775,ZDI-CAN-8503,Adobe,CVE-2019-7989,5.5,2019-08-27,,Adobe Photoshop JSX File ExtendScript File.readch Insufficient UI Warning Information Disclosure Vulnerability,,Adobe,2019-05-09,2019-08-27,110
ZDI-19-774,ZDI-CAN-8502,Adobe,CVE-2019-7989,7.8,2019-08-27,,Adobe Photoshop JSX File ExtendScript File.rename Insufficient UI Warning Remote Code Execution Vulnerability,,Adobe,2019-05-09,2019-08-27,110
ZDI-19-773,ZDI-CAN-8501,Adobe,CVE-2019-7989,5.5,2019-08-27,,Adobe Photoshop JSX File ExtendScript File.read Insufficient UI Warning Information Disclosure Vulnerability,,Adobe,2019-05-09,2019-08-27,110
ZDI-19-772,ZDI-CAN-8500,Adobe,CVE-2019-7989,5.5,2019-08-27,,Adobe Photoshop JSX File ExtendScript File.readln Insufficient UI Warning Information Disclosure Vulnerability,,Adobe,2019-05-09,2019-08-27,110
ZDI-19-771,ZDI-CAN-8499,Adobe,CVE-2019-7989,7.8,2019-08-27,,Adobe Photoshop JSX File ExtendScript File.writeln Insufficient UI Warning Remote Code Execution Vulnerability,,Adobe,2019-05-09,2019-08-27,110
ZDI-19-770,ZDI-CAN-8498,Adobe,CVE-2019-7989,7.8,2019-08-27,,Adobe Photoshop JSX File ExtendScript File.write Insufficient UI Warning Remote Code Execution Vulnerability,,Adobe,2019-05-09,2019-08-27,110
ZDI-19-769,ZDI-CAN-8497,Adobe,CVE-2019-7989,7.8,2019-08-27,,Adobe Photoshop JSX File ExtendScript File.execute Insufficient UI Warning Remote Code Execution Vulnerability,,Adobe,2019-05-09,2019-08-27,110
ZDI-19-768,ZDI-CAN-8496,Adobe,CVE-2019-7989,7.8,2019-08-27,,Adobe Photoshop JSX File ExtendScript app.system Insufficient UI Warning Remote Code Execution Vulnerability,,Adobe,2019-05-09,2019-08-27,110
ZDI-19-767,ZDI-CAN-8438,Apple,CVE-2019-8681,5.0,2019-08-27,,Apple Safari InlineBox Use-After-Free Remote Code Execution Vulnerability,,Apple,2019-05-02,2019-08-27,117
ZDI-19-766,ZDI-CAN-8360,Apple,CVE-2019-8604,9.3,2019-08-27,,Apple macOS securityd Heap-based Buffer Overflow Sandbox Escape Vulnerability,,Apple,2019-08-20,2019-08-27,7
ZDI-19-765,ZDI-CAN-8359,Apple,CVE-2019-8601,8.8,2019-08-27,,Apple Safari Integer Overflow Remote Code Execution Vulnerability,,Apple,2019-08-20,2019-08-27,7
ZDI-19-760,ZDI-CAN-8800,Adobe,CVE-2019-8058,3.3,2019-08-19,,Adobe Acrobat Pro DC AcroForm fillColor Property Use-After-Free Information Disclosure Vulnerability,,Adobe,2019-06-27,2019-08-19,53
ZDI-19-759,ZDI-CAN-8798,Adobe,CVE-2019-8057,7.8,2019-08-19,,Adobe Acrobat Pro DC AcroForm textSize Property Use-After-Free Remote Code Execution Vulnerability,,Adobe,2019-06-27,2019-08-19,53
ZDI-19-758,ZDI-CAN-8797,Adobe,CVE-2019-8056,3.3,2019-08-19,,Adobe Acrobat Pro DC AcroForm strokeColor Property Use-After-Free Information Disclosure Vulnerability,,Adobe,2019-06-27,2019-08-19,53
ZDI-19-757,ZDI-CAN-8795,Adobe,CVE-2019-8059,3.3,2019-08-19,,Adobe Acrobat Pro DC AcroForm lineWidth Property Use-After-Free Information Disclosure Vulnerability,,Adobe,2019-06-27,2019-08-19,53
ZDI-19-756,ZDI-CAN-8799,Adobe,CVE-2019-8053,3.3,2019-08-19,,Adobe Acrobat Pro DC AcroForm submitName Property Use-After-Free Information Disclosure Vulnerability,,Adobe,2019-06-25,2019-08-19,55
ZDI-19-755,ZDI-CAN-8796,Adobe,CVE-2019-8054,3.3,2019-08-19,,Adobe Acrobat Pro DC AcroForm rect Property Use-After-Free Information Disclosure Vulnerability,,Adobe,2019-06-25,2019-08-19,55
ZDI-19-754,ZDI-CAN-8794,Adobe,CVE-2019-8051,3.3,2019-08-19,,Adobe Acrobat Pro DC AcroForm userName Property Use-After-Free Information Disclosure Vulnerability,,Adobe,2019-06-25,2019-08-19,55
ZDI-19-753,ZDI-CAN-8788,Adobe,CVE-2019-8052,3.3,2019-08-19,,Adobe Acrobat Pro DC JPG File Parsing Out-Of-Bounds Read Information Disclosure Vulnerability,,Adobe,2019-06-25,2019-08-19,55
ZDI-19-752,ZDI-CAN-8694,Adobe,CVE-2019-8040,7.8,2019-08-19,,Adobe Acrobat Pro DC JPEG File Parsing Out-Of-Bounds Read Information Disclosure Vulnerability,,Adobe,2019-06-20,2019-08-19,60
ZDI-19-751,ZDI-CAN-8651,Adobe,CVE-2019-8039,7.8,2019-08-19,,Adobe Acrobat Pro DC AcroForm value Use-After-Free Remote Code Execution Vulnerability,,Adobe,2019-06-20,2019-08-19,60
ZDI-19-750,ZDI-CAN-8650,Adobe,CVE-2019-8038,7.8,2019-08-19,,Adobe Acrobat Pro DC AcroForm Field Object Use-After-Free Remote Code Execution Vulnerability,,Adobe,2019-06-20,2019-08-19,60
ZDI-19-749,ZDI-CAN-8684,Adobe,CVE-2019-8037,3.3,2019-08-19,,Adobe Acrobat Pro DC AcroForm Out-Of-Bounds Read Information Disclosure Vulnerability,,Adobe,2019-06-18,2019-08-19,62
ZDI-19-748,ZDI-CAN-8483,Adobe,CVE-2019-8035,3.3,2019-08-19,,Adobe Acrobat Reader DC XFA aliasNode Out-Of-Bounds Read Information Disclosure Vulnerability,,Adobe,2019-06-07,2019-08-19,73
ZDI-19-747,ZDI-CAN-8755,Adobe,CVE-2019-8033,7.8,2019-08-19,,Adobe Acrobat Pro DC AcroForm setFocus Use-After-Free Remote Code Execution Vulnerability,,Adobe,2019-06-04,2019-08-19,76
ZDI-19-746,ZDI-CAN-8546,Adobe,CVE-2019-8034,7.8,2019-08-19,,Adobe Acrobat Reader DC XFA ready Event Use-After-Free Remote Code Execution Vulnerability,,Adobe,2019-06-04,2019-08-19,76
ZDI-19-745,ZDI-CAN-8763,Adobe,CVE-2019-8027,4.5,2019-08-19,,Adobe Acrobat Reader DC Protected View Text Copy Out-Of-Bounds Access Remote Code Execution Vulnerability,,Adobe,2019-05-29,2019-08-19,82
ZDI-19-744,ZDI-CAN-8621,Adobe,CVE-2019-8019,7.0,2019-08-19,,Adobe Acrobat Pro DC PostScript executive Type Confusion Remote Code Execution Vulnerability,,Adobe,2019-05-18,2019-08-19,93
ZDI-19-743,ZDI-CAN-8699,Adobe,CVE-2019-7994,7.8,2019-08-19,,Adobe Photoshop PostScript load Out-Of-Bounds Write Remote Code Execution Vulnerability,,Adobe,2019-05-15,2019-08-19,96
ZDI-19-742,ZDI-CAN-8697,Adobe,CVE-2019-7995,7.8,2019-08-19,,Adobe Photoshop PostScript blend Out-Of-Bounds Read Remote Code Execution Vulnerability,,Adobe,2019-05-15,2019-08-19,96
ZDI-19-741,ZDI-CAN-8571,Adobe,CVE-2019-7996,7.8,2019-08-19,,Adobe Photoshop PostScript load Out-Of-Bounds Read Remote Code Execution Vulnerability,,Adobe,2019-05-15,2019-08-19,96
ZDI-19-740,ZDI-CAN-8698,Adobe,CVE-2019-7988,7.8,2019-08-19,,Adobe Photoshop PostScript callothersubr Out-Of-Bounds Write Remote Code Execution Vulnerability,,Adobe,2019-05-09,2019-08-19,102
ZDI-19-739,ZDI-CAN-8522,Adobe,CVE-2019-7989,7.8,2019-08-19,,Adobe Photoshop JSX File ExtendScript Folder.execute Insufficient UI Warning Remote Code Execution Vulnerability,,Adobe,2019-05-09,2019-08-19,102
ZDI-19-738,ZDI-CAN-8555,Adobe,CVE-2019-7976,7.8,2019-08-19,,Adobe Photoshop PostScript drop Out-Of-Bounds Write Remote Code Execution Vulnerability,,Adobe,2019-05-08,2019-08-19,103
ZDI-19-737,ZDI-CAN-8554,Adobe,CVE-2019-7977,2.5,2019-08-19,,Adobe Photoshop PostScript callothersubr Out-Of-Bounds Read Information Disclosure Vulnerability,,Adobe,2019-05-08,2019-08-19,103
ZDI-19-736,ZDI-CAN-8549,Adobe,CVE-2019-7978,7.8,2019-08-19,,Adobe Photoshop PostScript put Heap-based Buffer Overflow Remote Code Execution Vulnerability,,Adobe,2019-05-08,2019-08-19,103
ZDI-19-735,ZDI-CAN-8540,Adobe,CVE-2019-7979,7.8,2019-08-19,,Adobe Photoshop PostScript callothersubr Out-Of-Bounds Write Remote Code Execution Vulnerability,,Adobe,2019-05-08,2019-08-19,103
ZDI-19-734,ZDI-CAN-8520,Adobe,CVE-2019-7980,7.8,2019-08-19,,Adobe Photoshop PostScript sbw Heap-based Buffer Overflow Remote Code Execution Vulnerability,,Adobe,2019-05-08,2019-08-19,103
ZDI-19-733,ZDI-CAN-8516,Adobe,CVE-2019-7981,2.5,2019-08-19,,Adobe Photoshop PostScript hsbw Out-Of-Bounds Read Information Disclosure Vulnerability,,Adobe,2019-05-08,2019-08-19,103
ZDI-19-732,ZDI-CAN-8490,Adobe,CVE-2019-7982,7.8,2019-08-19,,Adobe Photoshop PostScript put Out-Of-Bounds Write Remote Code Execution Vulnerability,,Adobe,2019-05-08,2019-08-19,103
ZDI-19-731,ZDI-CAN-8482,Adobe,CVE-2019-7983,7.8,2019-08-19,,Adobe Photoshop PostScript put Out-Of-Bounds Write Remote Code Execution Vulnerability,,Adobe,2019-05-08,2019-08-19,103
ZDI-19-730,ZDI-CAN-8481,Adobe,CVE-2019-7984,7.8,2019-08-19,,Adobe Photoshop PostScript put Out-Of-Bounds Write Remote Code Execution Vulnerability,,Adobe,2019-05-08,2019-08-19,103
ZDI-19-729,ZDI-CAN-8480,Adobe,CVE-2019-7985,7.8,2019-08-19,,Adobe Photoshop PostScript load Heap-based Buffer Overflow Remote Code Execution Vulnerability,,Adobe,2019-05-08,2019-08-19,103
ZDI-19-728,ZDI-CAN-8479,Adobe,CVE-2019-7986,7.8,2019-08-19,,Adobe Photoshop PostScript File Font Parsing Charstring store Out-Of-Bounds Write Remote Code Execution Vulnerability,,Adobe,2019-05-08,2019-08-19,103
ZDI-19-727,ZDI-CAN-8475,Adobe,CVE-2019-7987,4.7,2019-08-19,,Adobe Photoshop PostScript File Font Parsing Charstring index Out-Of-Bounds Read Information Disclosure Vulnerability,,Adobe,2019-05-08,2019-08-19,103
ZDI-19-726,ZDI-CAN-8442,Adobe,CVE-2019-8013,7.8,2019-08-19,,Adobe Acrobat Reader DC XFA Form Use-After-Free Remote Code Execution Vulnerability,,Adobe,2019-05-08,2019-08-19,103
ZDI-19-725,ZDI-CAN-8342,Adobe,CVE-2019-8014,7.8,2019-08-19,,Adobe Acrobat Pro DC AcroForm Bitmap File Parsing Heap-based Buffer Overflow Remote Code Execution Vulnerability,,Adobe,2019-05-08,2019-08-19,103
ZDI-19-724,ZDI-CAN-7863,Adobe,CVE-2019-8008,7.8,2019-08-19,,Adobe Acrobat Pro DC PostScript File Parsing Out-Of-Bounds Write Remote Code Execution Vulnerability,,Adobe,2019-01-25,2019-08-19,206
ZDI-19-723,ZDI-CAN-8609,Microsoft,CVE-2019-0988,7.5,2019-08-16,,Microsoft Windows jscript9 RegExp.input Type Confusion Remote Code Execution Vulnerability,,Microsoft,2019-05-29,2019-08-16,79
ZDI-19-716,ZDI-CAN-8313,Microsoft,,3.3,2019-08-13,,Microsoft Windows gdiplus Font Parsing Out-Of-Bounds Read Information Disclosure Vulnerability,,Microsoft,2019-04-26,2019-08-13,109
ZDI-19-715,ZDI-CAN-8599,Microsoft,CVE-2019-1201,7.0,2019-08-13,,Microsoft Word DOC File Parsing Stack-based Buffer Overflow Remote Code Execution Vulnerability,,Microsoft,2019-05-29,2019-08-13,76
ZDI-19-714,ZDI-CAN-8353,Microsoft,CVE-2019-1158,3.3,2019-08-13,2023-06-22,Microsoft Windows gdiplus EMF Parsing Out-Of-Bounds Read Information Disclosure Vulnerability,,Microsoft,2019-05-08,2019-08-13,97
ZDI-19-713,ZDI-CAN-8351,Microsoft,CVE-2019-1157,7.0,2019-08-13,,Microsoft Windows JET Database Engine Out-Of-Bounds Write Remote Code Execution Vulnerability,,Microsoft,2019-05-08,2019-08-13,97
ZDI-19-712,ZDI-CAN-8131,Microsoft,CVE-2019-1156,2.5,2019-08-13,,Microsoft Windows JET Database Engine Out-Of-Bounds Read Information Disclosure Vulnerability,,Microsoft,2019-05-02,2019-08-13,103
ZDI-19-711,ZDI-CAN-8121,Microsoft,CVE-2019-1155,7.0,2019-08-13,,Microsoft Windows JET Database Engine Out-Of-Bounds Write Remote Code Execution Vulnerability,,Microsoft,2019-05-02,2019-08-13,103
ZDI-19-710,ZDI-CAN-8494,Microsoft,CVE-2019-1187,4.3,2019-08-13,,Microsoft Windows XmlLite XML space Attribute Denial-Of-Service Vulnerability,,Microsoft,2019-05-02,2019-08-13,103
ZDI-19-709,ZDI-CAN-8422,Microsoft,CVE-2019-1169,7.1,2019-08-13,,Microsoft Windows xxxMNDragOver Null Pointer Dereference Information Disclosure Vulnerability,,Microsoft,2019-05-02,2019-08-13,103
ZDI-19-708,ZDI-CAN-7792,Microsoft,CVE-2019-1145,7.8,2019-08-13,,Microsoft Windows Font Subsetting Library Use-After-Free Remote Code Execution Vulnerability,,Microsoft,2019-01-25,2019-08-13,200
ZDI-19-707,ZDI-CAN-7790,Microsoft,CVE-2019-1144,7.8,2019-08-13,,Microsoft Windows Font Subsetting Library Double Free Remote Code Execution Vulnerability,,Microsoft,2019-01-25,2019-08-13,200
ZDI-19-706,ZDI-CAN-7715,Microsoft,CVE-2019-1184,8.8,2019-08-13,,Microsoft Windows CoreShellCOMServerRegistrar Improper Access Control Privilege Escalation Vulnerability,,Microsoft,2019-01-25,2019-08-13,200
ZDI-19-705,ZDI-CAN-7793,Microsoft,CVE-2019-1148,3.3,2019-08-13,,Microsoft Windows Font Subsetting Library Out-Of-Bounds Read Information Disclosure Vulnerability,,Microsoft,2019-01-25,2019-08-13,200
ZDI-19-704,ZDI-CAN-7671,Microsoft,CVE-2019-1143,4.3,2019-08-13,,Microsoft Windows EMF Graphic Out-Of-Bounds Read Information Disclosure Vulnerability,,Microsoft,2019-01-25,2019-08-13,200
ZDI-19-703,ZDI-CAN-8278,Microsoft,CVE-2019-1146,7.0,2019-08-13,,Microsoft Windows JET Database Engine Out-Of-Bounds Write Remote Code Execution Vulnerability,,Microsoft,2019-04-16,2019-08-13,119
ZDI-19-702,ZDI-CAN-8277,Microsoft,CVE-2019-1147,7.0,2019-08-13,,Microsoft Windows JET Database Engine Out-Of-Bounds Write Remote Code Execution Vulnerability,,Microsoft,2019-04-16,2019-08-13,119
ZDI-19-686,ZDI-CAN-8536,Apple,CVE-2019-8692,4.7,2019-07-24,,Apple macOS AMDRadeonX4000_AMDAccelResource initialize Out-Of-Bounds Read Privilege Escalation Vulnerability,,Apple,2019-04-03,2019-07-24,112
ZDI-19-685,ZDI-CAN-8320,Apple,CVE-2019-8697,8.8,2019-07-24,,Apple macOS diskmanagementd Heap-based Buffer Overflow Privilege Escalation Vulnerability,,Apple,2019-05-31,2019-07-24,54
ZDI-19-684,ZDI-CAN-8439,Apple,CVE-2019-8681,5.0,2019-07-24,,Apple Safari InlineFlowBox Use-After-Free Remote Code Execution Vulnerability,,Apple,2019-05-02,2019-07-24,83
ZDI-19-683,ZDI-CAN-8489,Apple,CVE-2019-8658,4.3,2019-07-24,,Apple Safari operationPutByValOptimize Out-Of-Bounds Read Information Disclosure Vulnerability,,Apple,2019-05-31,2019-07-24,54
ZDI-19-682,ZDI-CAN-8532,Apple,CVE-2019-8691,4.7,2019-07-24,,Apple macOS AMDRadeonX4000_AMDSIGLContext RsrcAndXorByteFlag Out-Of-Bounds Read Privilege Escalation Vulnerability,,Apple,2019-04-03,2019-07-24,112
ZDI-19-681,ZDI-CAN-8627,Apple,CVE-2019-8644,5.0,2019-07-24,,Apple Safari CSSFontFace Use-After-Free Remote Code Execution Vulnerability,,Apple,2019-05-02,2019-07-24,83
ZDI-19-680,ZDI-CAN-8530,Apple,CVE-2019-8695,3.3,2019-07-24,,Apple macOS Grapher Memory Corruption Information Disclosure Vulnerability,,Apple,2019-05-29,2019-07-24,56
ZDI-19-679,ZDI-CAN-8542,Apple,CVE-2019-8669,5.0,2019-07-24,,Apple Safari bind Type Confusion Remote Code Execution Vulnerability,,Apple,2019-05-29,2019-07-24,56
ZDI-19-678,ZDI-CAN-8582,Apple,CVE-2019-8657,3.3,2019-07-24,,Apple macOS parseSummaryInfo Out-Of-Bounds Read Information Disclosure Vulnerability,,Apple,2019-05-31,2019-07-24,54
ZDI-19-677,ZDI-CAN-7864,Apple,CVE-2019-8686,5.0,2019-07-24,,Apple Safari FloatingObjects Use-After-Free Remote Code Execution Vulnerability,,Apple,2019-01-25,2019-07-24,180
ZDI-19-676,ZDI-CAN-8291,Apple,CVE-2019-8582,3.3,2019-07-24,,Apple macOS CoreText Out-Of-Bounds Read Information Disclosure Vulnerability,,Apple,2019-03-28,2019-07-24,118
ZDI-19-670,ZDI-CAN-7959,Microsoft,,3.3,2019-07-22,,(0Day) Microsoft Windows ole32 OleCreateFontIndirectExt Out-Of-Bounds Read Information Disclosure Vulnerability,,Microsoft,2019-02-12,2019-07-22,160
ZDI-19-669,ZDI-CAN-8092,Apple,CVE-2019-8592,3.3,2019-07-22,,Apple macOS AudioCodecs Memory Corruption Information Disclosure Vulnerability,,Apple,2019-03-14,2019-07-22,130
ZDI-19-657,ZDI-CAN-8374,Mozilla,CVE-2019-9811,5.6,2019-07-10,,Mozilla Firefox Language Pack XUL Injection Sandbox Escape Vulnerability,,Mozilla,2019-07-10,2019-07-10,0
ZDI-19-656,ZDI-CAN-7875,Adobe,CVE-2019-7963,3.3,2019-07-10,,Adobe Bridge CC SVG File Parsing Out-Of-Bounds Read Information Disclosure Vulnerability,,Adobe,2019-03-08,2019-07-10,124
ZDI-19-655,ZDI-CAN-8524,Microsoft,CVE-2019-1112,2.5,2019-07-10,,Microsoft Excel Filename Out-Of-Bounds Read Information Disclosure Vulnerability,,Microsoft,2019-05-08,2019-07-10,63
ZDI-19-654,ZDI-CAN-8332,Microsoft,CVE-2019-1093,3.3,2019-07-10,,Microsoft Windows DirectWrite Integer Underflow Information Disclosure Vulnerability,,Microsoft,2019-05-08,2019-07-10,63
ZDI-19-653,ZDI-CAN-8034,Microsoft,CVE-2019-1093,3.3,2019-07-10,,Microsoft Windows gdiplus Font Parsing Integer Overflow Information Disclosure Vulnerability,,Microsoft,2019-04-04,2019-07-10,97
ZDI-19-652,ZDI-CAN-8197,Microsoft,CVE-2019-1094,3.3,2019-07-10,,Microsoft Windows gdiplus ConvertToEMFPlus Out-Of-Bounds Read Information Disclosure Vulnerability,,Microsoft,2019-04-03,2019-07-10,98
ZDI-19-651,ZDI-CAN-8190,Microsoft,CVE-2019-1095,3.3,2019-07-10,,Microsoft Windows DirectWrite Out-Of-Bounds Read Information Disclosure Vulnerability,,Microsoft,2019-04-03,2019-07-10,98
ZDI-19-650,ZDI-CAN-8202,Microsoft,CVE-2019-1101,5.5,2019-07-10,2023-09-05,Microsoft Windows gdiplus EMF Parsing Out-Of-Bounds Read Information Disclosure Vulnerability,,Microsoft,2019-03-27,2019-07-10,105
ZDI-19-649,ZDI-CAN-8112,Microsoft,CVE-2019-1102,3.3,2019-07-10,2023-06-22,Microsoft Windows gdiplus EMF Parsing Use-After-Free Information Disclosure Vulnerability,,Microsoft,2019-03-27,2019-07-10,105
ZDI-19-648,ZDI-CAN-8058,Microsoft,CVE-2019-1116,3.3,2019-07-10,,Microsoft Windows gdiplus Font Parsing Out-Of-Bounds Read Information Disclosure Vulnerability,,Microsoft,2019-03-27,2019-07-10,105
ZDI-19-647,ZDI-CAN-8055,Microsoft,CVE-2019-1097,3.3,2019-07-10,,Microsoft Windows DirectWrite Out-Of-Bounds Read Information Disclosure Vulnerability,,Microsoft,2019-03-29,2019-07-10,103
ZDI-19-646,ZDI-CAN-8050,Microsoft,CVE-2019-1098,7.8,2019-07-10,,Microsoft Windows gdiplus Font Parsing Integer Underflow Remote Code Execution Vulnerability,,Microsoft,2019-03-29,2019-07-10,103
ZDI-19-645,ZDI-CAN-8037,Microsoft,CVE-2019-1099,3.3,2019-07-10,,Microsoft Windows gdiplus Font Parsing Out-Of-Bounds Read Information Disclosure Vulnerability,,Microsoft,2019-03-29,2019-07-10,103
ZDI-19-644,ZDI-CAN-8036,Microsoft,CVE-2019-1100,3.3,2019-07-10,,Microsoft Windows gdiplus Font Parsing Out-Of-Bounds Read Information Disclosure Vulnerability,,Microsoft,2019-03-29,2019-07-10,103
ZDI-19-643,ZDI-CAN-7749,Microsoft,CVE-2019-1110,7.8,2019-07-10,,Microsoft Office Excel Out-Of-Bounds Read Remote Code Execution Vulnerability,,Microsoft,2019-01-25,2019-07-10,166
ZDI-19-642,ZDI-CAN-7605,Microsoft,CVE-2019-1111,7.8,2019-07-10,,Microsoft Office Excel OLE Object Parsing Use-After-Free Remote Code Execution Vulnerability,,Microsoft,2019-01-25,2019-07-10,166
ZDI-19-641,ZDI-CAN-6191,Microsoft,CVE-2019-0948,2.6,2019-07-10,2019-07-10,Microsoft Windows Event Viewer XML External Entity Processing Information Disclosure Vulnerability,,Microsoft,2018-05-08,2019-07-10,428
ZDI-19-640,ZDI-CAN-7860,Google,CVE-2019-9353,8.0,2019-07-08,2019-08-29,Google Android Bluetooth hci_len Heap-based Buffer Overflow Remote Code Execution Vulnerability,,Google,2019-01-17,2019-07-08,172
ZDI-19-639,ZDI-CAN-7855,Microsoft,CVE-2019-0920,5.0,2019-07-08,,Microsoft Windows ADODB Type Confusion Remote Code Execution Vulnerability,,Microsoft,2019-01-25,2019-07-08,164
ZDI-19-638,ZDI-CAN-7854,Microsoft,CVE-2019-0920,5.0,2019-07-08,,Microsoft Windows ADODB Type Confusion Remote Code Execution Vulnerability,,Microsoft,2019-01-25,2019-07-08,164
ZDI-19-628,ZDI-CAN-8018,Adobe,CVE-2019-7804,7.8,2019-07-05,,Adobe Acrobat Pro DC JPEG File Parsing Out-Of-Bounds Write Remote Code Execution Vulnerability,,Adobe,2019-03-08,2019-07-05,119
ZDI-19-627,ZDI-CAN-7853,Microsoft,CVE-2019-0920,5.0,2019-07-04,,Microsoft Windows ADODB Type Confusion Remote Code Execution Vulnerability,,Microsoft,2019-01-25,2019-07-04,160
ZDI-19-626,ZDI-CAN-7755,Microsoft,CVE-2019-0920,5.0,2019-07-04,,Microsoft Windows ADODB Type Confusion Remote Code Execution Vulnerability,,Microsoft,2019-01-25,2019-07-04,160
ZDI-19-625,ZDI-CAN-7754,Microsoft,CVE-2019-0920,5.0,2019-07-04,,Microsoft Windows ADODB Type Confusion Remote Code Execution Vulnerability,,Microsoft,2019-01-25,2019-07-04,160
ZDI-19-624,ZDI-CAN-7868,Microsoft,CVE-2019-0906,7.0,2019-07-02,,Microsoft Windows JET Database Engine Improper Validation of Array Index Remote Code Execution Vulnerability,,Microsoft,2019-02-07,2019-07-02,145
ZDI-19-581,ZDI-CAN-8331,Microsoft,CVE-2017-8533,3.3,2019-06-20,,Microsoft Windows DirectWrite Integer Overflow Information Disclosure Vulnerability,,Microsoft,2019-04-26,2019-06-20,55
ZDI-19-580,ZDI-CAN-8038,Microsoft,CVE-2019-1013,3.3,2019-06-20,,Microsoft Windows gdiplus Font Parsing Out-Of-Bounds Read Information Disclosure Vulnerability,,Microsoft,2019-02-21,2019-06-20,119
ZDI-19-573,ZDI-CAN-8094,Microsoft,CVE-2019-1013,3.3,2019-06-17,,Microsoft Windows gdiplus Font Parsing Uninitialized Pointer Information Disclosure Vulnerability,,Microsoft,2019-03-29,2019-06-17,80
ZDI-19-572,ZDI-CAN-8531,Microsoft,CVE-2019-1035,4.5,2019-06-14,,Microsoft Word Table Out-Of-Bounds Access Remote Code Execution Vulnerability,,Microsoft,2019-04-17,2019-06-14,58
ZDI-19-571,ZDI-CAN-8371,Microsoft,CVE-2019-1065,7.8,2019-06-14,,Microsoft Windows DirectComposition PropertySet Race Condition Privilege Escalation Vulnerability,,Microsoft,2019-06-13,2019-06-14,1
ZDI-19-569,ZDI-CAN-8288,Apple,CVE-2019-8519,7.1,2019-06-13,,Apple macOS AMDRadeonX4000_AMDAccelResource Integer Overflow Information Disclosure Vulnerability,,Apple,2019-03-08,2019-06-13,97
ZDI-19-564,ZDI-CAN-8453,Adobe,CVE-2019-7845,7.5,2019-06-11,,Adobe Flash Player LocalConnection Use-After-Free Remote Code Execution Vulnerability,,Adobe,2019-05-02,2019-06-11,40
ZDI-19-563,ZDI-CAN-8045,Microsoft,CVE-2019-1016,3.3,2019-06-11,,Microsoft Windows gdiplus Font Parsing Out-Of-Bounds Read Information Disclosure Vulnerability,,Microsoft,2019-04-03,2019-06-11,69
ZDI-19-562,ZDI-CAN-8340,Microsoft,CVE-2019-1034,3.3,2019-06-11,,Microsoft Word DOCX Parsing Use-After-Free Information Disclosure Vulnerability,,Microsoft,2019-04-03,2019-06-11,69
ZDI-19-561,ZDI-CAN-8056,Microsoft,CVE-2019-1049,3.3,2019-06-11,,Microsoft Windows gdiplus Font Parsing Out-Of-Bounds Read Information Disclosure Vulnerability,,Microsoft,2019-03-29,2019-06-11,74
ZDI-19-560,ZDI-CAN-8369,Microsoft,CVE-2019-1041,7.8,2019-06-11,2019-06-14,(Pwn2Own) Microsoft Windows DirectComposition PropertySet Out-Of-Bounds Write Privilege Escalation Vulnerability,,Microsoft,2019-03-21,2019-06-11,82
ZDI-19-559,ZDI-CAN-8049,Microsoft,CVE-2019-1046,3.3,2019-06-11,,Microsoft Windows gdiplus Font Parsing Out-Of-Bounds Read Information Disclosure Vulnerability,,Microsoft,2019-03-08,2019-06-11,95
ZDI-19-558,ZDI-CAN-8054,Microsoft,CVE-2019-1015,3.3,2019-06-11,,Microsoft Windows gdiplus Font Parsing Out-Of-Bounds Read Information Disclosure Vulnerability,,Microsoft,2019-03-08,2019-06-11,95
ZDI-19-557,ZDI-CAN-8225,Microsoft,CVE-2019-1012,3.1,2019-06-11,,Microsoft Windows EMF Graphic Out-Of-Bounds Read Information Disclosure Vulnerability,,Microsoft,2019-03-08,2019-06-11,95
ZDI-19-556,ZDI-CAN-8051,Microsoft,CVE-2019-1046,3.3,2019-06-11,2019-06-14,Microsoft Windows DirectWrite Out-Of-Bounds Read Information Disclosure Vulnerability,,Microsoft,2019-03-08,2019-06-11,95
ZDI-19-555,ZDI-CAN-8227,Microsoft,CVE-2019-1010,3.3,2019-06-11,,Microsoft Windows gdiplus EMR_CREATEDIBPATTERNBRUSHPT Out-Of-Bounds Read Information Disclosure Vulnerability,,Microsoft,2019-03-06,2019-06-11,97
ZDI-19-554,ZDI-CAN-8052,Microsoft,CVE-2019-1050,3.3,2019-06-11,,Microsoft Windows gdiplus Font Parsing Out-Of-Bounds Read Information Disclosure Vulnerability,,Microsoft,2019-03-06,2019-06-11,97
ZDI-19-553,ZDI-CAN-8048,Microsoft,CVE-2019-1011,3.3,2019-06-11,,Microsoft Windows gdiplus Font Parsing Out-Of-Bounds Read Information Disclosure Vulnerability,,Microsoft,2019-02-28,2019-06-11,103
ZDI-19-552,ZDI-CAN-8032,Microsoft,CVE-2019-1048,3.3,2019-06-11,,Microsoft Windows gdiplus Font Parsing Out-Of-Bounds Read Information Disclosure Vulnerability,,Microsoft,2019-02-28,2019-06-11,103
ZDI-19-551,ZDI-CAN-8033,Microsoft,CVE-2019-1009,3.3,2019-06-11,,Microsoft Windows gdiplus Font Parsing Out-Of-Bounds Read Information Disclosure Vulnerability,,Microsoft,2019-02-28,2019-06-11,103
ZDI-19-550,ZDI-CAN-8040,Microsoft,CVE-2019-1049,3.3,2019-06-11,,Microsoft Windows gdiplus Font Parsing Out-Of-Bounds Read Information Disclosure Vulnerability,,Microsoft,2019-02-28,2019-06-11,103
ZDI-19-549,ZDI-CAN-8041,Microsoft,CVE-2019-1011,3.3,2019-06-11,,Microsoft Windows gdiplus Font Parsing Out-Of-Bounds Read Information Disclosure Vulnerability,,Microsoft,2019-02-28,2019-06-11,103
ZDI-19-548,ZDI-CAN-8046,Microsoft,CVE-2019-1047,3.3,2019-06-11,,Microsoft Windows gdiplus Font Parsing Out-Of-Bounds Read Information Disclosure Vulnerability,,Microsoft,2019-02-28,2019-06-11,103
ZDI-19-547,ZDI-CAN-8047,Microsoft,CVE-2019-0977,3.3,2019-06-11,,Microsoft Windows gdiplus Font Parsing Out-Of-Bounds Read Information Disclosure Vulnerability,,Microsoft,2019-02-28,2019-06-11,103
ZDI-19-546,ZDI-CAN-8039,Microsoft,CVE-2019-1016,3.3,2019-06-11,,Microsoft Windows gdiplus Font Parsing Out-Of-Bounds Read Information Disclosure Vulnerability,,Microsoft,2019-02-21,2019-06-11,110
ZDI-19-545,ZDI-CAN-8031,Microsoft,CVE-2019-0968,3.3,2019-06-11,,Microsoft Windows gdiplus Font Parsing Off-By-One Information Disclosure Vulnerability,,Microsoft,2019-02-21,2019-06-11,110
ZDI-19-544,ZDI-CAN-7957,Microsoft,CVE-2019-0908,7.0,2019-06-11,,Microsoft Windows Jet Database Engine Integer Underflow Remote Code Execution Vulnerability,,Microsoft,2019-02-20,2019-06-11,111
ZDI-19-543,ZDI-CAN-8345,Apple,CVE-2019-8635,7.0,2019-06-07,,Apple macOS AMDRadeonX4000_AMDSIGLContext Double Free Privilege Escalation Vulnerability,,Apple,2019-03-14,2019-06-07,85
ZDI-19-542,ZDI-CAN-8108,Apple,CVE-2019-8585,3.3,2019-06-07,,Apple macOS ACGetNewAU Memory Corruption Information Disclosure Vulnerability,,Apple,2019-03-14,2019-06-07,85
ZDI-19-541,ZDI-CAN-8367,Apple,CVE-2019-8606,7.0,2019-05-30,,Apple macOS kextutil Race Condition Privilege Escalation Vulnerability,,Apple,2019-05-30,2019-05-30,0
ZDI-19-540,ZDI-CAN-8366,Apple,CVE-2019-8603,8.8,2019-05-30,,Apple Safari cfAttributedStringUnserialize Out-Of-Bounds Read Remote Code Execution Vulnerability,,Apple,2019-05-17,2019-05-30,13
ZDI-19-539,ZDI-CAN-8547,Apple,CVE-2019-8635,7.0,2019-05-30,,Apple macOS AMDRadeonX4000_AMDSIGLContext discard_StretchTex2Tex Double Free Privilege Escalation Vulnerability,,Apple,2019-04-08,2019-05-30,52
ZDI-19-538,ZDI-CAN-8356,Apple,CVE-2019-8616,7.8,2019-05-30,,Apple macOS IOAccelSharedUserClient2 Untrusted Pointer Dereference Privilege Escalation Vulnerability,,Apple,2019-04-03,2019-05-30,57
ZDI-19-537,ZDI-CAN-7970,Apple,CVE-2019-8610,5.0,2019-05-30,,Apple Safari FontFace Use-After-Free Remote Code Execution Vulnerability,,Apple,2019-03-08,2019-05-30,83
ZDI-19-536,ZDI-CAN-8106,Apple,CVE-2019-8587,5.0,2019-05-30,,Apple Safari HTMLFormElement Improper Validation of Array Index Remote Code Execution Vulnerability,,Apple,2019-03-04,2019-05-30,87
ZDI-19-535,ZDI-CAN-8004,Apple,CVE-2019-6237,5.0,2019-05-30,,Apple Safari createRenderers Use-After-Free Remote Code Execution Vulnerability,,Apple,2019-03-04,2019-05-30,87
ZDI-19-534,ZDI-CAN-7730,Apple,CVE-2019-8571,5.6,2019-05-30,,Apple Safari WebDataListSuggestionPicker Use-After-Free Remote Code Execution Vulnerability,,Apple,2019-03-04,2019-05-30,87
ZDI-19-533,ZDI-CAN-7643,Apple,CVE-2019-8608,5.0,2019-05-30,,Apple Safari RenderBlockFlow Use-After-Free Remote Code Execution Vulnerability,,Apple,2019-02-28,2019-05-30,91
ZDI-19-532,ZDI-CAN-7731,Apple,CVE-2019-8597,4.3,2019-05-30,,Apple Safari RenderInline Type Confusion Information Disclosure Vulnerability,,Apple,2019-02-27,2019-05-30,92
ZDI-19-531,ZDI-CAN-7555,Apple,CVE-2019-8595,7.5,2019-05-30,,Apple Safari ContextMenu Use-After-Free Remote Code Execution Vulnerability,,Apple,2019-02-14,2019-05-30,105
ZDI-19-530,ZDI-CAN-7611,Apple,CVE-2019-8584,5.0,2019-05-30,,Apple Safari RootInlineBox Use-After-Free Remote Code Execution Vulnerability,,Apple,2019-02-12,2019-05-30,107
ZDI-19-529,ZDI-CAN-7600,Apple,CVE-2019-8615,4.3,2019-05-30,,Apple Safari BreakingContext Out-Of-Bounds Read Information Disclosure Vulnerability,,Apple,2019-02-12,2019-05-30,107
ZDI-19-514,ZDI-CAN-8437,Adobe,CVE-2019-7830,7.8,2019-05-15,,Adobe Acrobat Pro DC JavaScript Annotation Object Use-After-Free Remote Code Execution Vulnerability,,Adobe,2019-04-04,2019-05-15,41
ZDI-19-513,ZDI-CAN-8421,Adobe,CVE-2019-7827,7.0,2019-05-15,,Adobe Acrobat Pro DC imageDistiller Heap-based Buffer Overflow Remote Code Execution Vulnerability,,Adobe,2019-04-03,2019-05-15,42
ZDI-19-512,ZDI-CAN-8419,Adobe,CVE-2019-7828,7.0,2019-05-15,,Adobe Acrobat Pro DC ASCII85Decode Heap-based Buffer Overflow Remote Code Execution Vulnerability,,Adobe,2019-04-03,2019-05-15,42
ZDI-19-511,ZDI-CAN-8411,Adobe,CVE-2019-7829,7.8,2019-05-15,,Adobe Acrobat Pro DC PostScript File Parsing Out-Of-Bounds Write Remote Code Execution Vulnerability,,Adobe,2019-04-03,2019-05-15,42
ZDI-19-510,ZDI-CAN-8348,Adobe,CVE-2019-7826,7.8,2019-05-15,,Adobe Acrobat Pro DC XFA Template Out-Of-Bounds Read Remote Code Execution Vulnerability,,Adobe,2019-04-03,2019-05-15,42
ZDI-19-509,ZDI-CAN-8266,Adobe,CVE-2019-7825,7.8,2019-05-15,,Adobe Acrobat Pro DC PostScript File Parsing Out-Of-Bounds Write Remote Code Execution Vulnerability,,Adobe,2019-04-03,2019-05-15,42
ZDI-19-508,ZDI-CAN-8104,Adobe,CVE-2019-7824,7.0,2019-05-15,,Adobe Acrobat Pro DC JOBOPTIONS File Parsing Stack-based Buffer Overflow Remote Code Execution Vulnerability,,Adobe,2019-04-03,2019-05-15,42
ZDI-19-507,ZDI-CAN-8341,Adobe,CVE-2019-7823,3.3,2019-05-15,,Adobe Acrobat Reader DC EScript Use-After-Free Information Disclosure Vulnerability,,Adobe,2019-03-28,2019-05-15,48
ZDI-19-506,ZDI-CAN-8268,Adobe,CVE-2019-7821,3.3,2019-05-15,,Adobe Acrobat Pro DC JPEG File Parsing Use-After-Free Information Disclosure Vulnerability,,Adobe,2019-03-27,2019-05-15,49
ZDI-19-505,ZDI-CAN-8265,Adobe,CVE-2019-7822,7.8,2019-05-15,,Adobe Acrobat Pro DC Out-Of-Bounds Write Remote Code Execution Vulnerability,,Adobe,2019-03-27,2019-05-15,49
ZDI-19-504,ZDI-CAN-8293,Adobe,CVE-2019-7820,7.8,2019-05-15,,Adobe Acrobat Pro DC XFA Template Type Confusion Remote Code Execution Vulnerability,,Adobe,2019-03-26,2019-05-15,50
ZDI-19-503,ZDI-CAN-8228,Adobe,CVE-2019-7818,7.8,2019-05-15,,Adobe Acrobat Pro DC PostScript File Parsing Out-Of-Bounds Write Remote Code Execution Vulnerability,,Adobe,2019-03-26,2019-05-15,50
ZDI-19-502,ZDI-CAN-7939,Adobe,CVE-2019-7817,7.8,2019-05-15,,Adobe Acrobat Pro DC JavaScript Annotations Use-After-Free Remote Code Execution Vulnerability,,Adobe,2019-03-26,2019-05-15,50
ZDI-19-501,ZDI-CAN-7858,Adobe,CVE-2019-7814,7.8,2019-05-15,,Adobe Acrobat Pro DC XFA Form Parsing Use-After-Free Remote Code Execution Vulnerability,,Adobe,2019-03-26,2019-05-15,50
ZDI-19-500,ZDI-CAN-8180,Adobe,CVE-2019-7809,3.3,2019-05-15,2020-08-18,Adobe Acrobat Reader DC removeField Use-After-Free Information Disclosure Vulnerability,,Adobe,2019-03-14,2019-05-15,62
ZDI-19-499,ZDI-CAN-8021,Adobe,CVE-2019-7810,3.3,2019-05-15,,Adobe Acrobat Pro DC JPEG File Parsing Out-Of-Bounds Read Information Disclosure Vulnerability,,Adobe,2019-03-14,2019-05-15,62
ZDI-19-498,ZDI-CAN-8279,Adobe,CVE-2019-7837,7.5,2019-05-15,,Adobe Flash Player PSDK Use-After-Free Remote Code Execution Vulnerability,,Adobe,2019-03-11,2019-05-15,65
ZDI-19-497,ZDI-CAN-8203,Adobe,CVE-2019-7798,7.8,2019-05-15,,Adobe Acrobat Pro DC PostScript File Parsing Out-Of-Bounds Read Remote Code Execution Vulnerability,,Adobe,2019-03-08,2019-05-15,68
ZDI-19-496,ZDI-CAN-8125,Adobe,CVE-2019-7796,7.8,2019-05-15,,Adobe Acrobat Pro DC HTML2PDF HTML Parsing Use-After-Free Remote Code Execution Vulnerability,,Adobe,2019-03-08,2019-05-15,68
ZDI-19-495,ZDI-CAN-8084,Adobe,CVE-2019-7799,3.3,2019-05-15,,Adobe Acrobat Pro DC PostScript File Parsing Out-Of-Bounds Read Information Disclosure Vulnerability,,Adobe,2019-03-08,2019-05-15,68
ZDI-19-494,ZDI-CAN-8081,Adobe,CVE-2019-7800,7.8,2019-05-15,,Adobe Acrobat Pro DC PostScript File Parsing Out-Of-Bounds Write Remote Code Execution Vulnerability,,Adobe,2019-03-08,2019-05-15,68
ZDI-19-493,ZDI-CAN-8019,Adobe,CVE-2019-7803,3.3,2019-05-15,,Adobe Acrobat Pro DC JPEG File Parsing Out-Of-Bounds Read Information Disclosure Vulnerability,,Adobe,2019-03-08,2019-05-15,68
ZDI-19-492,ZDI-CAN-8002,Adobe,CVE-2019-7801,3.3,2019-05-15,,Adobe Acrobat Pro DC PostScript File Parsing Out-Of-Bounds Read Information Disclosure Vulnerability,,Adobe,2019-03-08,2019-05-15,68
ZDI-19-491,ZDI-CAN-8000,Adobe,CVE-2019-7802,3.3,2019-05-15,,Adobe Acrobat Pro DC PostScript File Parsing Out-Of-Bounds Read Information Disclosure Vulnerability,,Adobe,2019-03-08,2019-05-15,68
ZDI-19-490,ZDI-CAN-7787,Adobe,CVE-2019-7797,7.8,2019-05-15,,Adobe Acrobat Pro DC XFA PDEContent Use-After-Free Remote Code Execution Vulnerability,,Adobe,2019-03-08,2019-05-15,68
ZDI-19-489,ZDI-CAN-8224,Adobe,CVE-2019-7794,3.3,2019-05-15,2019-05-30,Adobe Acrobat Pro DC ImageConversion JPEG2000 Parsing Out-Of-Bounds Read Information Disclosure Vulnerability,,Adobe,2019-03-06,2019-05-15,70
ZDI-19-488,ZDI-CAN-7971,Adobe,CVE-2019-7785,3.3,2019-05-15,,Adobe Acrobat Pro DC PostScript colorimage Use-After-Free Information Disclosure Vulnerability,,Adobe,2019-02-28,2019-05-15,76
ZDI-19-487,ZDI-CAN-7964,Adobe,CVE-2019-7786,7.8,2019-05-15,,Adobe Acrobat Pro DC PostScript File Parsing Use-After-Free Remote Code Execution Vulnerability,,Adobe,2019-02-28,2019-05-15,76
ZDI-19-486,ZDI-CAN-7896,Adobe,CVE-2019-7787,3.3,2019-05-15,,Adobe Acrobat Pro DC PostScript File Parsing Out-Of-Bounds Read Information Disclosure Vulnerability,,Adobe,2019-02-28,2019-05-15,76
ZDI-19-485,ZDI-CAN-7938,Adobe,CVE-2019-7145,3.3,2019-05-15,,Adobe Acrobat Pro DC PostScript File Parsing Out-Of-Bounds Read Information Disclosure Vulnerability,,Adobe,2019-02-07,2019-05-15,97
ZDI-19-484,ZDI-CAN-7917,Adobe,CVE-2019-7760,7.8,2019-05-15,,Adobe Acrobat Pro DC AcroForm XFA removeInstance Use-After-Free Remote Code Execution Vulnerability,,Adobe,2019-02-07,2019-05-15,97
ZDI-19-483,ZDI-CAN-7684,Adobe,CVE-2019-7759,7.8,2019-05-15,,Adobe Acrobat Pro DC AcroForm XFA Parsing Use-After-Free Remote Code Execution Vulnerability,,Adobe,2019-02-07,2019-05-15,97
ZDI-19-482,ZDI-CAN-7680,Adobe,CVE-2019-7758,5.5,2019-05-15,,Adobe Acrobat Pro DC HTML2PDF HTML Parsing Out-Of-Bounds Read Information Disclosure Vulnerability,,Adobe,2019-02-07,2019-05-15,97
ZDI-19-481,ZDI-CAN-7748,Adobe,CVE-2019-7144,3.3,2019-05-15,,Adobe Acrobat Pro DC PostScript File Parsing Out-Of-Bounds Read Information Disclosure Vulnerability,,Adobe,2019-02-04,2019-05-15,100
ZDI-19-480,ZDI-CAN-7676,Adobe,CVE-2019-7143,7.8,2019-05-15,,Adobe Acrobat Pro DC Font Parsing Memory Corruption Remote Code Execution Vulnerability,,Adobe,2019-01-31,2019-05-15,104
ZDI-19-479,ZDI-CAN-7775,Adobe,CVE-2019-7140,3.3,2019-05-15,,Adobe Acrobat Pro DC PostScript JPEG Parsing Out-Of-Bounds Read Information Disclosure Vulnerability,,Adobe,2019-01-15,2019-05-15,120
ZDI-19-478,ZDI-CAN-7774,Adobe,CVE-2019-7141,3.3,2019-05-15,,Adobe Acrobat Pro DC PostScript JPEG Parsing Out-Of-Bounds Read Information Disclosure Vulnerability,,Adobe,2019-01-15,2019-05-15,120
ZDI-19-477,ZDI-CAN-7779,Adobe,CVE-2019-7842,7.8,2019-05-15,,Adobe MediaEncoder CC TIF File Parsing Use-After-Free Remote Code Execution Vulnerability,,Adobe,2019-01-10,2019-05-15,125
ZDI-19-476,ZDI-CAN-7778,Adobe,CVE-2019-7844,3.3,2019-05-15,,Adobe MediaEncoder CC PNG File Parsing Out-Of-Bounds Read Information Disclosure Vulnerability,,Adobe,2019-01-10,2019-05-15,125
ZDI-19-475,ZDI-CAN-8423,Microsoft,CVE-2019-0953,7.7,2019-05-15,,Microsoft Windows Mail HTML Line Breaking Out-Of-Bounds Read Remote Code Execution Vulnerability,,Microsoft,2019-04-19,2019-05-15,26
ZDI-19-474,ZDI-CAN-8281,Microsoft,CVE-2019-0890,7.0,2019-05-15,,Microsoft Windows JET Database Engine Integer Underflow Remote Code Execution Vulnerability,,Microsoft,2019-04-16,2019-05-15,29
ZDI-19-473,ZDI-CAN-7969,Microsoft,CVE-2019-0885,7.0,2019-05-15,,Microsoft Windows ole32 BMP Parsing Heap-based Buffer Overflow Remote Code Execution Vulnerability,,Microsoft,2019-02-28,2019-05-15,76
ZDI-19-472,ZDI-CAN-8173,Microsoft,CVE-2019-0961,3.3,2019-05-15,,Microsoft Windows gdiplus EMF Parsing Out-Of-Bounds Read Information Disclosure Vulnerability,,Microsoft,2019-02-21,2019-05-15,83
ZDI-19-471,ZDI-CAN-8377,Microsoft,CVE-2019-0938,8.4,2019-05-15,,Microsoft Edge DownloadOperation Sandbox Escape Vulnerability,,Microsoft,2019-05-15,2019-05-15,0
ZDI-19-470,ZDI-CAN-8376,Microsoft,CVE-2019-0940,7.5,2019-05-15,,Microsoft Edge CDXImageRenderTarget Double Free Remote Code Execution Vulnerability,,Microsoft,2019-05-15,2019-05-15,0
ZDI-19-469,ZDI-CAN-8370,Microsoft,CVE-2019-0937,8.8,2019-05-15,,Microsoft Chakra Exception Handling Type Confusion Remote Code Execution Vulnerability,,Microsoft,2019-05-15,2019-05-15,0
ZDI-19-468,ZDI-CAN-7932,Microsoft,CVE-2019-0897,7.0,2019-05-15,,Microsoft Windows Jet Database Engine Sign Extension Remote Code Execution Vulnerability,,Microsoft,2019-02-07,2019-05-15,97
ZDI-19-467,ZDI-CAN-7869,Microsoft,CVE-2019-0895,7.0,2019-05-15,,Microsoft Windows Jet Database Engine Sign Extension Remote Code Execution Vulnerability,,Microsoft,2019-02-07,2019-05-15,97
ZDI-19-466,ZDI-CAN-7867,Microsoft,CVE-2019-0896,7.0,2019-05-15,,Microsoft Windows Jet Database Engine Sign Extension Remote Code Execution Vulnerability,,Microsoft,2019-02-07,2019-05-15,97
ZDI-19-465,ZDI-CAN-7866,Microsoft,CVE-2019-0894,7.0,2019-05-15,,Microsoft Windows JET Database Engine Integer Underflow Remote Code Execution Vulnerability,,Microsoft,2019-02-07,2019-05-15,97
ZDI-19-464,ZDI-CAN-7833,Microsoft,CVE-2019-0902,7.0,2019-05-15,,Microsoft Windows JET Database Engine Buffer Underflow Remote Code Execution Vulnerability,,Microsoft,2019-02-07,2019-05-15,97
ZDI-19-463,ZDI-CAN-7839,Microsoft,CVE-2019-0891,7.0,2019-05-15,,Microsoft Windows JET Database Engine Out-Of-Bounds Write Remote Code Execution Vulnerability,,Microsoft,2019-02-05,2019-05-15,99
ZDI-19-462,ZDI-CAN-7789,Microsoft,CVE-2019-0758,3.3,2019-05-15,,Microsoft Windows Font Subsetting Library Out-Of-Bounds Read Information Disclosure Vulnerability,,Microsoft,2019-01-23,2019-05-15,112
ZDI-19-461,ZDI-CAN-7788,Microsoft,CVE-2019-0903,7.8,2019-05-15,,Microsoft Windows Font Subsetting Library Integer Overflow Remote Code Execution Vulnerability,,Microsoft,2019-01-23,2019-05-15,112
ZDI-19-460,ZDI-CAN-7670,Microsoft,CVE-2019-0882,3.3,2019-05-15,,Microsoft Office PowerPoint gdiplus ConvertToEmfPlus Untrusted Pointer Dereference Information Disclosure Vulnerability,,Microsoft,2019-01-23,2019-05-15,112
ZDI-19-451,ZDI-CAN-8264,Adobe,CVE-2019-7127,3.3,2019-05-09,,Adobe Acrobat Pro DC PostScript File Parsing Out-Of-Bounds Read Information Disclosure Vulnerability,,Adobe,2019-03-26,2019-05-09,44
ZDI-19-448,ZDI-CAN-7816,Microsoft,,8.1,2019-04-30,2019-11-01,(0Day) Microsoft Visual Studio asm Memory Corruption Remote Code Execution Vulnerability,,Microsoft,2019-01-15,2019-04-30,105
ZDI-19-422,ZDI-CAN-7344,Apple,CVE-2019-8534,8.8,2019-04-29,,Apple macOS apfs Volume Use-After-Free Privilege Escalation Vulnerability,,Apple,2018-12-27,2019-04-29,123
ZDI-19-365,ZDI-CAN-8373,Mozilla,CVE-2019-9813,8.8,2019-04-15,2019-06-14,(Pwn2Own) Mozilla Firefox IonMonkey Optimizer Type Confusion Remote Code Execution Vulnerability,,Mozilla,2019-03-21,2019-04-15,25
ZDI-19-364,ZDI-CAN-8368,Mozilla,CVE-2019-9810,8.8,2019-04-15,2019-06-14,(Pwn2Own) Mozilla Firefox Array.slice Out-Of-Bounds Write Remote Code Execution Vulnerability,,Mozilla,2019-03-21,2019-04-15,25
ZDI-19-363,ZDI-CAN-8330,Microsoft,CVE-2019-0853,7.8,2019-04-15,,Microsoft Windows EMF File Uninitialized Pointer Remote Code Execution Vulnerability,,Microsoft,2019-03-11,2019-04-15,35
ZDI-19-362,ZDI-CAN-8329,Microsoft,CVE-2019-0853,7.8,2019-04-15,,Microsoft Windows EMF File Uninitialized Pointer Remote Code Execution Vulnerability,,Microsoft,2019-03-11,2019-04-15,35
ZDI-19-361,ZDI-CAN-8155,Microsoft,CVE-2019-0810,8.8,2019-04-15,,Microsoft Chakra Object Reoptimization Type Confusion Remote Code Execution Vulnerability,,Microsoft,2019-02-15,2019-04-15,59
ZDI-19-360,ZDI-CAN-7753,Microsoft,CVE-2019-0841,7.3,2019-04-15,,Microsoft Windows AppX Deployment Service Hard Link Privilege Escalation Vulnerability,,Microsoft,2018-12-29,2019-04-15,107
ZDI-19-359,ZDI-CAN-7757,Microsoft,CVE-2019-0752,8.8,2019-04-15,2019-11-01,Microsoft Internet Explorer Property Put Type Confusion Remote Code Execution Vulnerability,,Microsoft,2019-01-09,2019-04-15,96
ZDI-19-358,ZDI-CAN-7707,Microsoft,CVE-2019-0801,4.2,2019-04-15,,Microsoft Office Protocol Handler Directory Traversal File Creation Vulnerability,,Microsoft,2018-12-19,2019-04-15,117
ZDI-19-357,ZDI-CAN-8280,Adobe,CVE-2019-7108,3.1,2019-04-15,,Adobe Flash Player Filter Out-Of-Bounds Read Information Disclosure Vulnerability,,Adobe,2019-03-03,2019-04-15,43
ZDI-19-356,ZDI-CAN-7886,Adobe,CVE-2019-7138,5.5,2019-04-15,,Adobe Bridge CC MOV File Parsing Our-Of-Bounds Read Information Disclosure Vulnerability,,Adobe,2019-01-19,2019-04-15,86
ZDI-19-355,ZDI-CAN-7766,Adobe,CVE-2019-7137,5.5,2019-04-15,,Adobe Bridge CC PDF File Parsing Unexpected Sign Extension Information Disclosure Vulnerability,,Adobe,2019-01-03,2019-04-15,102
ZDI-19-354,ZDI-CAN-7765,Adobe,CVE-2019-7136,5.5,2019-04-15,,Adobe Bridge CC PDF File Parsing Use-After-Free Information Disclosure Vulnerability,,Adobe,2019-01-03,2019-04-15,102
ZDI-19-353,ZDI-CAN-7743,Adobe,CVE-2019-7135,5.5,2019-04-15,,Adobe Bridge CC TIF File Parsing Out-Of-Bounds Read Information Disclosure Vulnerability,,Adobe,2018-12-27,2019-04-15,109
ZDI-19-352,ZDI-CAN-7965,Adobe,CVE-2019-7127,3.3,2019-04-15,,Adobe Acrobat Pro DC PostScript Parsing Out-Of-Bounds Read Information Disclosure Vulnerability,,Adobe,2019-01-30,2019-04-15,75
ZDI-19-351,ZDI-CAN-7585,Adobe,CVE-2019-7134,5.5,2019-04-15,,Adobe Bridge CC PNG File Parsing Out-Of-Bounds Read Information Disclosure Vulnerability,,Adobe,2018-11-21,2019-04-15,145
ZDI-19-350,ZDI-CAN-7747,Adobe,CVE-2019-7111,7.8,2019-04-15,,Adobe Acrobat Pro DC JOBOPTIONS CalCMYKProfile Out-Of-Bounds Write Remote Code Execution Vulnerability,,Adobe,2018-12-29,2019-04-15,107
ZDI-19-349,ZDI-CAN-7746,Adobe,CVE-2019-7109,3.3,2019-04-15,,Adobe Acrobat Pro DC JOBOPTIONS File Parsing Out-Of-Bounds Read Information Disclosure Vulnerability,,Adobe,2018-12-29,2019-04-15,107
ZDI-19-348,ZDI-CAN-7745,Adobe,CVE-2019-7110,3.3,2019-04-15,,Adobe Acrobat Pro DC JOBOPTIONS File Parsing Out-Of-Bounds Read Information Disclosure Vulnerability,,Adobe,2018-12-29,2019-04-15,107
ZDI-19-347,ZDI-CAN-7767,Adobe,CVE-2019-7133,3.3,2019-04-15,,Adobe Bridge CC AdobePSL TIF File Parsing Out-Of-Bounds Read Information Disclosure Vulnerability,,Adobe,2019-01-03,2019-04-15,102
ZDI-19-346,ZDI-CAN-7763,Adobe,CVE-2019-7132,7.8,2019-04-15,,Adobe Bridge CC AdobePSL TIF File Parsing Out-Of-Bounds Write Remote Code Execution Vulnerability,,Adobe,2019-01-02,2019-04-15,103
ZDI-19-345,ZDI-CAN-7596,Adobe,CVE-2019-7130,7.8,2019-04-15,,Adobe Bridge CC PCX File Parsing Heap-based Buffer Overflow Remote Code Execution Vulnerability,,Adobe,2018-11-26,2019-04-15,140
ZDI-19-333,ZDI-CAN-8205,Microsoft,CVE-2019-0774,3.3,2019-04-04,,Microsoft Windows gdiplus EMF Parsing Out-Of-Bounds Read Information Disclosure Vulnerability,,Microsoft,2019-02-25,2019-04-04,38
ZDI-19-332,ZDI-CAN-7817,Microsoft,CVE-2019-0667,7.5,2019-04-04,,Microsoft Windows VBScript Array Uninitialized Pointer Remote Code Execution Vulnerability,,Microsoft,2019-01-11,2019-04-04,83
ZDI-19-304,ZDI-CAN-7458,Adobe,CVE-2019-7131,7.8,2019-04-02,,Adobe Acrobat Pro DC PostScript File Parsing Type Confusion Remote Code Execution Vulnerability,,Adobe,2018-11-07,2019-04-02,146
ZDI-19-290,ZDI-CAN-7889,Apple,CVE-2019-8529,7.8,2019-03-26,,Apple macOS SCSITaskUserClient Out-Of-Bounds Write Privilege Escalation Vulnerability,,Apple,2019-01-21,2019-03-26,64
ZDI-19-289,ZDI-CAN-7604,Apple,CVE-2019-8519,5.5,2019-03-26,,Apple macOS AMDRadeonX4000 Out-Of-Bounds Read Privilege Escalation Vulnerability,,Apple,2018-11-27,2019-03-26,119
ZDI-19-288,ZDI-CAN-7865,Apple,CVE-2019-8524,7.5,2019-03-26,,Apple Safari GraphicsContext Use-After-Free Remote Code Execution Vulnerability,,Apple,2019-01-17,2019-03-26,68
ZDI-19-287,ZDI-CAN-7442,Apple,CVE-2019-8517,4.3,2019-03-26,,Apple macOS StreamFlatFont Out-Of-Bounds Read Information Disclosure Vulnerability,,Apple,2018-11-04,2019-03-26,142
ZDI-19-286,ZDI-CAN-7756,Microsoft,CVE-2019-0784,4.5,2019-03-26,,Microsoft Windows ADODB Integer Overflow Remote Code Execution Vulnerability,,Microsoft,2018-12-31,2019-03-26,85
ZDI-19-282,ZDI-CAN-7471,Google,,5.9,2019-03-15,2020-01-15,(0Day) (Pwn2Own) Google Android Contacts Incorrect Permission Assignment Privilege Escalation Vulnerability,,Google,2018-11-15,2019-03-15,120
ZDI-19-280,ZDI-CAN-7919,Microsoft,CVE-2019-0746,3.1,2019-03-12,,Microsoft Chakra lastIndexOf Integer Underflow Information Disclosure Vulnerability,,Microsoft,2019-01-22,2019-03-12,49
ZDI-19-279,ZDI-CAN-7551,Microsoft,CVE-2019-0774,3.3,2019-03-12,,Microsoft Windows SetEnhMetaFileBits Out-Of-Bounds Read Information Disclosure Vulnerability,,Microsoft,2018-11-13,2019-03-12,119
ZDI-19-278,ZDI-CAN-7336,Microsoft,CVE-2019-0617,7.0,2019-03-12,,Microsoft Windows JET Database Engine Integer Underflow Remote Code Execution Vulnerability,,Microsoft,2018-10-04,2019-03-12,159
ZDI-19-277,ZDI-CAN-7739,Microsoft,CVE-2019-0665,5.0,2019-03-12,2019-11-01,Microsoft Internet Explorer Attr nodeValue Use-After-Free Remote Code Execution Vulnerability,,Microsoft,2019-01-09,2019-03-12,62
ZDI-19-276,ZDI-CAN-7597,Microsoft,CVE-2019-0603,9.8,2019-03-12,,Microsoft Windows Deployment Services TFTP Server Use-After-Free Remote Code Execution Vulnerability,,Microsoft,2018-11-26,2019-03-12,106
ZDI-19-275,ZDI-CAN-7691,Microsoft,CVE-2019-0665,5.0,2019-03-12,,Microsoft Internet Explorer event Use-After-Free Remote Code Execution Vulnerability,,Microsoft,2018-12-19,2019-03-12,83
ZDI-19-274,ZDI-CAN-7690,Microsoft,CVE-2019-0665,5.0,2019-03-12,,Microsoft Internet Explorer CustomEvent Use-After-Free Remote Code Execution Vulnerability,,Microsoft,2018-12-19,2019-03-12,83
ZDI-19-273,ZDI-CAN-7371,Microsoft,CVE-2019-0614,5.5,2019-03-12,,Microsoft Windows gdiplus DoGdiCommentMultiFormats EMR_COMMENT_MULTIFORMATS Out-Of-Bounds Read Information Disclosure Vulnerability,,Microsoft,2018-10-16,2019-03-12,147
ZDI-19-272,ZDI-CAN-7822,Microsoft,CVE-2019-0726,5.0,2019-03-12,2019-04-01,Microsoft Windows DHCP Client Integer Underflow Remote Code Execution Vulnerability,,Microsoft,2019-01-11,2019-03-12,60
ZDI-19-258,ZDI-CAN-7584,Adobe,CVE-2019-7094,7.0,2019-03-12,,Adobe Photoshop GIF Parsing Memory Corruption Remote Code Execution Vulnerability,,Adobe,2018-11-21,2019-03-12,111
ZDI-19-231,ZDI-CAN-7838,Microsoft,CVE-2019-0598,7.0,2019-02-28,,Microsoft Windows JET Database Engine Out-Of-Bounds Write Remote Code Execution Vulnerability,,Microsoft,2019-01-15,2019-02-28,44
ZDI-19-228,ZDI-CAN-7877,Microsoft,,2.5,2019-02-28,2019-05-30,(0Day) Microsoft Visual Studio settings XML External Entity Processing Information Disclosure Vulnerability,,Microsoft,2019-02-04,2019-02-28,24
ZDI-19-224,ZDI-CAN-7385,Microsoft,CVE-2019-0672,7.8,2019-02-20,,Microsoft Access Database Engine ACECORE Out-Of-Bounds Write Remote Code Execution Vulnerability,,Microsoft,2018-10-18,2019-02-20,125
ZDI-19-222,ZDI-CAN-7313,Microsoft,CVE-2019-0595,2.5,2019-02-20,,Microsoft Windows JET Database Engine Out-Of-Bounds Read Information Disclosure Vulnerability,,Microsoft,2018-09-30,2019-02-20,143
ZDI-19-221,ZDI-CAN-7269,Microsoft,CVE-2019-0581,7.0,2019-02-14,,Microsoft Windows JET Database Engine Out-Of-Bounds Write Remote Code Execution Vulnerability,,Microsoft,2018-09-24,2019-02-14,143
ZDI-19-220,ZDI-CAN-7312,Microsoft,CVE-2019-0596,7.0,2019-02-14,,Microsoft Windows JET Database Engine Out-Of-Bounds Read Remote Code Execution Vulnerability,,Microsoft,2018-09-30,2019-02-14,137
ZDI-19-219,ZDI-CAN-7432,Adobe,CVE-2019-7090,3.1,2019-02-12,,Adobe Flash Player ActionScript Vector Out-Of-Bounds Read Information Disclosure Vulnerability,,Adobe,2018-10-30,2019-02-12,105
ZDI-19-218,ZDI-CAN-7437,Adobe,CVE-2019-7079,7.8,2019-02-12,,Adobe Acrobat Pro DC PostScript File Parsing Memory Corruption Remote Code Execution Vulnerability,,Adobe,2018-11-02,2019-02-12,102
ZDI-19-217,ZDI-CAN-7642,Adobe,CVE-2019-7078,7.8,2019-02-12,,Adobe Acrobat Pro DC HTML2PDF HTML Parsing Use-After-Free Remote Code Execution Vulnerability,,Adobe,2018-12-08,2019-02-12,66
ZDI-19-216,ZDI-CAN-7663,Adobe,CVE-2019-7077,7.8,2019-02-12,,Adobe Acrobat Pro DC HTML2PDF HTML Parsing Use-After-Free Remote Code Execution Vulnerability,,Adobe,2018-12-16,2019-02-12,58
ZDI-19-215,ZDI-CAN-7710,Adobe,CVE-2019-7072,7.8,2019-02-12,,Adobe Acrobat Pro DC Font Parsing Use-After-Free Remote Code Execution Vulnerability,,Adobe,2018-12-20,2019-02-12,54
ZDI-19-214,ZDI-CAN-7709,Adobe,CVE-2019-7073,3.3,2019-02-12,,Adobe Acrobat Pro DC PostScript File Parsing Out-Of-Bounds Read Information Disclosure Vulnerability,,Adobe,2018-12-20,2019-02-12,54
ZDI-19-213,ZDI-CAN-7713,Adobe,CVE-2019-7074,3.3,2019-02-12,,Adobe Acrobat Pro DC PostScript File Parsing Out-Of-Bounds Read Information Disclosure Vulnerability,,Adobe,2018-12-20,2019-02-12,54
ZDI-19-212,ZDI-CAN-7712,Adobe,CVE-2019-7075,3.3,2019-02-12,,Adobe Acrobat Pro DC PostScript File Parsing Use-After-Free Information Disclosure Vulnerability,,Adobe,2018-12-20,2019-02-12,54
ZDI-19-211,ZDI-CAN-7711,Adobe,CVE-2019-7071,3.3,2019-02-12,,Adobe Acrobat Pro DC Font Parsing Out-Of-Bounds Read Information Disclosure Vulnerability,,Adobe,2018-12-20,2019-02-12,54
ZDI-19-210,ZDI-CAN-7629,Adobe,CVE-2019-7070,7.8,2019-02-12,,Adobe Acrobat Distiller PostScript File Parsing grestore Use-After-Free Remote Code Execution Vulnerability,,Adobe,2018-12-05,2019-02-12,69
ZDI-19-209,ZDI-CAN-7621,Adobe,CVE-2019-7069,7.8,2019-02-12,,Adobe Acrobat Pro DC Distiller PostScript File Parsing grestore Type Confusion Remote Code Execution Vulnerability,,Adobe,2018-12-03,2019-02-12,71
ZDI-19-208,ZDI-CAN-7535,Adobe,CVE-2019-7049,3.3,2019-02-12,,Adobe Acrobat Pro DC TTF Font Parsing Out-Of-Bounds Read Information Disclosure Vulnerability,,Adobe,2018-11-12,2019-02-12,92
ZDI-19-207,ZDI-CAN-7220,Adobe,CVE-2019-7048,7.8,2019-02-12,2020-08-18,Adobe Acrobat Reader DC PDEContent Use-After-Free Remote Code Execution Vulnerability,,Adobe,2018-11-30,2019-02-12,74
ZDI-19-206,ZDI-CAN-7402,Adobe,CVE-2019-7045,3.3,2019-02-12,,Adobe Acrobat Pro DC Onix32 ReadBTreeT::FindKeyInLeafPage Out-Of-Bounds Read Information Disclosure Vulnerability,,Adobe,2018-10-24,2019-02-12,111
ZDI-19-205,ZDI-CAN-7319,Adobe,CVE-2019-7044,7.8,2019-02-12,2020-08-18,Adobe Acrobat Pro DC _t_PDDoc Object Use-After-Free Remote Code Execution Vulnerability,,Adobe,2018-11-22,2019-02-12,82
ZDI-19-204,ZDI-CAN-7365,Adobe,CVE-2019-7043,7.8,2019-02-12,,Adobe Acrobat Pro DC HTML2PDF HTML Parsing Use-After-Free Remote Code Execution Vulnerability,,Adobe,2018-10-13,2019-02-12,122
ZDI-19-203,ZDI-CAN-7366,Adobe,CVE-2019-7042,7.8,2019-02-12,,Adobe Acrobat Pro DC HTML2PDF HTML Parsing Uninitialized Pointer Remote Code Execution Vulnerability,,Adobe,2018-10-13,2019-02-12,122
ZDI-19-202,ZDI-CAN-7334,Adobe,CVE-2019-7041,2.7,2019-02-12,,Adobe Reader DC Name Squatting JavaScript Restrictions Bypass Vulnerability,,Adobe,2018-10-04,2019-02-12,131
ZDI-19-201,ZDI-CAN-7689,Microsoft,CVE-2019-0619,3.3,2019-02-12,,Microsoft Windows gdiplus DoStretchBlt Out-Of-Bounds Read Information Disclosure Vulnerability,,Microsoft,2018-12-19,2019-02-12,55
ZDI-19-200,ZDI-CAN-7625,Microsoft,CVE-2019-0618,3.3,2019-02-12,,Microsoft Windows gdi32full CreateDIBitmap Out-Of-Bounds Read Information Disclosure Vulnerability,,Microsoft,2018-12-04,2019-02-12,70
ZDI-19-199,ZDI-CAN-7528,Microsoft,CVE-2019-0674,7.8,2019-02-12,,Microsoft Access Database Engine ACEEXCL Out-Of-Bounds Write Remote Code Execution Vulnerability,,Microsoft,2018-11-09,2019-02-12,95
ZDI-19-198,ZDI-CAN-7404,Microsoft,CVE-2019-0674,7.8,2019-02-12,,Microsoft Access Database Engine ACEEXCL Out-Of-Bounds Read Remote Code Execution Vulnerability,,Microsoft,2018-10-25,2019-02-12,110
ZDI-19-197,ZDI-CAN-7405,Microsoft,CVE-2019-0673,7.8,2019-02-12,,Microsoft Access Database Engine ACEEXCL Out-Of-Bounds Read Remote Code Execution Vulnerability,,Microsoft,2018-10-25,2019-02-12,110
ZDI-19-196,ZDI-CAN-7560,Microsoft,CVE-2019-0615,3.3,2019-02-12,2023-06-22,Microsoft Windows EMF File Out-Of-Bounds Read Information Disclosure Vulnerability,,Microsoft,2018-11-27,2019-02-12,77
ZDI-19-195,ZDI-CAN-7575,Microsoft,CVE-2019-0619,3.3,2019-02-12,,Microsoft Windows CreateDIBitmap Out-Of-Bounds Read Information Disclosure Vulnerability,,Microsoft,2018-11-19,2019-02-12,85
ZDI-19-194,ZDI-CAN-7525,Microsoft,CVE-2019-0618,7.8,2019-02-12,,Microsoft Windows gdiplus DoRotatedStretchBlt Heap-based Buffer Overflow Remote Code Execution Vulnerability,,Microsoft,2018-11-12,2019-02-12,92
ZDI-19-193,ZDI-CAN-7335,Microsoft,CVE-2019-0625,7.0,2019-02-12,,Microsoft Windows JET Database Engine Uninitialized Pointer Remote Code Execution Vulnerability,,Microsoft,2018-10-04,2019-02-12,131
ZDI-19-192,ZDI-CAN-7396,Microsoft,CVE-2019-0671,7.8,2019-02-12,,Microsoft Access Database Engine ACEEXCL Use-After-Free Remote Code Execution Vulnerability,,Microsoft,2018-10-22,2019-02-12,113
ZDI-19-191,ZDI-CAN-7412,Microsoft,CVE-2019-0616,3.3,2019-02-12,,Microsoft Windows gdiplus DoExtTextOut Out-Of-Bounds Read Information Disclosure Vulnerability,,Microsoft,2018-10-29,2019-02-12,106
ZDI-19-190,ZDI-CAN-7415,Microsoft,CVE-2019-0602,3.3,2019-02-12,,Microsoft Windows gdiplus bHandleExtCreateFont Out-Of-Bounds Read Information Disclosure Vulnerability,,Microsoft,2018-10-29,2019-02-12,106
ZDI-19-189,ZDI-CAN-7380,Microsoft,CVE-2019-0601,6.6,2019-02-12,,Microsoft HID Driver Out-of-Bounds Read Information Disclosure Vulnerability,,Microsoft,2018-10-18,2019-02-12,117
ZDI-19-188,ZDI-CAN-7379,Microsoft,CVE-2019-0600,7.1,2019-02-12,,Microsoft HID Driver Numeric Truncation Information Disclosure Vulnerability,,Microsoft,2018-10-18,2019-02-12,117
ZDI-19-187,ZDI-CAN-7337,Microsoft,CVE-2019-0615,3.3,2019-02-12,2023-06-22,Microsoft Windows EMF File Out-Of-Bounds Read Information Disclosure Vulnerability,,Microsoft,2018-10-30,2019-02-12,105
ZDI-19-186,ZDI-CAN-7315,Microsoft,CVE-2019-0599,7.0,2019-02-12,,Microsoft Windows JET Database Engine Out-Of-Bounds Write Remote Code Execution Vulnerability,,Microsoft,2018-09-30,2019-02-12,135
ZDI-19-185,ZDI-CAN-7321,Microsoft,CVE-2019-0597,7.0,2019-02-12,,Microsoft Windows JET Database Engine Out-Of-Bounds Access Remote Code Execution Vulnerability,,Microsoft,2018-10-01,2019-02-12,134
ZDI-19-184,ZDI-CAN-7323,Microsoft,CVE-2019-0598,7.0,2019-02-12,,Microsoft Windows JET Database Engine Memory Corruption Remote Code Execution Vulnerability,,Microsoft,2018-10-02,2019-02-12,133
ZDI-19-183,ZDI-CAN-7318,Microsoft,CVE-2019-0596,7.0,2019-02-12,,Microsoft Windows JET Database Engine Out-Of-Bounds Write Remote Code Execution Vulnerability,,Microsoft,2018-09-29,2019-02-12,136
ZDI-19-182,ZDI-CAN-7317,Microsoft,CVE-2019-0595,7.0,2019-02-12,,Microsoft Windows JET Database Engine Out-Of-Bounds Read Remote Code Execution Vulnerability,,Microsoft,2018-09-29,2019-02-12,136
ZDI-19-181,ZDI-CAN-7262,Microsoft,CVE-2019-0604,9.8,2019-02-12,2019-12-18,Microsoft SharePoint EntityInstanceIdEncoder Deserialization of Untrusted Data Remote Code Execution Vulnerability,,Microsoft,2018-09-23,2019-02-12,142
ZDI-19-180,ZDI-CAN-7261,Microsoft,CVE-2019-0594,7.2,2019-02-12,,Microsoft SharePoint BDC Import Deserialization of Untrusted Data Remote Code Execution Vulnerability,,Microsoft,2018-09-23,2019-02-12,142
ZDI-19-179,ZDI-CAN-7153,Microsoft,CVE-2019-0593,5.0,2019-02-12,,Microsoft Chakra JavaScript Loop Type Confusion Vulnerability,,Microsoft,2018-08-20,2019-02-12,176
ZDI-19-131,ZDI-CAN-7479,Apple,CVE-2019-6216,7.3,2019-01-25,2019-06-14,(Pwn2Own) Apple Safari Global RegExp JIT Type Confusion Remote Code Execution Vulnerability,,Apple,2018-11-15,2019-01-25,71
ZDI-19-127,ZDI-CAN-7481,Apple,CVE-2019-6211,6.3,2019-01-25,,Apple Safari RTCPeerConnection Use-After-Free Remote Code Execution Vulnerability,,Apple,2018-11-08,2019-01-25,78
ZDI-19-126,ZDI-CAN-7480,Apple,CVE-2019-6202,7.0,2019-01-24,2019-06-14,(Pwn2Own) Apple iOS mediaserverd cypc Out-Of-Bounds Access Privilege Escalation Vulnerability,,Apple,2018-11-15,2019-01-24,70
ZDI-19-125,ZDI-CAN-7474,Apple,CVE-2019-6221,7.8,2019-01-24,2019-06-14,(Pwn2Own) Apple iOS mediaserverd crte Out-Of-Bounds Access Privilege Escalation Vulnerability,,Apple,2018-11-15,2019-01-24,70
ZDI-19-124,ZDI-CAN-7473,Apple,CVE-2019-6217,6.3,2019-01-24,2019-06-14,(Pwn2Own) Apple Safari RegExp JIT Type Confusion Remote Code Execution Vulnerability,,Apple,2018-11-15,2019-01-24,70
ZDI-19-123,ZDI-CAN-7204,Apple,CVE-2019-6234,8.8,2019-01-25,,Apple Safari CSSFontFace Use-After-Free Remote Code Execution Vulnerability,,Apple,2018-09-03,2019-01-25,144
ZDI-19-122,ZDI-CAN-7205,Apple,CVE-2019-6233,8.8,2019-01-25,,Apple Safari RenderBlockFlow Use-After-Free Remote Code Execution Vulnerability,,Apple,2018-09-03,2019-01-25,144
ZDI-19-121,ZDI-CAN-7591,Microsoft,,7.8,2019-01-22,2019-05-30,(0Day) Microsoft Windows contact File Insufficient UI Warning Remote Code Execution Vulnerability,,Microsoft,2018-12-04,2019-01-22,49
ZDI-19-054,ZDI-CAN-6838,Microsoft,CVE-2019-0585,7.3,2019-01-17,,Microsoft Office Word wwlib Use-After-Free Remote Code Execution Vulnerability,,Microsoft,2018-07-19,2019-01-17,182
ZDI-19-016,ZDI-CAN-7251,Microsoft,,4.3,2019-01-10,,Microsoft Visual Studio wpa Protocol XML External Entity Processing Information Disclosure Vulnerability,,Microsoft,2018-09-20,2019-01-10,112
ZDI-19-015,ZDI-CAN-7370,Microsoft,CVE-2019-0546,8.1,2019-01-10,,Microsoft Visual Studio asm Memory Corruption Remote Code Execution Vulnerability,,Microsoft,2018-10-15,2019-01-10,87
ZDI-19-014,ZDI-CAN-7240,Microsoft,CVE-2019-0537,2.5,2019-01-10,,Microsoft Visual Studio vscontent XML External Entity Processing Information Disclosure Vulnerability,,Microsoft,2018-09-14,2019-01-10,118
ZDI-19-013,ZDI-CAN-6920,Microsoft,,7.8,2019-01-10,2019-05-30,(0Day) Microsoft Windows vcf File Insufficient UI Warning Remote Code Execution Vulnerability,,Microsoft,2018-09-06,2019-01-10,126
ZDI-19-012,ZDI-CAN-7316,Microsoft,CVE-2019-0577,7.8,2019-01-09,,Microsoft Windows JET Database Engine Out-Of-Bounds Read Remote Code Execution Vulnerability,,Microsoft,2018-09-29,2019-01-09,102
ZDI-19-011,ZDI-CAN-7386,Microsoft,CVE-2019-0575,7.8,2019-01-09,,Microsoft Windows JET Database Engine Out-Of-Bounds Read Remote Code Execution Vulnerability,,Microsoft,2018-10-17,2019-01-09,84
ZDI-19-010,ZDI-CAN-7268,Microsoft,CVE-2019-0584,7.0,2019-01-09,,Microsoft Windows JET Database Engine Out-Of-Bounds Write Remote Code Execution Vulnerability,,Microsoft,2018-09-24,2019-01-09,107
ZDI-19-009,ZDI-CAN-7293,Microsoft,CVE-2019-0583,7.0,2019-01-09,,Microsoft Windows JET Database Engine Integer Underflow Remote Code Execution Vulnerability,,Microsoft,2018-09-25,2019-01-09,106
ZDI-19-008,ZDI-CAN-7267,Microsoft,CVE-2019-0582,7.0,2019-01-09,,Microsoft Windows JET Database Engine Uninitialized Pointer Remote Code Execution Vulnerability,,Microsoft,2018-09-24,2019-01-09,107
ZDI-19-007,ZDI-CAN-7295,Microsoft,CVE-2019-0581,7.0,2019-01-09,,Microsoft Windows JET Database Engine Out-Of-Bounds Write Remote Code Execution Vulnerability,,Microsoft,2018-09-25,2019-01-09,106
ZDI-19-006,ZDI-CAN-7271,Microsoft,CVE-2019-0580,7.0,2019-01-09,,Microsoft Windows JET Database Engine Out-Of-Bounds Write Remote Code Execution Vulnerability,,Microsoft,2018-10-16,2019-01-09,85
ZDI-19-002,ZDI-CAN-7229,Adobe,CVE-2018-16018,7.7,2019-01-04,2020-08-18,Adobe Acrobat Reader DC JavaScript Read-Only Variables Arbitrary Overwrite Restrictions Bypass Vulnerability,,Adobe,2018-09-12,2019-01-04,114
ZDI-19-001,ZDI-CAN-6656,Adobe,CVE-2018-16011,8.2,2019-01-04,2020-08-18,Adobe Acrobat Pro DC Preflight setDefaultLibrary Use-After-Free Remote Code Execution Vulnerability,,Adobe,2018-08-30,2019-01-04,127
ZDI-20-1452,ZDI-CAN-11486,Microsoft,,6.6,2020-12-21,2021-02-03,(0Day) Microsoft 3D Builder GLB File Parsing Out-Of-Bounds Write Remote Code Execution Vulnerability,,Microsoft,2020-07-02,2020-12-21,172
ZDI-20-1434,ZDI-CAN-11350,Microsoft,CVE-2021-1648,2.5,2020-12-15,,(0Day) Microsoft Windows splwow64 Untrusted Pointer Dereference Information Disclosure Vulnerability,,Microsoft,2020-07-01,2020-12-15,167
ZDI-20-1433,ZDI-CAN-11349,Microsoft,CVE-2021-1648,2.5,2021-01-08,,(0Day) Microsoft Windows splwow64 Out-Of-Bounds Read Information Disclosure Vulnerability,,Microsoft,2020-07-01,2021-01-08,191
ZDI-20-1432,ZDI-CAN-11351,Microsoft,CVE-2021-1648,7.0,2020-12-15,,(0Day) Microsoft Windows splwow64 Out-Of-Bounds Write Privilege Escalation Vulnerability,,Microsoft,2020-07-01,2020-12-15,167
ZDI-20-1425,ZDI-CAN-11752,Microsoft,CVE-2020-17128,7.0,2020-12-11,,Microsoft Excel XLS File Parsing Integer Signedness Remote Code Execution Vulnerability,,Microsoft,2020-09-25,2020-12-11,77
ZDI-20-1424,ZDI-CAN-11888,Microsoft,CVE-2020-17125,7.8,2020-12-11,,Microsoft Excel XLS File Parsing Use-After-Free Remote Code Execution Vulnerability,,Microsoft,2020-09-18,2020-12-11,84
ZDI-20-1422,ZDI-CAN-11887,Microsoft,CVE-2020-17119,2.5,2020-12-11,,Microsoft Outlook MSG File Parsing Out-Of-Bounds Read Information Disclosure Vulnerability,,Microsoft,2020-09-18,2020-12-11,84
ZDI-20-1414,ZDI-CAN-11894,Microsoft,CVE-2020-17124,7.8,2020-12-09,,Microsoft PowerPoint PPTX File Use-After-Free Remote Code Execution Vulnerability,,Microsoft,2020-09-18,2020-12-09,82
ZDI-20-1413,ZDI-CAN-11906,Microsoft,CVE-2020-17131,8.8,2020-12-09,,Microsoft Chakra LinearScan Memory Corruption Remote Code Execution Vulnerability,,Microsoft,2020-09-25,2020-12-09,75
ZDI-20-1412,ZDI-CAN-11873,Microsoft,CVE-2020-17121,8.8,2020-12-09,,Microsoft SharePoint Site Import Directory Traversal Remote Code Execution Vulnerability,,Microsoft,2020-09-08,2020-12-09,92
ZDI-20-1411,ZDI-CAN-11588,Apple,CVE-2020-9956,4.3,2020-12-09,,Apple macOS libFontParser TTF Font Out-Of-Bounds Read Information Disclosure Vulnerability,,Apple,2020-07-29,2020-12-09,133
ZDI-20-1410,ZDI-CAN-11307,Apple,CVE-2020-9955,4.3,2020-12-09,,Apple macOS KTX Image DecodeRow Out-Of-Bounds Read Information Disclosure Vulnerability,,Apple,2020-07-10,2020-12-09,152
ZDI-20-1409,ZDI-CAN-11122,Apple,CVE-2020-10015,7.8,2020-12-09,,Apple macOS process_token_BlitLibSetup3D Out-Of-Bounds Access Privilege Escalation Vulnerability,,Apple,2020-07-15,2020-12-09,147
ZDI-20-1408,ZDI-CAN-11123,Apple,CVE-2020-10015,7.8,2020-12-09,,Apple macOS process_token_BlitLibSetup2D Out-Of-Bounds Access Privilege Escalation Vulnerability,,Apple,2020-07-15,2020-12-09,147
ZDI-20-1407,ZDI-CAN-11124,Apple,CVE-2020-27907,7.8,2020-12-09,,Apple macOS process_token_GenerateMipmaps Time-Of-Check Time-Of-Use Privilege Escalation Vulnerability,,Apple,2020-07-15,2020-12-09,147
ZDI-20-1406,ZDI-CAN-11828,Apple,CVE-2020-9999,7.8,2020-12-08,,Apple macOS CoreText MorxLigatureSubtableBuilder TTF Parsing Out-of-Bounds Write Remote Code Execution Vulnerability,,Apple,2020-08-26,2020-12-08,104
ZDI-20-1405,ZDI-CAN-11801,Apple,CVE-2020-27931,3.3,2020-12-08,,Apple macOS libFontParser TwOFFStream TTF Parsing Out-Of-Bounds Read Information Disclosure Vulnerability,,Apple,2020-08-26,2020-12-08,104
ZDI-20-1404,ZDI-CAN-11598,Apple,CVE-2020-27952,7.8,2020-12-08,,Apple macOS libFontParser TTF Parsing Out-Of-Bounds Write Remote Code Execution Vulnerability,,Apple,2020-07-24,2020-12-08,137
ZDI-20-1403,ZDI-CAN-11209,Apple,CVE-2020-27897,7.8,2020-12-08,,Apple macOS Kernel Command 0x10007 Out-Of-Bounds Write Privilege Escalation Vulnerability,,Apple,2020-07-29,2020-12-08,132
ZDI-20-1402,ZDI-CAN-11208,Apple,CVE-2020-27897,7.8,2020-12-08,,Apple macOS Kernel Command 0x10006 Out-Of-Bounds Write Privilege Escalation Vulnerability,,Apple,2020-07-29,2020-12-08,132
ZDI-20-1401,ZDI-CAN-11207,Apple,CVE-2020-27897,7.8,2020-12-08,,Apple macOS Kernel Command 0x10005 Out-Of-Bounds Write Privilege Escalation Vulnerability,,Apple,2020-07-15,2020-12-08,146
ZDI-20-1398,ZDI-CAN-11267,Microsoft,CVE-2020-0971,6.5,2020-12-04,,Microsoft SharePoint DataFormWebPart Server-Side Include Information Disclosure Vulnerability,,Microsoft,2020-07-02,2020-12-04,155
ZDI-20-1396,ZDI-CAN-11507,Apple,CVE-2020-10017,7.8,2020-12-04,,Apple macOS AudioCodecs AAC Decoding Out-Of-Bounds Write Remote Code Execution Vulnerability,,Apple,2020-08-05,2020-12-04,121
ZDI-20-1395,ZDI-CAN-11183,Apple,CVE-2020-10007,5.5,2020-12-04,2024-07-08,Apple macOS powerd Uninitialized Memory Information Disclosure Vulnerability,,Apple,2020-07-29,2020-12-04,128
ZDI-20-1394,ZDI-CAN-11498,Apple,CVE-2020-9950,4.3,2020-12-03,,Apple Safari TextNode Use-After-Free Information Disclosure Vulnerability,,Apple,2020-08-05,2020-12-03,120
ZDI-20-1393,ZDI-CAN-11457,Apple,CVE-2020-9996,7.8,2020-12-03,,Apple macOS libnetworkextension ne_filter_protocol_remove_input_handler Use-After-Free Remote Code Execution Vulnerability,,Apple,2020-07-02,2020-12-03,154
ZDI-20-1392,ZDI-CAN-11235,Apple,CVE-2020-9954,7.8,2020-12-03,,Apple macOS AudioCodecs Out-Of-Bounds Write Remote Code Execution Vulnerability,,Apple,2020-07-02,2020-12-03,154
ZDI-20-1391,ZDI-CAN-11189,Apple,CVE-2020-9889,7.8,2020-12-03,,Apple macOS AudioToolboxCore Wave Header Parsing Sign Extension Remote Code Execution Vulnerability,,Apple,2020-07-01,2020-12-03,155
ZDI-20-1390,ZDI-CAN-11125,Apple,CVE-2020-9947,8.8,2020-12-03,,Apple Safari RenderObject Use-After-Free Remote Code Execution Vulnerability,,Apple,2020-06-19,2020-12-03,167
ZDI-20-1389,ZDI-CAN-11210,Apple,CVE-2020-9883,3.3,2020-12-03,,Apple macOS CoreGraphics JBIG2Stream Out-Of-Bounds Read Information Disclosure Vulnerability,,Apple,2020-06-05,2020-12-03,181
ZDI-20-1373,ZDI-CAN-12020,Microsoft,CVE-2020-1319,8.8,2020-11-22,,Microsoft Windows WebM Video Parsing Uninitialized Pointer Remote Code Execution Vulnerability,,Microsoft,2020-09-30,2020-11-22,53
ZDI-20-1371,ZDI-CAN-11867,Microsoft,CVE-2020-17057,8.8,2020-11-11,,Microsoft Windows DirectComposition Uninitialized Pointer Privilege Escalation Vulnerability,,Microsoft,2020-09-18,2020-11-11,54
ZDI-20-1370,ZDI-CAN-11871,Microsoft,CVE-2020-17048,7.5,2020-11-11,,Microsoft Chakra Array Iterator Type Confusion Remote Code Execution Vulnerability,,Microsoft,2020-09-08,2020-11-11,64
ZDI-20-1369,ZDI-CAN-11875,Microsoft,CVE-2020-17053,8.8,2020-11-11,,Microsoft Internet Explorer array Out-Of-Bounds Write Remote Code Execution Vulnerability,,Microsoft,2020-09-02,2020-11-11,70
ZDI-20-1368,ZDI-CAN-11874,Microsoft,CVE-2020-17053,8.8,2020-11-11,,Microsoft Internet Explorer array Use-After-Free Remote Code Execution Vulnerability,,Microsoft,2020-09-02,2020-11-11,70
ZDI-20-1367,ZDI-CAN-11518,Microsoft,CVE-2020-17019,7.8,2020-11-11,,Microsoft Excel XLS File Parsing Double Free Remote Code Execution Vulnerability,,Microsoft,2020-08-05,2020-11-11,98
ZDI-20-1366,ZDI-CAN-11796,Microsoft,CVE-2020-17014,6.1,2020-11-11,2020-12-01,Microsoft Windows Print Spooler Directory Junction Denial-of-Service Vulnerability,,Microsoft,2020-09-02,2020-11-11,70
ZDI-20-1365,ZDI-CAN-11361,Microsoft,CVE-2020-17012,7.8,2020-11-11,,Microsoft Windows bindflt Driver Missing Authentication Privilege Escalation Vulnerability,,Microsoft,2020-08-05,2020-11-11,98
ZDI-20-1357,ZDI-CAN-12015,Adobe,CVE-2020-24438,3.3,2020-11-10,,Adobe Acrobat Reader DC AVDocumentLocal Use-After-Free Information Disclosure Vulnerability,,Adobe,2020-10-02,2020-11-10,39
ZDI-20-1356,ZDI-CAN-11958,Adobe,CVE-2020-24434,3.3,2020-11-10,,Adobe Acrobat Pro DC PDF Export Out-Of-Bounds Read Information Disclosure Vulnerability,,Adobe,2020-09-30,2020-11-10,41
ZDI-20-1355,ZDI-CAN-11957,Adobe,CVE-2020-24436,7.8,2020-11-10,,Adobe Acrobat Pro DC PDF Export Out-Of-Bounds Write Remote Code Execution Vulnerability,,Adobe,2020-09-30,2020-11-10,41
ZDI-20-1354,ZDI-CAN-11540,Adobe,CVE-2020-24426,3.3,2020-11-10,,Adobe Acrobat Reader DC ID Parameter Out-Of-Bounds Read Information Disclosure Vulnerability,,Adobe,2020-07-29,2020-11-10,104
ZDI-20-1272,ZDI-CAN-11477,Adobe,CVE-2020-24410,7.8,2020-10-22,,Adobe Illustrator PDF File Parsing Out-Of-Bounds Read Remote Code Execution Vulnerability,,Adobe,2020-07-10,2020-10-22,104
ZDI-20-1271,ZDI-CAN-11474,Adobe,CVE-2020-24409,7.8,2020-10-22,,Adobe Illustrator PDF File Parsing Out-Of-Bounds Read Remote Code Execution Vulnerability,,Adobe,2020-07-10,2020-10-22,104
ZDI-20-1270,ZDI-CAN-11346,Adobe,CVE-2020-24411,7.8,2020-10-22,,Adobe Illustrator PDF File Parsing Out-Of-Bounds Write Remote Code Execution Vulnerability,,Adobe,2020-06-26,2020-10-22,118
ZDI-20-1260,ZDI-CAN-10924,Apple,CVE-2020-9990,7.8,2020-10-19,,Apple macOS process_token_SetFence Time-Of-Check Time-Of-Use Privilege Escalation Vulnerability,,Apple,2020-05-19,2020-10-19,153
ZDI-20-1259,ZDI-CAN-10823,Apple,CVE-2020-9990,7.8,2020-10-19,,Apple macOS process_token_SetFence Time-Of-Check Time-Of-Use Privilege Escalation Vulnerability,,Apple,2020-05-19,2020-10-19,153
ZDI-20-1258,ZDI-CAN-11981,Microsoft,CVE-2020-16968,8.8,2020-10-19,,Microsoft Windows Camera Codec Pack Out-Of-Bounds Write Remote Code Execution Vulnerability,,Microsoft,2020-09-18,2020-10-19,31
ZDI-20-1257,ZDI-CAN-11980,Microsoft,CVE-2020-16915,8.8,2020-10-19,,Microsoft Windows Media Player HEVC Stream Parsing Out-Of-Bounds Write Remote Code Execution Vulnerability,,Microsoft,2020-09-18,2020-10-19,31
ZDI-20-1256,ZDI-CAN-11602,Microsoft,CVE-2020-16930,7.8,2020-10-19,,Microsoft Excel XLS File Parsing Out-Of-Bounds Write Remote Code Execution Vulnerability,,Microsoft,2020-08-12,2020-10-19,68
ZDI-20-1255,ZDI-CAN-11613,Microsoft,CVE-2020-16931,7.8,2020-10-19,,Microsoft Excel XLS File Parsing Uninitialized Variable Remote Code Execution Vulnerability,,Microsoft,2020-08-07,2020-10-19,73
ZDI-20-1254,ZDI-CAN-11622,Microsoft,CVE-2020-16939,7.3,2020-10-19,,Microsoft Windows Group Policy Client Service Link Resolution Privilege Escalation Vulnerability,,Microsoft,2020-08-05,2020-10-19,75
ZDI-20-1253,ZDI-CAN-11529,Microsoft,CVE-2020-16932,7.8,2020-10-19,,Microsoft Excel XLS File Parsing Uninitialized Variable Remote Code Execution Vulnerability,,Microsoft,2020-07-24,2020-10-19,87
ZDI-20-1252,ZDI-CAN-11524,Microsoft,CVE-2020-16930,7.8,2020-10-19,,Microsoft Excel XLS File Parsing Uninitialized Pointer Remote Code Execution Vulnerability,,Microsoft,2020-07-24,2020-10-19,87
ZDI-20-1251,ZDI-CAN-11516,Microsoft,CVE-2020-16929,7.8,2020-10-19,,Microsoft Excel XLS File Parsing Use-After-Free Remote Code Execution Vulnerability,,Microsoft,2020-07-24,2020-10-19,87
ZDI-20-1250,ZDI-CAN-11250,Microsoft,CVE-2020-16947,3.7,2020-10-19,,Microsoft Outlook HTML Email Out-Of-Bounds Read Information Disclosure Vulnerability,,Microsoft,2020-07-01,2020-10-19,110
ZDI-20-1249,ZDI-CAN-11249,Microsoft,CVE-2020-16947,8.1,2020-10-19,,Microsoft Outlook HTML Email Heap-based Buffer Overflow Remote Code Execution Vulnerability,,Microsoft,2020-07-01,2020-10-19,110
ZDI-20-1248,ZDI-CAN-11129,Microsoft,CVE-2020-16940,5.5,2020-10-19,,Microsoft Windows User Profile Service Arbitrary File Deletion Vulnerability,,Microsoft,2020-07-01,2020-10-19,110
ZDI-20-1247,ZDI-CAN-11174,Microsoft,CVE-2020-1167,7.8,2020-10-19,,Microsoft 3D Builder GLB File Parsing Heap-based Buffer Overflow Remote Code Execution Vulnerability,,Microsoft,2020-06-04,2020-10-19,137
ZDI-20-1246,ZDI-CAN-11032,Microsoft,CVE-2020-17003,5.3,2020-10-14,,Microsoft 3D Viewer FBX File Parsing Out-Of-Bounds Read Remote Code Execution Vulnerability,,Microsoft,2020-06-02,2020-10-14,134
ZDI-20-1245,ZDI-CAN-11241,Microsoft,CVE-2020-16967,7.8,2020-10-14,,Microsoft Windows Camera Codec Pack Image Processing Out-Of-Bounds Write Remote Code Execution Vulnerability,,Microsoft,2020-06-08,2020-10-14,128
ZDI-20-1238,ZDI-CAN-11184,Apple,CVE-2020-9883,7.8,2020-10-08,,Apple macOS CoreGraphics JBIG2Bitmap Heap-based Buffer Overflow Remote Code Execution Vulnerability,,Apple,2020-06-02,2020-10-08,128
ZDI-20-1214,ZDI-CAN-11116,Apple,CVE-2020-9948,8.8,2020-09-21,,Apple Safari replace Type Confusion Remote Code Execution Vulnerability,,Apple,2020-07-15,2020-09-21,68
ZDI-20-1213,ZDI-CAN-10942,Apple,CVE-2020-9921,7.8,2020-09-21,,Apple macOS process_token_BlitFramebuffer Time-Of-Check Time-Of-Use Privilege Escalation Vulnerability,,Apple,2020-05-19,2020-09-21,125
ZDI-20-1212,ZDI-CAN-10943,Apple,CVE-2020-9921,7.8,2020-09-21,,Apple macOS process_token_CopyPixelsSrcFBO Time-Of-Check Time-Of-Use Privilege Escalation Vulnerability,,Apple,2020-05-19,2020-09-21,125
ZDI-20-1211,ZDI-CAN-10944,Apple,CVE-2020-9921,7.8,2020-09-21,,Apple macOS process_token_TexSubImage2D Time-Of-Check Time-Of-Use Privilege Escalation Vulnerability,,Apple,2020-05-19,2020-09-21,125
ZDI-20-1210,ZDI-CAN-10946,Apple,CVE-2020-9921,7.8,2020-09-21,,Apple macOS process_token_TexPBOUpload Time-Of-Check Time-Of-Use Privilege Escalation Vulnerability,,Apple,2020-05-19,2020-09-21,125
ZDI-20-1209,ZDI-CAN-10643,Apple,CVE-2020-9927,8.8,2020-09-21,,Apple macOS AMDSupport Out-Of-Bounds Write Privilege Escalation Vulnerability,,Apple,2020-03-25,2020-09-21,180
ZDI-20-1185,ZDI-CAN-11086,Apple,CVE-2020-9919,7.8,2020-08-05,2020-09-17,Apple macOS ImageIO PIC File Parsing Out-Of-Bounds Write Remote Code Execution Vulnerability,,Apple,2020-05-14,2020-08-05,83
ZDI-20-1183,ZDI-CAN-11165,Apple,CVE-2020-9876,7.8,2020-08-05,2020-09-17,Apple macOS ImageIO TIF File Parsing Out-Of-Bounds Write Remote Code Execution Vulnerability,,Apple,2020-06-02,2020-08-05,64
ZDI-20-1182,ZDI-CAN-11106,Apple,CVE-2020-9887,7.8,2020-09-16,,Apple macOS AppleVPA JPEG Parsing Out-Of-Bounds Write Remote Code Execution Vulnerability,,Apple,2020-05-19,2020-09-16,120
ZDI-20-1175,ZDI-CAN-11263,Microsoft,CVE-2020-0997,7.8,2020-10-16,,Microsoft Windows Camera Codec Pack Image Processing Out-Of-Bounds Write Remote Code Execution Vulnerability,,Microsoft,2020-06-11,2020-10-16,127
ZDI-20-1134,ZDI-CAN-11511,Microsoft,CVE-2020-1319,8.8,2020-09-10,,Microsoft Windows WebM Video Parsing Uninitialized Pointer Remote Code Execution Vulnerability,,Microsoft,2020-07-29,2020-09-10,43
ZDI-20-1133,ZDI-CAN-11446,Microsoft,CVE-2020-1594,7.8,2020-09-10,,Microsoft Excel XLS File SST Record Out-Of-Bounds Write Remote Code Execution Vulnerability,,Microsoft,2020-07-10,2020-09-10,62
ZDI-20-1132,ZDI-CAN-11276,Microsoft,CVE-2020-1193,5.3,2020-09-10,,Microsoft Excel XLS File Parsing Use-After-Free Remote Code Execution Vulnerability,,Microsoft,2020-07-02,2020-09-10,70
ZDI-20-1131,ZDI-CAN-11242,Microsoft,CVE-2020-1338,7.8,2020-09-10,,Microsoft Word DOCX File Parsing Heap-based Buffer Overflow Remote Code Execution Vulnerability,,Microsoft,2020-07-01,2020-09-10,71
ZDI-20-1130,ZDI-CAN-11126,Microsoft,CVE-2020-0914,2.5,2020-09-10,,Microsoft Windows State Repository Service Race Condition Use-After-Free Information Disclosure Vulnerability,,Microsoft,2020-06-17,2020-09-10,85
ZDI-20-1129,ZDI-CAN-11215,Microsoft,CVE-2020-1129,8.8,2020-09-10,,Microsoft Windows Media Player HEVC Stream Parsing Stack-based Buffer Overflow Remote Code Execution Vulnerability,,Microsoft,2020-06-04,2020-09-10,98
ZDI-20-1128,ZDI-CAN-11153,Microsoft,CVE-2020-1074,7.8,2020-09-10,,Microsoft Windows JET Database Engine Out-Of-Bounds Write Remote Code Execution Vulnerability,,Microsoft,2020-05-28,2020-09-10,105
ZDI-20-1127,ZDI-CAN-11128,Microsoft,CVE-2020-1039,7.8,2020-09-10,,Microsoft Windows JET Database Engine Out-Of-Bounds Write Remote Code Execution Vulnerability,,Microsoft,2020-05-21,2020-09-10,112
ZDI-20-1126,ZDI-CAN-11214,Microsoft,CVE-2020-16874,7.0,2020-09-10,,Microsoft Visual Studio DDS File Parsing Integer Overflow Remote Code Execution Multiple Vulnerabilities,,Microsoft,2020-06-17,2020-09-10,85
ZDI-20-1125,ZDI-CAN-11213,Microsoft,CVE-2020-16856,7.8,2020-09-10,,Microsoft Visual Studio DDS File Parsing Integer Overflow Remote Code Execution Vulnerability,,Microsoft,2020-06-11,2020-09-10,91
ZDI-20-1124,ZDI-CAN-11212,Microsoft,CVE-2020-16874,3.3,2020-09-10,,Microsoft Visual Studio DDS File Parsing Out-Of-Bounds Read Information Disclosure Vulnerability,,Microsoft,2020-06-11,2020-09-10,91
ZDI-20-1123,ZDI-CAN-10834,Microsoft,CVE-2020-0908,6.3,2020-09-10,,Microsoft Internet Explorer CTSF3CandidateMessage Use-After-Free Remote Code Execution Vulnerability,,Microsoft,2020-06-11,2020-09-10,91
ZDI-20-1122,ZDI-CAN-11240,Microsoft,CVE-2020-0997,7.8,2020-09-10,,Microsoft Windows Camera Codec Pack Image Processing Out-Of-Bounds Write Remote Code Execution Vulnerability,,Microsoft,2020-06-08,2020-09-10,94
ZDI-20-1121,ZDI-CAN-11156,Microsoft,CVE-2020-16874,7.0,2020-09-10,,Microsoft Visual Studio DDS File Parsing Integer Overflow Remote Code Execution Vulnerability,,Microsoft,2020-06-04,2020-09-10,98
ZDI-20-1120,ZDI-CAN-11095,Microsoft,CVE-2020-16874,7.0,2020-09-10,,Microsoft Visual Studio DDS File Parsing Integer Overflow Remote Code Execution Vulnerability,,Microsoft,2020-06-04,2020-09-10,98
ZDI-20-1119,ZDI-CAN-11221,Adobe,CVE-2020-9725,7.8,2020-09-10,,Adobe FrameMaker FM File Parsing Stack-based Buffer Overflow Remote Code Execution Vulnerability,,Adobe,2020-06-24,2020-09-10,78
ZDI-20-1118,ZDI-CAN-11110,Adobe,CVE-2020-9726,7.8,2020-09-10,,Adobe FrameMaker FM File Parsing Out-Of-Bounds Read Remote Code Execution Vulnerability,,Adobe,2020-05-26,2020-09-10,107
ZDI-20-1082,ZDI-CAN-11000,Apple,CVE-2020-9908,6.5,2020-08-27,,Apple macOS Intel Graphics Driver Out-Of-Bounds Read Information Disclosure Vulnerability,,Apple,2020-04-28,2020-08-27,121
ZDI-20-1081,ZDI-CAN-10962,Microsoft,CVE-2020-1457,7.8,2020-08-27,,Microsoft Windows hevcdecoder_store MKV File Parsing Out-Of-Bounds Write Remote Code Execution Vulnerability,,Microsoft,2020-04-15,2020-08-27,134
ZDI-20-1004,ZDI-CAN-10937,Microsoft,CVE-2020-1492,8.8,2020-08-14,,Microsoft Windows QuickTime Video Parsing Use-After-Free Remote Code Execution Vulnerability,,Microsoft,2020-05-07,2020-08-14,99
ZDI-20-1003,ZDI-CAN-10816,Microsoft,CVE-2020-1561,5.0,2020-08-14,,Microsoft Windows fontdrvhost Font Parsing Use-After-Free Remote Code Execution Vulnerability,,Microsoft,2020-05-07,2020-08-14,99
ZDI-20-1002,ZDI-CAN-11006,Microsoft,CVE-2020-1560,7.8,2020-08-14,,Microsoft Windows av1decodermft_store MP4 File Parsing Out-Of-Bounds Write Remote Code Execution Vulnerability,,Microsoft,2020-04-28,2020-08-14,108
ZDI-20-1001,ZDI-CAN-10925,Microsoft,CVE-2020-1555,7.5,2020-08-14,,Microsoft Chakra Inline Cache Out-Of-Bounds Read Remote Code Execution Vulnerability,,Microsoft,2020-06-02,2020-08-14,73
ZDI-20-1000,ZDI-CAN-10974,Microsoft,CVE-2020-1581,7.8,2020-08-13,,Microsoft Office OfficeClickToRun Time-Of-Check Time-Of-Use Privilege Escalation Vulnerability,,Microsoft,2020-05-07,2020-08-13,98
ZDI-20-999,ZDI-CAN-10914,Microsoft,CVE-2020-1493,7.8,2020-08-13,,Microsoft Outlook EML Rendering Out-Of-Bounds Read Remote Code Execution Vulnerability,,Microsoft,2020-05-07,2020-08-13,98
ZDI-20-998,ZDI-CAN-10908,Microsoft,CVE-2020-1520,7.8,2020-08-13,,Microsoft Windows PFB Font File Heap-based Buffer Overflow Privilege Escalation Vulnerability,,Microsoft,2020-05-07,2020-08-13,98
ZDI-20-997,ZDI-CAN-11590,Microsoft,CVE-2020-1556,2.5,2020-08-13,,Microsoft Windows WalletService Race Condition Information Disclosure Vulnerability,,Microsoft,2020-08-05,2020-08-13,8
ZDI-20-996,ZDI-CAN-11589,Microsoft,CVE-2020-1556,2.5,2020-08-13,,Microsoft Windows WalletService Race Condition Information Disclosure Vulnerability,,Microsoft,2020-08-05,2020-08-13,8
ZDI-20-995,ZDI-CAN-11136,Microsoft,CVE-2020-1337,7.8,2020-08-13,,Microsoft Windows Print Spooler Directory Junction Privilege Escalation Vulnerability,,Microsoft,2020-06-02,2020-08-13,72
ZDI-20-994,ZDI-CAN-10812,Microsoft,CVE-2020-1577,3.3,2020-08-13,,Microsoft Windows findBaseLigature TTF Parsing Out-Of-Bounds Read Information Disclosure Vulnerability,,Microsoft,2020-04-30,2020-08-13,105
ZDI-20-993,ZDI-CAN-11007,Microsoft,CVE-2020-1585,7.8,2020-08-13,,Microsoft Windows av1decodermft_store AVIF File Parsing Out-Of-Bounds Write Remote Code Execution Vulnerability,,Microsoft,2020-04-28,2020-08-13,107
ZDI-20-992,ZDI-CAN-10609,Microsoft,CVE-2020-1574,8.8,2020-08-13,,Microsoft Windows WEBP VP8X Integer Overflow Remote Code Execution Vulnerability,,Microsoft,2020-03-09,2020-08-13,157
ZDI-20-991,ZDI-CAN-11254,Adobe,CVE-2020-9715,7.8,2020-08-12,,Adobe Acrobat Reader DC ESObject Use-After-Free Remote Code Execution Vulnerability,,Adobe,2020-06-24,2020-08-12,49
ZDI-20-990,ZDI-CAN-11166,Adobe,CVE-2020-9712,3.3,2020-08-12,,Adobe Acrobat Pro DC Web2PDF:AppLinks JavaScript Restrictions Bypass Vulnerability,,Adobe,2020-06-02,2020-08-12,71
ZDI-20-989,ZDI-CAN-11164,Adobe,CVE-2020-9710,3.3,2020-08-12,2020-08-19,Adobe Acrobat Pro DC convert Out-Of-Bounds Read Information Disclosure Vulnerability,,Adobe,2020-05-28,2020-08-12,76
ZDI-20-988,ZDI-CAN-11162,Adobe,CVE-2020-9706,3.3,2020-08-12,,Adobe Acrobat Pro DC updateFeed Out-Of-Bounds Read Information Disclosure Vulnerability,,Adobe,2020-05-28,2020-08-12,76
ZDI-20-987,ZDI-CAN-11150,Adobe,CVE-2020-9706,3.3,2020-08-12,,Adobe Acrobat Pro DC removeFeed Out-Of-Bounds Read Information Disclosure Vulnerability,,Adobe,2020-05-28,2020-08-12,76
ZDI-20-986,ZDI-CAN-11149,Adobe,CVE-2020-9707,3.3,2020-08-12,,Adobe Acrobat Pro DC selectFeed Out-Of-Bounds Read Information Disclosure Vulnerability,,Adobe,2020-05-28,2020-08-12,76
ZDI-20-985,ZDI-CAN-11148,Adobe,CVE-2020-9706,3.3,2020-08-12,,Adobe Acrobat Pro DC addFeed Out-Of-Bounds Read Information Disclosure Vulnerability,,Adobe,2020-05-28,2020-08-12,76
ZDI-20-984,ZDI-CAN-11105,Adobe,CVE-2020-9697,5.5,2020-08-12,,Adobe Acrobat Reader DC app.measureDialog Information Disclosure Vulnerability,,Adobe,2020-05-19,2020-08-12,85
ZDI-20-983,ZDI-CAN-11026,Adobe,CVE-2020-9694,7.8,2020-08-12,,Adobe Acrobat Reader DC JPEG2000 Parsing Out-Of-Bounds Write Remote Code Execution Vulnerability,,Adobe,2020-05-07,2020-08-12,97
ZDI-20-982,ZDI-CAN-11025,Adobe,CVE-2020-9693,7.8,2020-08-12,,Adobe Acrobat Reader DC JPEG2000 Parsing Out-Of-Bounds Write Remote Code Execution Vulnerability,,Adobe,2020-05-07,2020-08-12,97
ZDI-20-960,ZDI-CAN-10778,Apple,CVE-2020-9939,8.2,2020-08-10,2021-06-29,(Pwn2Own) Apple macOS kextload Time-Of-Check Time-Of-Use Memory Corruption Vulnerability,,Apple,2020-07-23,2020-08-10,18
ZDI-20-938,ZDI-CAN-11151,Apple,CVE-2020-9875,7.8,2020-08-05,,Apple macOS ImageIO EXR Parsing Integer Overflow Remote Code Execution Vulnerability,,Apple,2020-05-28,2020-08-05,69
ZDI-20-924,ZDI-CAN-11121,Microsoft,CVE-2020-1400,7.0,2020-07-23,,Microsoft Windows JET Database Engine Integer Underflow Remote Code Execution Vulnerability,,Microsoft,2020-05-21,2020-07-23,63
ZDI-20-923,ZDI-CAN-10895,Microsoft,CVE-2020-1421,8.8,2020-07-23,,Microsoft Windows LNK File Parsing Type Confusion Remote Code Execution Vulnerability,,Microsoft,2020-05-07,2020-07-23,77
ZDI-20-922,ZDI-CAN-10875,Adobe,CVE-2020-9680,7.8,2020-07-22,,Adobe Prelude MP4 File Parsing Out-Of-Bounds Write Remote Code Execution Vulnerability,,Adobe,2020-04-09,2020-07-22,104
ZDI-20-921,ZDI-CAN-10874,Adobe,CVE-2020-9679,3.3,2020-07-22,,Adobe Prelude MOV File Parsing Out-Of-Bounds Read Information Disclosure Vulnerability,,Adobe,2020-04-09,2020-07-22,104
ZDI-20-920,ZDI-CAN-10873,Adobe,CVE-2020-9678,7.8,2020-07-22,,Adobe Prelude MP4 File Parsing Out-Of-Bounds Write Remote Code Execution Vulnerability,,Adobe,2020-04-09,2020-07-22,104
ZDI-20-919,ZDI-CAN-10872,Adobe,CVE-2020-9677,7.8,2020-07-22,,Adobe Prelude 3GP File Parsing Out-Of-Bounds Read Remote Code Execution Vulnerability,,Adobe,2020-04-09,2020-07-22,104
ZDI-20-918,ZDI-CAN-10863,Adobe,CVE-2020-9687,7.8,2020-07-22,,Adobe Photoshop MP4 File Parsing Out-Of-Bounds Write Remote Code Execution Vulnerability,,Adobe,2020-04-07,2020-07-22,106
ZDI-20-917,ZDI-CAN-10862,Adobe,CVE-2020-9686,3.3,2020-07-22,,Adobe Photoshop MOV File Parsing Out-Of-Bounds Read Information Disclosure Vulnerability,,Adobe,2020-04-07,2020-07-22,106
ZDI-20-916,ZDI-CAN-10861,Adobe,CVE-2020-9685,7.8,2020-07-22,,Adobe Photoshop MP4 File Parsing Out-Of-Bounds Write Remote Code Execution Vulnerability,,Adobe,2020-04-07,2020-07-22,106
ZDI-20-915,ZDI-CAN-10860,Adobe,CVE-2020-9684,7.8,2020-07-22,,Adobe Photoshop MP4 File Parsing Out-Of-Bounds Write Remote Code Execution Vulnerability,,Adobe,2020-04-08,2020-07-22,105
ZDI-20-914,ZDI-CAN-10859,Adobe,CVE-2020-9683,7.8,2020-07-22,,Adobe Photoshop 3GP File Parsing Out-Of-Bounds Read Remote Code Execution Vulnerability,,Adobe,2020-04-08,2020-07-22,105
ZDI-20-913,ZDI-CAN-10858,Adobe,CVE-2020-9674,7.8,2020-07-22,,Adobe Bridge MP4 File Parsing Out-Of-Bounds Write Remote Code Execution Vulnerability,,Adobe,2020-04-08,2020-07-22,105
ZDI-20-912,ZDI-CAN-10857,Adobe,CVE-2020-9676,7.8,2020-07-22,,Adobe Bridge MP4 File Parsing Out-Of-Bounds Write Remote Code Execution Vulnerability,,Adobe,2020-04-08,2020-07-22,105
ZDI-20-911,ZDI-CAN-10856,Adobe,CVE-2020-9675,7.8,2020-07-22,,Adobe Bridge 3GP File Parsing Out-Of-Bounds Read Remote Code Execution Vulnerability,,Adobe,2020-04-08,2020-07-22,105
ZDI-20-910,ZDI-CAN-11107,Apple,CVE-2020-9936,7.8,2020-07-21,,Apple macOS decodePICT PIC Parsing Out-Of-Bounds Write Remote Code Execution Vulnerability,,Apple,2020-05-19,2020-07-21,63
ZDI-20-909,ZDI-CAN-10832,Apple,CVE-2020-9894,4.3,2020-07-21,,Apple Safari getAnimations Out-Of-Bounds Read Information Disclosure Vulnerability,,Apple,2020-04-30,2020-07-21,82
ZDI-20-908,ZDI-CAN-10653,Apple,CVE-2020-9884,7.8,2020-07-21,,Apple macOS AudioToolboxCore CAF File Parsing Out-Of-Bounds Write Remote Code Execution Vulnerability,,Apple,2020-04-28,2020-07-21,84
ZDI-20-907,ZDI-CAN-10111,Apple,CVE-2020-9893,7.5,2020-07-21,,Apple Safari RenderWidget Use-After-Free Remote Code Execution Vulnerability,,Apple,2020-04-14,2020-07-21,98
ZDI-20-906,ZDI-CAN-10686,Microsoft,,3.3,2020-07-20,,(0Day) Microsoft Windows hevcdecoder_store HEIC File Parsing Out-Of-Bounds Read Information Disclosure Vulnerability,,Microsoft,2020-03-05,2020-07-20,137
ZDI-20-884,ZDI-CAN-10846,Adobe,CVE-2020-9650,7.8,2020-07-20,,Adobe Media Encoder MP4 File Parsing Out-Of-Bounds Write Remote Code Execution Vulnerability,,Adobe,2020-04-03,2020-07-20,108
ZDI-20-883,ZDI-CAN-10838,Adobe,CVE-2020-9646,7.8,2020-07-20,,Adobe Media Encoder MP4 File Parsing Out-Of-Bounds Write Remote Code Execution Vulnerability,,Adobe,2020-04-03,2020-07-20,108
ZDI-20-882,ZDI-CAN-10830,Adobe,CVE-2020-9649,7.8,2020-07-20,,Adobe Media Encoder 3GP File Parsing Out-Of-Bounds Read Remote Code Execution Vulnerability,,Adobe,2020-04-03,2020-07-20,108
ZDI-20-877,ZDI-CAN-10903,Microsoft,CVE-2020-1436,7.8,2020-07-16,,Microsoft Windows PFB Font File Out-Of-Bounds Write Privilege Escalation Vulnerability,,Microsoft,2020-05-07,2020-07-16,70
ZDI-20-876,ZDI-CAN-10831,Microsoft,CVE-2020-0987,3.3,2020-07-16,,Microsoft Windows mf3216 EMF EMR_SETDIBITSTODEVICE Out-Of-Bounds Read Information Disclosure Vulnerability,,Microsoft,2020-04-07,2020-07-16,100
ZDI-20-875,ZDI-CAN-10808,Microsoft,CVE-2020-1355,6.3,2020-07-16,,Microsoft Windows fontdrvhost Font Parsing Out-Of-Bounds Write Remote Code Execution Vulnerability,,Microsoft,2020-04-09,2020-07-16,98
ZDI-20-874,ZDI-CAN-10963,Microsoft,CVE-2020-1439,8.8,2020-07-16,,Microsoft SharePoint Scorecards Deserialization of Untrusted Data Remote Code Execution Vulnerability,,Microsoft,2020-05-07,2020-07-16,70
ZDI-20-873,ZDI-CAN-10781,Microsoft,CVE-2020-1382,7.8,2020-07-16,,(Pwn2Own) Microsoft Windows DirectComposition RemoveBindingManagerReferenceFromTrackerIfNecessary Use-After-Free Privilege Escalation Vulnerability,,Microsoft,2020-03-26,2020-07-16,112
ZDI-20-872,ZDI-CAN-10779,Microsoft,CVE-2020-1381,7.8,2020-07-16,,(Pwn2Own) Microsoft Windows DirectComposition SetBufferProperty Use-After-Free Privilege Escalation Vulnerability,,Microsoft,2020-03-26,2020-07-16,112
ZDI-20-823,ZDI-CAN-10579,Apple,CVE-2020-9815,3.3,2020-07-09,,Apple macOS AudioToolboxCore CAF File Parsing Out-Of-Bounds Read Information Disclosure Vulnerability,,Apple,2020-03-18,2020-07-09,113
ZDI-20-820,ZDI-CAN-10896,Microsoft,CVE-2020-1457,7.8,2020-07-08,,Microsoft Windows hevcdecoder_store HEIC File Parsing Out-Of-Bounds Write Remote Code Execution Vulnerability,,Microsoft,2020-04-03,2020-07-08,96
ZDI-20-819,ZDI-CAN-10765,Microsoft,CVE-2020-1425,7.8,2020-07-08,,Microsoft Windows hevcdecoder_store HEIC File Parsing Out-Of-Bounds Write Remote Code Execution Vulnerability,,Microsoft,2020-03-18,2020-07-08,112
ZDI-20-818,ZDI-CAN-10692,Microsoft,CVE-2020-1425,7.8,2020-07-08,,Microsoft Windows hevcdecoder_store HEIC File Parsing Out-Of-Bounds Write Remote Code Execution Vulnerability,,Microsoft,2020-03-05,2020-07-08,125
ZDI-20-817,ZDI-CAN-10685,Microsoft,CVE-2020-1425,3.3,2020-07-08,,Microsoft Windows hevcdecoder_store HEIC File Parsing Out-Of-Bounds Read Information Disclosure Vulnerability,,Microsoft,2020-03-05,2020-07-08,125
ZDI-20-816,ZDI-CAN-10684,Microsoft,CVE-2020-1425,7.8,2020-07-08,,Microsoft Windows hevcdecoder_store HEIC File Parsing Out-Of-Bounds Write Remote Code Execution Vulnerability,,Microsoft,2020-03-05,2020-07-08,125
ZDI-20-815,ZDI-CAN-10936,Microsoft,CVE-2020-1425,7.8,2020-07-07,,Microsoft Windows hevcdecoder_store MKV File Parsing Use-After-Free Remote Code Execution Vulnerability,,Microsoft,2020-04-13,2020-07-07,85
ZDI-20-804,ZDI-CAN-10690,Microsoft,CVE-2020-1425,3.3,2020-07-07,,Microsoft Windows hevcdecoder_store HEIC File Parsing Out-Of-Bounds Read Information Disclosure Vulnerability,,Microsoft,2020-03-05,2020-07-07,124
ZDI-20-802,ZDI-CAN-10683,Microsoft,CVE-2020-1425,3.3,2020-07-01,,Microsoft Windows hevcdecoder_store HEIC File Parsing Out-Of-Bounds Read Information Disclosure Vulnerability,,Microsoft,2020-03-05,2020-07-01,118
ZDI-20-801,ZDI-CAN-10687,Microsoft,CVE-2020-1457,7.8,2020-07-01,,Microsoft Windows hevcdecoder_store HEIC File Parsing Out-Of-Bounds Write Remote Code Execution Vulnerability,,Microsoft,2020-03-05,2020-07-01,118
ZDI-20-726,ZDI-CAN-10877,Adobe,CVE-2020-9662,7.8,2020-06-18,,Adobe After Effects MP4 File Parsing Out-Of-Bounds Write Remote Code Execution Vulnerability,,Adobe,2020-04-07,2020-06-18,72
ZDI-20-725,ZDI-CAN-10878,Adobe,CVE-2020-9660,7.8,2020-06-18,,Adobe After Effects MP4 File Parsing Out-Of-Bounds Write Remote Code Execution Vulnerability,,Adobe,2020-04-08,2020-06-18,71
ZDI-20-724,ZDI-CAN-10876,Adobe,CVE-2020-9661,7.8,2020-06-18,,Adobe After Effects 3GP File Parsing Out-Of-Bounds Read Remote Code Execution Vulnerability,,Adobe,2020-04-07,2020-06-18,72
ZDI-20-723,ZDI-CAN-10868,Adobe,CVE-2020-9655,7.8,2020-06-18,,Adobe Premiere Rush 3GP File Parsing Out-Of-Bounds Read Remote Code Execution Vulnerability,,Adobe,2020-04-09,2020-06-18,70
ZDI-20-722,ZDI-CAN-10869,Adobe,CVE-2020-9656,7.8,2020-06-18,,Adobe Premiere Rush MP4 File Parsing Out-Of-Bounds Write Remote Code Execution Vulnerability,,Adobe,2020-04-09,2020-06-18,70
ZDI-20-721,ZDI-CAN-10870,Adobe,CVE-2020-9657,7.8,2020-06-18,,Adobe Premiere Rush MP4 File Parsing Out-Of-Bounds Write Remote Code Execution Vulnerability,,Adobe,2020-04-09,2020-06-18,70
ZDI-20-720,ZDI-CAN-10854,Adobe,CVE-2020-9659,7.8,2020-06-18,,Adobe Audition MP4 File Parsing Out-Of-Bounds Write Remote Code Execution Vulnerability,,Adobe,2020-04-08,2020-06-18,71
ZDI-20-719,ZDI-CAN-10853,Adobe,CVE-2020-9658,7.8,2020-06-18,,Adobe Audition MP4 File Parsing Out-Of-Bounds Write Remote Code Execution Vulnerability,,Adobe,2020-04-08,2020-06-18,71
ZDI-20-718,ZDI-CAN-10864,Adobe,CVE-2020-9652,7.8,2020-06-18,,Adobe Premiere Pro 3GP File Parsing Out-Of-Bounds Read Remote Code Execution Vulnerability,,Adobe,2020-04-09,2020-06-18,70
ZDI-20-717,ZDI-CAN-10865,Adobe,CVE-2020-9653,7.8,2020-06-18,,Adobe Premiere Pro MP4 File Parsing Out-Of-Bounds Write Remote Code Execution Vulnerability,,Adobe,2020-04-09,2020-06-18,70
ZDI-20-716,ZDI-CAN-10866,Adobe,CVE-2020-9654,7.8,2020-06-18,,Adobe Premiere Pro MP4 File Parsing Out-Of-Bounds Write Remote Code Execution Vulnerability,,Adobe,2020-04-09,2020-06-18,70
ZDI-20-701,ZDI-CAN-10776,Apple,,5.3,2020-06-09,2021-06-29,(0Day) (Pwn2Own) Apple macOS Quarantine Attribute Bypass Vulnerability,,Apple,2020-06-09,2020-06-09,0
ZDI-20-700,ZDI-CAN-10592,Adobe,CVE-2020-9634,7.8,2020-06-09,,Adobe FrameMaker GIF File Parsing Out-Of-Bounds Write Remote Code Execution Vulnerability,,Adobe,2020-03-13,2020-06-09,88
ZDI-20-699,ZDI-CAN-10576,Adobe,CVE-2020-9635,7.8,2020-06-09,,Adobe FrameMaker PDF File Parsing Out-Of-Bounds Write Remote Code Execution Vulnerability,,Adobe,2020-03-13,2020-06-09,88
ZDI-20-698,ZDI-CAN-10788,Microsoft,CVE-2020-1219,7.5,2020-06-09,,Microsoft Chakra Intl Object Type Confusion Remote Code Execution Vulnerability,,Microsoft,2020-04-02,2020-06-09,68
ZDI-20-697,ZDI-CAN-10681,Microsoft,CVE-2020-1239,8.8,2020-06-09,,Microsoft Windows Media Player mpg2splt Integer Underflow Remote Code Execution Vulnerability,,Microsoft,2020-03-05,2020-06-09,96
ZDI-20-696,ZDI-CAN-10693,Microsoft,CVE-2020-1238,8.8,2020-06-09,,Microsoft Windows Media Foundation Out-Of-Bounds Write Remote Code Execution Vulnerability,,Microsoft,2020-03-05,2020-06-09,96
ZDI-20-695,ZDI-CAN-10654,Microsoft,CVE-2020-1238,8.8,2020-06-09,,Microsoft Windows Media Foundation Out-Of-Bounds Write Remote Code Execution Vulnerability,,Microsoft,2020-03-03,2020-06-09,98
ZDI-20-694,ZDI-CAN-10589,Microsoft,CVE-2020-1181,8.8,2020-06-09,,Microsoft SharePoint Server Web Part Remote Code Execution Vulnerability,,Microsoft,2020-03-03,2020-06-09,98
ZDI-20-693,ZDI-CAN-10512,Microsoft,CVE-2020-1232,4.3,2020-06-09,,Microsoft Windows Media Player DTS Stream Parsing Out-Of-Bounds Read Information Disclosure Vulnerability,,Microsoft,2020-02-20,2020-06-09,110
ZDI-20-692,ZDI-CAN-10033,Microsoft,CVE-2020-1207,8.8,2020-06-09,,Microsoft Windows win32kfull PDEVOBJ Use-After-Free Privilege Escalation Vulnerability,,Microsoft,2020-02-11,2020-06-09,119
ZDI-20-683,ZDI-CAN-10077,Apple,CVE-2020-9841,5.3,2020-05-28,,Apple macOS SkyLight Integer Overflow Privilege Escalation Vulnerability,,Apple,2020-03-18,2020-05-28,71
ZDI-20-682,ZDI-CAN-10504,Apple,CVE-2020-9800,8.8,2020-05-28,,Apple Safari HasIndexedProperty Type Confusion Remote Code Execution Vulnerability,,Apple,2020-02-26,2020-05-28,92
ZDI-20-681,ZDI-CAN-10777,Apple,CVE-2020-9839,7.8,2020-05-28,,(Pwn2Own) Apple macOS cfprefsd Time-Of-Check Time-Of-Use Privilege Escalation Vulnerability,,Apple,2020-05-27,2020-05-28,1
ZDI-20-680,ZDI-CAN-10775,Apple,CVE-2020-9856,5.3,2020-05-28,,(Pwn2Own) Apple macOS Core Virtual Machine Service Heap-based Buffer Overflow Vulnerability,,Apple,2020-05-27,2020-05-28,1
ZDI-20-679,ZDI-CAN-10774,Apple,CVE-2020-9801,5.3,2020-05-28,,(Pwn2Own) Apple Safari Symbolic Link Arbitrary Application Execution Vulnerability,,Apple,2020-05-27,2020-05-28,1
ZDI-20-674,ZDI-CAN-10652,Apple,CVE-2020-9815,7.8,2020-05-27,,Apple macOS AudioToolboxCore CAF File Parsing Out-Of-Bounds Write Remote Code Execution Vulnerability,,Apple,2020-04-28,2020-05-27,29
ZDI-20-673,ZDI-CAN-10651,Apple,CVE-2020-9816,7.8,2020-05-27,,Apple macOS libFontParser Font Parsing Out-Of-Bounds Write Remote Code Execution Vulnerability,,Apple,2020-04-07,2020-05-27,50
ZDI-20-672,ZDI-CAN-10773,Apple,CVE-2020-9850,7.3,2020-05-27,,(Pwn2Own) Apple Safari In Operator JIT Type Confusion Remote Code Execution Vulnerability,,Apple,2020-03-26,2020-05-27,62
ZDI-20-671,ZDI-CAN-10581,Apple,CVE-2020-9791,3.3,2020-05-27,,Apple macOS AudioToolboxCore AIFF File Parsing Out-Of-Bounds Read Information Disclosure Vulnerability,,Apple,2020-03-13,2020-05-27,75
ZDI-20-670,ZDI-CAN-10871,Adobe,CVE-2020-9617,3.3,2020-05-25,,Adobe Premiere Rush MOV File Parsing Out-Of-Bounds Read Information Disclosure Vulnerability,,Adobe,2020-04-09,2020-05-25,46
ZDI-20-669,ZDI-CAN-10867,Adobe,CVE-2020-9616,3.3,2020-05-25,,Adobe Premiere Pro MOV File Parsing Out-Of-Bounds Read Information Disclosure Vulnerability,,Adobe,2020-04-09,2020-05-25,46
ZDI-20-668,ZDI-CAN-10879,Adobe,CVE-2020-9586,7.8,2020-05-25,,Adobe Character Animator EPS BoundingBox Element Stack-based Buffer Overflow Remote Code Execution Vulnerability,,Adobe,2020-04-07,2020-05-25,48
ZDI-20-667,ZDI-CAN-10855,Adobe,CVE-2020-9618,3.3,2020-05-25,,Adobe Audition MOV File Parsing Out-Of-Bounds Read Information Disclosure Vulnerability,,Adobe,2020-04-08,2020-05-25,47
ZDI-20-666,ZDI-CAN-10037,Microsoft,,7.0,2020-05-19,2020-07-20,(0Day) Microsoft Windows WLAN Connection Profile Missing Authentication Privilege Escalation Vulnerability,,Microsoft,2020-01-21,2020-05-19,119
ZDI-20-665,ZDI-CAN-10016,Microsoft,CVE-2020-0916,7.0,2020-05-19,,(0Day) Microsoft Windows splwow64 Untrusted Pointer Dereference Privilege Escalation Vulnerability,,Microsoft,2019-12-26,2020-05-19,145
ZDI-20-664,ZDI-CAN-10012,Microsoft,CVE-2020-0915,2.5,2020-05-19,,(0Day) Microsoft Windows splwow64 Untrusted Pointer Dereference Information Disclosure Vulnerability,,Microsoft,2019-12-27,2020-05-19,144
ZDI-20-663,ZDI-CAN-9851,Microsoft,CVE-2020-0986,7.0,2020-05-19,,(0Day) Microsoft Windows splwow64 Untrusted Pointer Dereference Privilege Escalation Vulnerability,,Microsoft,2019-12-31,2020-05-19,140
ZDI-20-662,ZDI-CAN-10014,Microsoft,CVE-2020-0915,7.0,2020-05-19,,(0Day) Microsoft Windows splwow64 Untrusted Pointer Dereference Privilege Escalation Vulnerability,,Microsoft,2019-12-26,2020-05-19,145
ZDI-20-653,ZDI-CAN-10822,Adobe,CVE-2020-9612,7.0,2020-05-12,,Adobe Acrobat Reader DC JPEG2000 File Parsing Heap-based Buffer Overflow Remote Code Execution Vulnerability,,Adobe,2020-03-31,2020-05-12,42
ZDI-20-652,ZDI-CAN-10106,Adobe,CVE-2020-9597,7.8,2020-05-12,,Adobe Acrobat Reader DC JPEG File Parsing Out-Of-Bounds Write Remote Code Execution Vulnerability,,Adobe,2020-03-03,2020-05-12,70
ZDI-20-651,ZDI-CAN-10784,Adobe,CVE-2020-9606,7.3,2020-05-12,2020-08-18,(Pwn2Own) Adobe Acrobat Reader DC Field Use-After-Free Remote Code Execution Vulnerability,,Adobe,2020-03-25,2020-05-12,48
ZDI-20-648,ZDI-CAN-10124,Microsoft,CVE-2020-1102,8.8,2020-05-12,,Microsoft SharePoint Shared Forms Incomplete Blacklist Remote Code Execution Vulnerability,,Microsoft,2020-01-21,2020-05-12,112
ZDI-20-647,ZDI-CAN-10743,Microsoft,CVE-2020-0987,4.3,2020-05-12,,Microsoft Windows EMF EMR_SETDIBITSTODEVICE Out-Of-Bounds Read Information Disclosure Vulnerability,,Microsoft,2020-03-31,2020-05-12,42
ZDI-20-646,ZDI-CAN-10785,Microsoft,CVE-2020-1135,8.8,2020-05-12,,(Pwn2Own) Microsoft Windows DirectComposition SetReferenceArrayProperty Use-After-Free Privilege Escalation Vulnerability,,Microsoft,2020-04-28,2020-05-12,14
ZDI-20-645,ZDI-CAN-10397,Microsoft,CVE-2020-1062,8.8,2020-05-12,,Microsoft Internet Explorer JScript Garbage Collection Use-After-Free Remote Code Execution Vulnerability,,Microsoft,2020-02-26,2020-05-12,76
ZDI-20-644,ZDI-CAN-10566,Microsoft,CVE-2020-1126,8.8,2020-05-12,,Microsoft Windows Media Player HEVC Stream Parsing Out-Of-Bounds Write Remote Code Execution Vulnerability,,Microsoft,2020-02-26,2020-05-12,76
ZDI-20-643,ZDI-CAN-10569,Microsoft,CVE-2020-1126,8.8,2020-05-12,,Microsoft Windows Media Player HEVC Stream Parsing Out-Of-Bounds Write Remote Code Execution Vulnerability,,Microsoft,2020-02-26,2020-05-12,76
ZDI-20-642,ZDI-CAN-10516,Microsoft,CVE-2020-1028,8.8,2020-05-12,,Microsoft Windows Media Player HEVC Stream Parsing Stack-based Buffer Overflow Remote Code Execution Vulnerability,,Microsoft,2020-02-20,2020-05-12,82
ZDI-20-641,ZDI-CAN-10381,Microsoft,CVE-2020-1096,9.6,2020-05-12,,Microsoft Windows PDF Library DirectWrite Use-After-Free Remote Code Execution Vulnerability,,Microsoft,2020-02-10,2020-05-12,92
ZDI-20-640,ZDI-CAN-10039,Microsoft,CVE-2020-1051,7.8,2020-05-12,,Microsoft Windows JET Database Engine Memory Corruption Remote Code Execution Vulnerability,,Microsoft,2020-01-28,2020-05-12,105
ZDI-20-639,ZDI-CAN-10103,Microsoft,CVE-2020-1150,7.5,2020-05-12,,Microsoft Internet Explorer CWMPErrorDlg Use-After-Free Remote Code Execution Vulnerability,,Microsoft,2020-01-10,2020-05-12,123
ZDI-20-638,ZDI-CAN-10064,Microsoft,CVE-2020-1176,7.8,2020-05-12,,Microsoft Windows JET Database Engine Memory Corruption Remote Code Execution Vulnerability,,Microsoft,2019-12-26,2020-05-12,138
ZDI-20-637,ZDI-CAN-10056,Microsoft,CVE-2020-1174,7.8,2020-05-12,,Microsoft Windows JET Database Engine Memory Corruption Remote Code Execution Vulnerability,,Microsoft,2019-12-26,2020-05-12,138
ZDI-20-636,ZDI-CAN-10060,Microsoft,CVE-2020-1175,7.8,2020-05-12,,Microsoft Windows JET Database Engine Memory Corruption Remote Code Execution Vulnerability,,Microsoft,2019-12-26,2020-05-12,138
ZDI-20-587,ZDI-CAN-9859,Apple,CVE-2020-3915,7.8,2020-05-06,,Apple macOS printtool Daemon Improper Input Validation Privilege Escalation Vulnerability,,Apple,2019-12-06,2020-05-06,152
ZDI-20-580,ZDI-CAN-10035,Adobe,CVE-2020-9568,7.8,2020-04-30,,Adobe Bridge DCM File Parsing Memory Corruption Remote Code Execution Vulnerability,,Adobe,2020-01-10,2020-04-30,111
ZDI-20-579,ZDI-CAN-10090,Adobe,CVE-2020-3765,7.8,2020-04-30,2020-07-20,Adobe After Effects MP4 File Parsing Out-Of-Bounds Write Remote Code Execution Vulnerability,,Adobe,2020-01-07,2020-04-30,114
ZDI-20-578,ZDI-CAN-10402,Microsoft,CVE-2020-0744,3.3,2020-04-30,,Microsoft Windows user32 DIB Scaling Out-Of-Bounds Read Information Disclosure Vulnerability,,Microsoft,2020-01-30,2020-04-30,91
ZDI-20-569,ZDI-CAN-10018,Adobe,CVE-2020-9553,3.3,2020-04-30,,Adobe Bridge TIF File Parsing Out-Of-Bounds Read Information Disclosure Vulnerability,,Adobe,2019-12-27,2020-04-30,125
ZDI-20-568,ZDI-CAN-10048,Adobe,CVE-2020-9565,7.8,2020-04-28,,Adobe Bridge PostScript callothersubr Command Out-Of-Bounds Write Remote Code Execution Vulnerability,,Adobe,2020-01-07,2020-04-28,112
ZDI-20-567,ZDI-CAN-10066,Adobe,CVE-2020-9567,3.3,2020-04-28,,Adobe Bridge TTF File Parsing Use-After-Free Information Disclosure Vulnerability,,Adobe,2020-01-10,2020-04-28,109
ZDI-20-566,ZDI-CAN-10067,Adobe,CVE-2020-9554,7.8,2020-04-28,,Adobe Bridge GIF File Parsing Out-Of-Bounds Write Remote Code Execution Vulnerability,,Adobe,2020-01-08,2020-04-28,111
ZDI-20-565,ZDI-CAN-10052,Adobe,CVE-2020-9555,7.8,2020-04-28,2021-03-02,Adobe Bridge EPS BoundingBox Element Stack-based Buffer Overflow Remote Code Execution Vulnerability,,Adobe,2020-01-08,2020-04-28,111
ZDI-20-564,ZDI-CAN-10049,Adobe,CVE-2020-9556,7.8,2020-04-28,2021-03-02,Adobe Bridge PostScript put Command Out-Of-Bounds Write Remote Code Execution Vulnerability,,Adobe,2020-01-08,2020-04-28,111
ZDI-20-563,ZDI-CAN-10040,Adobe,CVE-2020-9557,7.8,2020-04-28,,Adobe Bridge PostScript blend Command Out-Of-Bounds Read Remote Code Execution Vulnerability,,Adobe,2020-01-08,2020-04-28,111
ZDI-20-562,ZDI-CAN-10041,Adobe,CVE-2020-9558,3.3,2020-04-28,,Adobe Bridge PostScript File Parsing Out-Of-Bounds Read Information Disclosure Vulnerability,,Adobe,2020-01-07,2020-04-28,112
ZDI-20-561,ZDI-CAN-10042,Adobe,CVE-2020-9560,7.8,2020-04-28,,Adobe Bridge PostScript drop Command Out-Of-Bounds Write Remote Code Execution Vulnerability,,Adobe,2020-01-07,2020-04-28,112
ZDI-20-560,ZDI-CAN-10043,Adobe,CVE-2020-9559,7.8,2020-04-28,,Adobe Bridge PostScript load Command Out-Of-Bounds Write Remote Code Execution Vulnerability,,Adobe,2020-01-07,2020-04-28,112
ZDI-20-559,ZDI-CAN-10044,Adobe,CVE-2020-9561,7.8,2020-04-28,,Adobe Bridge PostScript callothersubr Command Out-Of-Bounds Write Remote Code Execution Vulnerability,,Adobe,2020-01-07,2020-04-28,112
ZDI-20-558,ZDI-CAN-10045,Adobe,CVE-2020-9562,7.8,2020-04-28,,Adobe Bridge PCX File Parsing Heap-based Buffer Overflow Remote Code Execution Vulnerability,,Adobe,2020-01-07,2020-04-28,112
ZDI-20-557,ZDI-CAN-10046,Adobe,CVE-2020-9563,7.8,2020-04-28,,Adobe Bridge PostScript CharString Directory Heap-based Buffer Overflow Remote Code Execution Vulnerability,,Adobe,2020-01-07,2020-04-28,112
ZDI-20-556,ZDI-CAN-10047,Adobe,CVE-2020-9564,7.8,2020-04-28,,Adobe Bridge PostScript hsbw Command Out-Of-Bounds Write Remote Code Execution Vulnerability,,Adobe,2020-01-07,2020-04-28,112
ZDI-20-555,ZDI-CAN-10109,Adobe,CVE-2020-9569,7.8,2020-04-28,,Adobe Bridge TIF File Parsing Out-Of-Bounds Write Remote Code Execution Vulnerability,,Adobe,2020-01-10,2020-04-28,109
ZDI-20-554,ZDI-CAN-10094,Adobe,CVE-2020-9566,7.8,2020-04-28,,Adobe Bridge PostScript File Parsing Use-After-Free Remote Code Execution Vulnerability,,Adobe,2020-01-07,2020-04-28,112
ZDI-20-552,ZDI-CAN-10378,Microsoft,CVE-2020-0744,3.3,2020-04-23,,Microsoft Windows gdi32full StretchDIBitsImpl Out-Of-Bounds Read Information Disclosure Vulnerability,,Microsoft,2020-01-28,2020-04-23,86
ZDI-20-470,ZDI-CAN-10638,Microsoft,CVE-2020-0906,7.8,2020-04-15,,Microsoft Excel XLS File Use-After-Free Remote Code Execution Vulnerability,,Microsoft,2020-03-05,2020-04-15,41
ZDI-20-469,ZDI-CAN-10140,Microsoft,CVE-2020-0906,3.3,2020-04-15,,Microsoft Excel XLSM File Use-After-Free Information Disclosure Vulnerability,,Microsoft,2020-02-10,2020-04-15,65
ZDI-20-468,ZDI-CAN-10027,Microsoft,CVE-2020-0932,8.8,2020-04-15,2020-10-27,Microsoft SharePoint TypeConverter Deserialization of Untrusted Data Remote Code Execution Vulnerability,,Microsoft,2020-02-07,2020-04-15,68
ZDI-20-467,ZDI-CAN-10403,Microsoft,CVE-2020-0821,3.3,2020-04-15,,Microsoft Windows user32 Icon Extraction Out-Of-Bounds Read Information Disclosure Vulnerability,,Microsoft,2020-01-30,2020-04-15,76
ZDI-20-466,ZDI-CAN-10054,Microsoft,CVE-2020-0953,7.8,2020-04-15,,Microsoft Windows JET Database Engine Memory Corruption Remote Code Execution Vulnerability,,Microsoft,2020-01-30,2020-04-15,76
ZDI-20-465,ZDI-CAN-10089,Microsoft,CVE-2020-0931,8.8,2020-04-15,,Microsoft SharePoint Scorecards Deserialization of Untrusted Data Remote Code Execution Vulnerability,,Microsoft,2020-01-17,2020-04-15,89
ZDI-20-464,ZDI-CAN-10062,Microsoft,CVE-2020-0960,7.8,2020-04-15,,Microsoft Windows JET Database Engine Memory Corruption Remote Code Execution Vulnerability,,Microsoft,2020-01-10,2020-04-15,96
ZDI-20-463,ZDI-CAN-10061,Microsoft,CVE-2020-0959,7.8,2020-04-15,,Microsoft Windows JET Database Engine Out-Of-Bounds Write Remote Code Execution Vulnerability,,Microsoft,2020-01-10,2020-04-15,96
ZDI-20-462,ZDI-CAN-10058,Microsoft,CVE-2020-0953,7.8,2020-04-15,,Microsoft Windows JET Database Engine Out-Of-Bounds Write Remote Code Execution Vulnerability,,Microsoft,2020-01-10,2020-04-15,96
ZDI-20-461,ZDI-CAN-10063,Microsoft,CVE-2020-0992,7.8,2020-04-15,,Microsoft Windows JET Database Engine Memory Corruption Remote Code Execution Vulnerability,,Microsoft,2020-01-08,2020-04-15,98
ZDI-20-460,ZDI-CAN-9968,Microsoft,CVE-2020-0992,7.0,2020-04-15,,Microsoft Windows JET Database Engine Integer Underflow Remote Code Execution Vulnerability,,Microsoft,2020-01-08,2020-04-15,98
ZDI-20-459,ZDI-CAN-9934,Microsoft,CVE-2020-0956,8.8,2020-04-15,,Microsoft Windows Palette Object Use-After-Free Privilege Escalation Vulnerability,,Microsoft,2020-01-03,2020-04-15,103
ZDI-20-458,ZDI-CAN-10057,Microsoft,CVE-2020-0988,7.8,2020-04-15,,Microsoft Windows JET Database Engine Stack-based Buffer Overflow Remote Code Execution Vulnerability,,Microsoft,2019-12-26,2020-04-15,111
ZDI-20-457,ZDI-CAN-10059,Microsoft,CVE-2020-0994,7.8,2020-04-15,,Microsoft Windows JET Database Engine Out-Of-Bounds Write Remote Code Execution Vulnerability,,Microsoft,2019-12-26,2020-04-15,111
ZDI-20-456,ZDI-CAN-9748,Microsoft,CVE-2020-0821,3.3,2020-04-15,,Microsoft Windows KERNELBASE Out-Of-Bounds Read Information Disclosure Vulnerability,,Microsoft,2019-12-03,2020-04-15,134
ZDI-20-455,ZDI-CAN-10068,Adobe,CVE-2020-3809,3.3,2020-04-15,,Adobe After Effects TIF File Parsing Out-Of-Bounds Read Information Disclosure Vulnerability,,Adobe,2019-12-31,2020-04-15,106
ZDI-20-372,ZDI-CAN-9598,Adobe,CVE-2020-3766,7.8,2020-04-07,,Adobe Acrobat Pro DC Genuine Software Service Incorrect Permission Assignment Privilege Escalation Vulnerability,,Adobe,2019-12-13,2020-04-07,116
ZDI-20-341,ZDI-CAN-9855,Apple,CVE-2020-3897,6.3,2020-03-26,,Apple Safari Object Transition Cache Type Confusion Remote Code Execution Vulnerability,,Apple,2019-12-19,2020-03-26,98
ZDI-20-332,ZDI-CAN-9808,Adobe,CVE-2020-3764,7.8,2020-03-24,,Adobe Media Encoder CC MP4 File Parsing Out-Of-Bounds Write Remote Code Execution Vulnerability,,Adobe,2019-12-31,2020-03-24,84
ZDI-20-331,ZDI-CAN-10070,Adobe,CVE-2020-3764,7.8,2020-03-24,,Adobe Media Encoder 3GP File Parsing Out-Of-Bounds Write Remote Code Execution Vulnerability,,Adobe,2020-01-10,2020-03-24,74
ZDI-20-330,ZDI-CAN-10126,Adobe,CVE-2020-3802,7.8,2020-03-19,,Adobe Acrobat Reader DC XFA Template Use-After-Free Remote Code Execution Vulnerability,,Adobe,2020-02-05,2020-03-19,43
ZDI-20-329,ZDI-CAN-9984,Adobe,CVE-2020-9552,7.8,2020-03-19,,Adobe Bridge XD File Parsing Heap-based Buffer Overflow Remote Code Execution Vulnerability,,Adobe,2019-12-19,2020-03-19,91
ZDI-20-328,ZDI-CAN-9705,Adobe,CVE-2020-9551,7.8,2020-03-19,,Adobe Bridge CC GIF File Parsing Out-Of-Bounds Write Remote Code Execution Vulnerability,,Adobe,2019-12-06,2020-03-19,104
ZDI-20-327,ZDI-CAN-9599,Adobe,CVE-2020-3766,8.4,2020-03-19,,Adobe Acrobat Pro DC Genuine Software Service Incorrect Permission Assignment Privilege Escalation Vulnerability,,Adobe,2019-12-04,2020-03-19,106
ZDI-20-326,ZDI-CAN-9597,Adobe,CVE-2020-3766,8.4,2020-03-19,,Adobe Acrobat Pro DC Genuine Software Service Incorrect Permission Assignment Privilege Escalation Vulnerability,,Adobe,2019-12-04,2020-03-19,106
ZDI-20-325,ZDI-CAN-9484,Adobe,CVE-2020-3791,3.3,2020-03-19,,Adobe Photoshop Type 1 Font Parsing Charstring Out-of-Bounds Read Information Disclosure Vulnerability,,Adobe,2020-01-21,2020-03-19,58
ZDI-20-324,ZDI-CAN-10034,Adobe,CVE-2020-3790,7.8,2020-03-19,,Adobe Photoshop DCM File Parsing Memory Corruption Remote Code Execution Vulnerability,,Adobe,2020-01-10,2020-03-19,69
ZDI-20-323,ZDI-CAN-10050,Adobe,CVE-2020-3782,3.3,2020-03-19,,Adobe Photoshop TIF File Parsing Out-Of-Bounds Read Information Disclosure Vulnerability,,Adobe,2020-01-08,2020-03-19,71
ZDI-20-322,ZDI-CAN-10051,Adobe,CVE-2020-3781,3.3,2020-03-19,,Adobe Photoshop TIF File Parsing Out-Of-Bounds Read Information Disclosure Vulnerability,,Adobe,2020-01-08,2020-03-19,71
ZDI-20-321,ZDI-CAN-10053,Adobe,CVE-2020-3780,7.8,2020-03-19,,Adobe Photoshop EPS BoundingBox Element Stack-based Buffer Overflow Remote Code Execution Vulnerability,,Adobe,2020-01-08,2020-03-19,71
ZDI-20-320,ZDI-CAN-10065,Adobe,CVE-2020-3779,7.8,2020-03-19,,Adobe Photoshop GIF File Parsing Out-Of-Bounds Write Remote Code Execution Vulnerability,,Adobe,2020-01-08,2020-03-19,71
ZDI-20-319,ZDI-CAN-10019,Adobe,CVE-2020-3778,3.3,2020-03-19,,Adobe Photoshop TIF File Parsing Out-Of-Bounds Read Information Disclosure Vulnerability,,Adobe,2019-12-27,2020-03-19,83
ZDI-20-318,ZDI-CAN-9989,Adobe,CVE-2020-3773,7.8,2020-03-19,,Adobe Photoshop U3D File Parsing Out-Of-Bounds Write Remote Code Execution Vulnerability,,Adobe,2019-12-19,2020-03-19,91
ZDI-20-317,ZDI-CAN-10013,Adobe,CVE-2020-3772,7.8,2020-03-19,,Adobe Photoshop U3D File Parsing Heap-based Buffer Overflow Remote Code Execution Vulnerability,,Adobe,2019-12-19,2020-03-19,91
ZDI-20-316,ZDI-CAN-9809,Adobe,CVE-2020-3771,3.3,2020-03-19,,Adobe Photoshop DCM Parsing Out-Of-Bounds Read Information Disclosure Vulnerability,,Adobe,2019-12-17,2020-03-19,93
ZDI-20-315,ZDI-CAN-9926,Adobe,CVE-2020-3770,7.8,2020-03-19,,Adobe Photoshop PCX File Parsing Heap-based Buffer Overflow Remote Code Execution Vulnerability,,Adobe,2019-12-17,2020-03-19,93
ZDI-20-313,ZDI-CAN-10131,Microsoft,,7.8,2020-03-18,,Microsoft Windows AppX Deployment Service Hard Link Privilege Escalation Vulnerability,,Microsoft,2020-02-26,2020-03-18,21
ZDI-20-285,ZDI-CAN-10525,Microsoft,CVE-2020-0807,8.8,2020-03-12,,Microsoft Windows Media Player AVI Parsing Out-Of-Bounds Write Remote Code Execution Vulnerability,,Microsoft,2020-02-20,2020-03-12,21
ZDI-20-284,ZDI-CAN-9959,Microsoft,CVE-2020-0851,7.8,2020-03-12,,Microsoft Word HTML Rendering Use-After-Free Remote Code Execution Vulnerability,,Microsoft,2020-01-10,2020-03-12,62
ZDI-20-283,ZDI-CAN-9875,Microsoft,CVE-2020-0887,8.8,2020-03-12,,Microsoft Windows Printer Device Context Use-After-Free Privilege Escalation Vulnerability,,Microsoft,2019-12-26,2020-03-12,77
ZDI-20-282,ZDI-CAN-9691,Microsoft,CVE-2020-0841,6.1,2020-03-12,,Microsoft Windows DiagTrack Service Hard Link Denial-of-Service Vulnerability,,Microsoft,2019-11-28,2020-03-12,105
ZDI-20-281,ZDI-CAN-9502,Microsoft,CVE-2020-0840,7.8,2020-03-12,,Microsoft Windows AppX Deployment Service Hard Link Escalation of Privilege Vulnerability,,Microsoft,2019-11-28,2020-03-12,105
ZDI-20-280,ZDI-CAN-9858,Microsoft,CVE-2020-0788,8.8,2020-03-12,,Microsoft Windows CreateXlateObject Out-Of-Bounds Write Privilege Escalation Vulnerability,,Microsoft,2019-11-28,2020-03-12,105
ZDI-20-279,ZDI-CAN-9857,Microsoft,CVE-2020-0788,8.8,2020-03-12,,Microsoft Windows CreateXlateObject Out-Of-Bounds Write Privilege Escalation Vulnerability,,Microsoft,2019-11-28,2020-03-12,105
ZDI-20-278,ZDI-CAN-9856,Microsoft,CVE-2020-0788,8.8,2020-03-12,,Microsoft Windows ulGetNearestIndexFromColorref Out-Of-Bounds Write Privilege Escalation Vulnerability,,Microsoft,2019-11-28,2020-03-12,105
ZDI-20-277,ZDI-CAN-9473,Microsoft,CVE-2020-0776,6.1,2020-03-12,,Microsoft Windows AppX Deployment Service Link Resolution Denial-of-Service Vulnerability,,Microsoft,2019-11-28,2020-03-12,105
ZDI-20-259,ZDI-CAN-10076,Microsoft,CVE-2020-0792,8.8,2020-02-20,,Microsoft Windows NtUserResolveDesktopForWOW Heap-based Buffer Overflow Privilege Escalation Vulnerability,,Microsoft,2020-01-14,2020-02-20,37
ZDI-20-258,ZDI-CAN-9615,Microsoft,CVE-2020-0688,8.8,2020-02-20,,Microsoft Exchange Server Exchange Control Panel Fixed Cryptographic Key Remote Code Execution Vulnerability,,Microsoft,2019-11-26,2020-02-20,86
ZDI-20-257,ZDI-CAN-9538,Microsoft,CVE-2020-0668,7.8,2020-02-20,2020-03-09,Microsoft Windows Service Tracing Arbitrary File Move Privilege Escalation Vulnerability,,Microsoft,2019-11-28,2020-02-20,84
ZDI-20-251,ZDI-CAN-9454,Adobe,CVE-2020-3740,7.8,2020-02-12,,Adobe FrameMaker TIF File Parsing Memory Corruption Remote Code Execution Vulnerability,,Adobe,2019-12-03,2020-02-12,71
ZDI-20-250,ZDI-CAN-9453,Adobe,CVE-2020-3739,7.8,2020-02-12,,Adobe FrameMaker IFF File Parsing Memory Corruption Remote Code Execution Vulnerability,,Adobe,2019-12-03,2020-02-12,71
ZDI-20-249,ZDI-CAN-9617,Adobe,CVE-2020-3748,7.8,2020-02-12,,Adobe Acrobat Reader DC Annotation Use-After-Free Remote Code Execution Vulnerability,,Adobe,2019-12-03,2020-02-12,71
ZDI-20-248,ZDI-CAN-9432,Adobe,CVE-2020-3738,7.8,2020-02-12,,Adobe FrameMaker TIF File Parsing Type Confusion Remote Code Execution Vulnerability,,Adobe,2019-11-19,2020-02-12,85
ZDI-20-247,ZDI-CAN-9436,Adobe,CVE-2020-3737,7.8,2020-02-12,,Adobe FrameMaker TIF File Parsing Out-Of-Bounds Write Remote Code Execution Vulnerability,,Adobe,2019-11-19,2020-02-12,85
ZDI-20-246,ZDI-CAN-9445,Adobe,CVE-2020-3736,7.8,2020-02-12,,Adobe FrameMaker GIF File Parsing Out-Of-Bounds Write Remote Code Execution Vulnerability,,Adobe,2019-11-19,2020-02-12,85
ZDI-20-245,ZDI-CAN-9446,Adobe,CVE-2020-3735,7.8,2020-02-12,,Adobe FrameMaker PSD File Parsing Heap-based Buffer Overflow Remote Code Execution Vulnerability,,Adobe,2019-11-19,2020-02-12,85
ZDI-20-244,ZDI-CAN-9447,Adobe,CVE-2020-3734,7.8,2020-02-12,,Adobe FrameMaker TGA File Parsing Stack-based Buffer Overflow Remote Code Execution Vulnerability,,Adobe,2019-11-19,2020-02-12,85
ZDI-20-243,ZDI-CAN-9442,Adobe,CVE-2020-3733,7.8,2020-02-12,,Adobe FrameMaker BMP File Parsing Out-Of-Bounds Write Remote Code Execution Vulnerability,,Adobe,2019-11-14,2020-02-12,90
ZDI-20-242,ZDI-CAN-9444,Adobe,CVE-2020-3732,7.8,2020-02-12,,Adobe FrameMaker IFF File Parsing Out-Of-Bounds Write Remote Code Execution Vulnerability,,Adobe,2019-10-31,2020-02-12,104
ZDI-20-241,ZDI-CAN-9443,Adobe,CVE-2020-3731,7.8,2020-02-12,,Adobe FrameMaker CEL File Parsing Heap-based Buffer Overflow Remote Code Execution Vulnerability,,Adobe,2019-10-31,2020-02-12,104
ZDI-20-240,ZDI-CAN-9439,Adobe,CVE-2020-3730,7.8,2020-02-12,,Adobe FrameMaker RGB File Parsing Out-Of-Bounds Write Remote Code Execution Vulnerability,,Adobe,2019-10-31,2020-02-12,104
ZDI-20-239,ZDI-CAN-9430,Adobe,CVE-2020-3729,7.8,2020-02-12,,Adobe FrameMaker PCX File Parsing Out-Of-Bounds Write Remote Code Execution Vulnerability,,Adobe,2019-10-24,2020-02-12,111
ZDI-20-238,ZDI-CAN-9435,Adobe,CVE-2020-3728,7.8,2020-02-12,,Adobe FrameMaker PIC File Parsing Out-Of-Bounds Write Remote Code Execution Vulnerability,,Adobe,2019-10-24,2020-02-12,111
ZDI-20-237,ZDI-CAN-9437,Adobe,CVE-2020-3727,7.8,2020-02-12,,Adobe FrameMaker PSD File Parsing Out-Of-Bounds Write Remote Code Execution Vulnerability,,Adobe,2019-10-24,2020-02-12,111
ZDI-20-236,ZDI-CAN-9438,Adobe,CVE-2020-3726,7.8,2020-02-12,,Adobe FrameMaker BMP File Parsing Out-Of-Bounds Write Remote Code Execution Vulnerability,,Adobe,2019-10-24,2020-02-12,111
ZDI-20-235,ZDI-CAN-9440,Adobe,CVE-2020-3725,7.8,2020-02-12,,Adobe FrameMaker RGB File Parsing Out-Of-Bounds Write Remote Code Execution Vulnerability,,Adobe,2019-10-24,2020-02-12,111
ZDI-20-234,ZDI-CAN-9441,Adobe,CVE-2020-3724,7.8,2020-02-12,,Adobe FrameMaker RGB File Parsing Out-Of-Bounds Write Remote Code Execution Vulnerability,,Adobe,2019-10-24,2020-02-12,111
ZDI-20-233,ZDI-CAN-9429,Adobe,CVE-2020-3723,7.8,2020-02-12,,Adobe FrameMaker TGA File Parsing Out-Of-Bounds Write Remote Code Execution Vulnerability,,Adobe,2019-10-22,2020-02-12,113
ZDI-20-232,ZDI-CAN-9431,Adobe,CVE-2020-3722,7.8,2020-02-12,,Adobe FrameMaker BMP File Parsing Out-Of-Bounds Write Remote Code Execution Vulnerability,,Adobe,2019-10-22,2020-02-12,113
ZDI-20-231,ZDI-CAN-9433,Adobe,CVE-2020-3721,7.8,2020-02-12,,Adobe FrameMaker TGA File Parsing Out-Of-Bounds Write Remote Code Execution Vulnerability,,Adobe,2019-10-22,2020-02-12,113
ZDI-20-230,ZDI-CAN-9434,Adobe,CVE-2020-3720,7.8,2020-02-12,,Adobe FrameMaker PIC File Parsing Out-Of-Bounds Write Remote Code Execution Vulnerability,,Adobe,2019-10-22,2020-02-12,113
ZDI-20-216,ZDI-CAN-9383,Apple,CVE-2020-3877,7.5,2020-02-11,,Apple Messages HandwritingProvider Out-Of-Bounds Read Information Disclosure Vulnerability,,Apple,2019-10-29,2020-02-11,105
ZDI-20-215,ZDI-CAN-9595,Apple,CVE-2020-3839,7.1,2020-02-11,,Apple macOS IO80211Family Stack-based Buffer Overflow Information Disclosure Vulnerability,,Apple,2019-12-17,2020-02-11,56
ZDI-20-199,ZDI-CAN-9549,Google,CVE-2019-14088,7.8,2020-02-07,,Google Android V4l2 cam_actuator_driver_cmd Use-After-Free Privilege Escalation Vulnerability,,Google,2019-10-18,2020-02-07,112
ZDI-20-145,ZDI-CAN-9401,Adobe,CVE-2019-16451,7.8,2020-02-03,,Adobe Acrobat Pro DC TTF Font Parsing Out-Of-Bounds Write Remote Code Execution Vulnerability,,Adobe,2019-12-03,2020-02-03,62
ZDI-20-144,ZDI-CAN-9399,Apple,CVE-2019-8835,4.3,2020-01-27,,Apple Safari SimpleLineLayout Use-After-Free Information Disclosure Vulnerability,,Apple,2019-09-27,2020-01-27,122
ZDI-20-143,ZDI-CAN-9969,Microsoft,CVE-2020-0635,7.8,2020-01-17,,Microsoft Windows WIA Junction Privilege Escalation Vulnerability,,Microsoft,2020-01-10,2020-01-17,7
ZDI-20-127,ZDI-CAN-9427,Microsoft,CVE-2020-0652,7.8,2020-01-15,,Microsoft Office Graph Stack-based Buffer Overflow Remote Code Execution Vulnerability,,Microsoft,2019-11-12,2020-01-15,64
ZDI-20-125,ZDI-CAN-9382,Microsoft,CVE-2020-0634,8.8,2020-01-15,,Microsoft Windows CLFS Use-After-Free Privilege Escalation Vulnerability,,Microsoft,2019-10-08,2020-01-15,99
ZDI-20-124,ZDI-CAN-9377,Microsoft,CVE-2020-0616,7.3,2020-01-15,,Microsoft Windows Device Management Enrollment Service Hard Link Denial-of-Service Vulnerability,,Microsoft,2019-10-03,2020-01-15,104
ZDI-20-123,ZDI-CAN-9423,Microsoft,CVE-2020-0615,8.4,2020-01-15,,Microsoft Windows CLFS Driver Out-Of-Bounds Read Information Disclosure Vulnerability,,Microsoft,2019-10-01,2020-01-15,106
ZDI-20-122,ZDI-CAN-9421,Microsoft,CVE-2020-0639,8.4,2020-01-15,,Microsoft Windows CLFS Driver Integer Overflow Information Disclosure Vulnerability,,Microsoft,2019-10-01,2020-01-15,106
ZDI-20-002,ZDI-CAN-9608,Microsoft,,3.1,2020-01-02,,(0Day) Microsoft Outlook HTML Uninitialized Memory Information Disclosure Vulnerability,,Microsoft,2019-12-17,2020-01-02,16
ZDI-20-001,ZDI-CAN-8185,Microsoft,,4.3,2020-01-02,,(0Day) Microsoft Windows Media Player Mpeg Audio Codec Out-Of-Bounds Read Information Disclosure Vulnerability,,Microsoft,2019-08-13,2020-01-02,142
ZDI-21-1595,ZDI-CAN-14189,Microsoft,CVE-2021-41365,8.8,2021-12-23,,Microsoft Azure Defender for IoT maintenanceWindow Endpoint SQL Injection Privilege Escalation Vulnerability,,Microsoft,2021-09-16,2021-12-23,98
ZDI-21-1588,ZDI-CAN-15270,Adobe,CVE-2021-44696,3.3,2021-12-21,,Adobe Prelude JPEG File Parsing Out-Of-Bounds Read Information Disclosure Vulnerability,,Adobe,2021-09-15,2021-12-21,97
ZDI-21-1587,ZDI-CAN-15278,Adobe,CVE-2021-43030,3.3,2021-12-21,,Adobe Premiere Rush MP4 File Parsing Uninitialized Variable Information Disclosure Vulnerability,,Adobe,2021-09-15,2021-12-21,97
ZDI-21-1586,ZDI-CAN-15268,Adobe,CVE-2021-40795,7.8,2021-12-21,,Adobe Premiere Pro 3GP File Parsing Out-Of-Bounds Read Remote Code Execution Vulnerability,,Adobe,2021-09-15,2021-12-21,97
ZDI-21-1585,ZDI-CAN-15267,Adobe,CVE-2021-40790,3.3,2021-12-21,,Adobe Premiere Pro MOV File Parsing Use-After-Free Information Disclosure Vulnerability,,Adobe,2021-09-15,2021-12-21,97
ZDI-21-1584,ZDI-CAN-15265,Adobe,CVE-2021-43751,3.3,2021-12-21,,Adobe Premiere Pro MP4 File Parsing Out-Of-Bounds Read Information Disclosure Vulnerability,,Adobe,2021-09-15,2021-12-21,97
ZDI-21-1583,ZDI-CAN-15264,Adobe,CVE-2021-42265,3.3,2021-12-21,,Adobe Premiere Pro MP4 File Parsing Out-Of-Bounds Read Information Disclosure Vulnerability,,Adobe,2021-09-15,2021-12-21,97
ZDI-21-1582,ZDI-CAN-15243,Adobe,CVE-2021-40791,3.3,2021-12-21,,Adobe Premiere Pro JPEG File Parsing Out-Of-Bounds Read Information Disclosure Vulnerability,,Adobe,2021-09-15,2021-12-21,97
ZDI-21-1581,ZDI-CAN-15242,Adobe,CVE-2021-43753,3.3,2021-12-21,,Adobe Photoshop Lightroom TIF File Parsing Use-After-Free Information Disclosure Vulnerability,,Adobe,2021-09-15,2021-12-21,97
ZDI-21-1580,ZDI-CAN-15269,Adobe,CVE-2021-43759,3.3,2021-12-21,,Adobe Media Encoder MP4 File Parsing Out-Of-Bounds Read Information Disclosure Vulnerability,,Adobe,2021-09-15,2021-12-21,97
ZDI-21-1579,ZDI-CAN-15263,Adobe,CVE-2021-44699,3.3,2021-12-21,,Adobe Audition MP4 File Parsing Out-Of-Bounds Read Information Disclosure Vulnerability,,Adobe,2021-09-15,2021-12-21,97
ZDI-21-1578,ZDI-CAN-15262,Adobe,CVE-2021-44697,3.3,2021-12-21,,Adobe Audition MOV File Parsing Out-Of-Bounds Read Information Disclosure Vulnerability,,Adobe,2021-09-15,2021-12-21,97
ZDI-21-1577,ZDI-CAN-15261,Adobe,CVE-2021-44698,3.3,2021-12-21,,Adobe Audition MP4 File Parsing Out-Of-Bounds Read Information Disclosure Vulnerability,,Adobe,2021-09-15,2021-12-21,97
ZDI-21-1576,ZDI-CAN-15260,Adobe,CVE-2021-43757,7.8,2021-12-21,,Adobe Media Encoder 3GP File Parsing Out-Of-Bounds Read Remote Code Execution Vulnerability,,Adobe,2021-09-15,2021-12-21,97
ZDI-21-1575,ZDI-CAN-15259,Adobe,CVE-2021-43758,3.3,2021-12-21,,Adobe Media Encoder MP4 File Parsing Out-Of-Bounds Read Information Disclosure Vulnerability,,Adobe,2021-09-15,2021-12-21,97
ZDI-21-1574,ZDI-CAN-15258,Adobe,CVE-2021-43760,3.3,2021-12-21,,Adobe Media Encoder MOV File Parsing Out-Of-Bounds Read Information Disclosure Vulnerability,,Adobe,2021-09-15,2021-12-21,97
ZDI-21-1573,ZDI-CAN-15276,Adobe,CVE-2021-44182,3.3,2021-12-21,,Adobe Dimension SVG File Parsing Out-Of-Bounds Read Information Disclosure Vulnerability,,Adobe,2021-09-15,2021-12-21,97
ZDI-21-1572,ZDI-CAN-15252,Adobe,CVE-2021-44183,3.3,2021-12-21,,Adobe Dimension TIF File Parsing Out-Of-Bounds Read Information Disclosure Vulnerability,,Adobe,2021-09-15,2021-12-21,97
ZDI-21-1571,ZDI-CAN-15250,Adobe,CVE-2021-44180,7.8,2021-12-21,,Adobe Dimension PCX File Parsing Out-Of-Bounds Write Remote Code Execution Vulnerability,,Adobe,2021-09-15,2021-12-21,97
ZDI-21-1570,ZDI-CAN-15249,Adobe,CVE-2021-44181,7.8,2021-12-21,,Adobe Dimension GIF File Parsing Out-Of-Bounds Write Remote Code Execution Vulnerability,,Adobe,2021-09-15,2021-12-21,97
ZDI-21-1569,ZDI-CAN-15248,Adobe,CVE-2021-44179,7.8,2021-12-21,,Adobe Dimension GIF File Parsing Memory Corruption Remote Code Execution Vulnerability,,Adobe,2021-09-15,2021-12-21,97
ZDI-21-1568,ZDI-CAN-15281,Adobe,CVE-2021-44192,3.3,2021-12-21,,Adobe After Effects MOV File Parsing Out-Of-Bounds Read Information Disclosure Vulnerability,,Adobe,2021-09-15,2021-12-21,97
ZDI-21-1567,ZDI-CAN-15280,Adobe,CVE-2021-44194,3.3,2021-12-21,,Adobe After Effects 3GP File Parsing Out-Of-Bounds Read Information Disclosure Vulnerability,,Adobe,2021-09-15,2021-12-21,97
ZDI-21-1566,ZDI-CAN-15279,Adobe,CVE-2021-44193,3.3,2021-12-21,,Adobe After Effects MOV File Parsing Out-Of-Bounds Read Information Disclosure Vulnerability,,Adobe,2021-09-15,2021-12-21,97
ZDI-21-1565,ZDI-CAN-15257,Adobe,CVE-2021-44188,7.8,2021-12-21,,Adobe After Effects 3GP File Parsing Out-Of-Bounds Read Remote Code Execution Vulnerability,,Adobe,2021-09-15,2021-12-21,97
ZDI-21-1564,ZDI-CAN-15256,Adobe,CVE-2021-44191,3.3,2021-12-21,,Adobe After Effects MP4 File Parsing Out-Of-Bounds Read Information Disclosure Vulnerability,,Adobe,2021-09-15,2021-12-21,97
ZDI-21-1563,ZDI-CAN-15255,Adobe,CVE-2021-44190,3.3,2021-12-21,,Adobe After Effects MP4 File Parsing Out-Of-Bounds Read Information Disclosure Vulnerability,,Adobe,2021-09-15,2021-12-21,97
ZDI-21-1562,ZDI-CAN-15247,Adobe,CVE-2021-44195,3.3,2021-12-21,,Adobe After Effects JPEG File Parsing Out-Of-Bounds Read Information Disclosure Vulnerability,,Adobe,2021-09-15,2021-12-21,97
ZDI-21-1561,ZDI-CAN-15229,Adobe,CVE-2021-43763,3.3,2021-12-21,,Adobe Dimension TIF File Parsing Out-Of-Bounds Read Information Disclosure Vulnerability,,Adobe,2021-09-10,2021-12-21,102
ZDI-21-1560,ZDI-CAN-15147,Adobe,CVE-2021-43018,7.8,2021-12-21,,Adobe Photoshop JPEG2000 Parsing Out-Of-Bounds Write Remote Code Execution Vulnerability,,Adobe,2021-09-10,2021-12-21,102
ZDI-21-1559,ZDI-CAN-15149,Adobe,CVE-2021-44189,3.3,2021-12-21,,Adobe After Effects JPEG2000 Parsing Use-After-Free Information Disclosure Vulnerability,,Adobe,2021-09-10,2021-12-21,102
ZDI-21-1558,ZDI-CAN-15042,Adobe,CVE-2021-43027,3.3,2021-12-21,,Adobe After Effects TIF File Parsing Out-Of-Bounds Read Information Disclosure Vulnerability,,Adobe,2021-09-01,2021-12-21,111
ZDI-21-1557,ZDI-CAN-13736,Adobe,CVE-2021-43746,3.3,2021-12-21,,Adobe Premiere Rush MP4 File Parsing Uninitialized Variable Information Disclosure Vulnerability,,Adobe,2021-04-30,2021-12-21,235
ZDI-21-1556,ZDI-CAN-14160,Microsoft,CVE-2021-42311,9.8,2021-12-21,,Microsoft Azure Defender for IoT update-handshake Endpoint SQL Injection Authentication Bypass Vulnerability,,Microsoft,2021-09-17,2021-12-21,95
ZDI-21-1555,ZDI-CAN-14159,Microsoft,CVE-2021-42313,9.8,2021-12-21,,Microsoft Azure Defender for IoT sync Endpoint SQL Injection Authentication Bypass Vulnerability,,Microsoft,2021-09-17,2021-12-21,95
ZDI-21-1554,ZDI-CAN-14456,Microsoft,CVE-2021-43247,8.8,2021-12-21,,Microsoft Windows tcpip.sys Heap-based Buffer Overflow Local Privilege Escalation Vulnerability,,Microsoft,2021-09-03,2021-12-21,109
ZDI-21-1553,ZDI-CAN-14728,Microsoft,CVE-2021-43882,9.8,2021-12-21,,Microsoft Azure Defender for IoT Improper Certificate Validation Authentication Bypass Vulnerability,,Microsoft,2021-10-08,2021-12-21,74
ZDI-21-1552,ZDI-CAN-14459,Microsoft,CVE-2021-41333,7.8,2021-12-21,,Microsoft Windows Print Spooler Link Following Privilege Escalation Vulnerability,,Microsoft,2021-08-10,2021-12-21,133
ZDI-21-1453,ZDI-CAN-15253,Adobe,CVE-2021-44185,3.3,2021-12-08,,Adobe Bridge RGB File Parsing Out-Of-Bounds Read Information Disclosure Vulnerability,,Adobe,2021-09-15,2021-12-08,84
ZDI-21-1452,ZDI-CAN-15322,Adobe,CVE-2021-44186,3.3,2021-12-08,,Adobe Bridge SGI File Parsing Out-Of-Bounds Read Information Disclosure Vulnerability,,Adobe,2021-09-24,2021-12-08,75
ZDI-21-1451,ZDI-CAN-15321,Adobe,CVE-2021-44187,3.3,2021-12-08,,Adobe Bridge SGI File Parsing Out-Of-Bounds Read Information Disclosure Vulnerability,,Adobe,2021-09-24,2021-12-08,75
ZDI-21-1369,ZDI-CAN-14977,Apple,CVE-2021-30910,3.3,2021-11-30,,Apple macOS ModelIO ABC File Parsing Out-Of-Bounds Read Information Disclosure Vulnerability,,Apple,2021-08-18,2021-11-30,104
ZDI-21-1368,ZDI-CAN-14605,Apple,CVE-2021-30905,3.3,2021-11-30,,Apple macOS AudioCodecs LOAS File Parsing Out-Of-Bounds Read Information Disclosure Vulnerability,,Apple,2021-07-13,2021-11-30,140
ZDI-21-1334,ZDI-CAN-14954,Microsoft,CVE-2021-42297,6.7,2021-11-24,,Microsoft Windows Update Assistant Link Following Local Privilege Escalation Vulnerability,,Microsoft,2021-10-06,2021-11-24,49
ZDI-21-1333,ZDI-CAN-14772,Adobe,CVE-2021-43019,7.8,2021-11-24,,Adobe Creative Cloud Incorrect Permission Assignment Privilege Escalation Vulnerability,,Adobe,2021-09-01,2021-11-24,84
ZDI-21-1309,ZDI-CAN-14453,Microsoft,CVE-2021-41368,7.8,2021-11-11,,Microsoft Access ACCDB File Parsing Use-After-Free Remote Code Execution Vulnerability,,Microsoft,2021-07-28,2021-11-11,106
ZDI-21-1308,ZDI-CAN-14616,Microsoft,CVE-2021-41379,7.8,2021-11-11,,Microsoft Windows Installer Service Link Following Privilege Escalation Vulnerability,,Microsoft,2021-08-10,2021-11-11,93
ZDI-21-1307,ZDI-CAN-14512,Microsoft,CVE-2021-42280,7.8,2021-11-11,,Microsoft Windows DiagTrack Service Link Following Privilege Escalation Vulnerability,,Microsoft,2021-08-10,2021-11-11,93
ZDI-21-1306,ZDI-CAN-14641,Microsoft,CVE-2021-42277,7.8,2021-11-11,,Microsoft Windows Diagnostics Hub Link Following Privilege Escalation Vulnerability,,Microsoft,2021-08-10,2021-11-11,93
ZDI-21-1305,ZDI-CAN-14223,Adobe,CVE-2021-42727,8.8,2021-11-11,,Adobe RoboHelp Server Directory Traversal Remote Code Execution Vulnerability,,Adobe,2021-06-24,2021-11-11,140
ZDI-21-1257,ZDI-CAN-14595,Adobe,CVE-2021-42533,7.8,2021-10-28,,Adobe Bridge DCM File Parsing Double Free Remote Code Execution Vulnerability,,Adobe,2021-08-20,2021-10-28,69
ZDI-21-1256,ZDI-CAN-15275,Adobe,CVE-2021-40769,3.3,2021-10-28,,Adobe Character Animator SVG File Parsing Out-Of-Bounds Read Information Disclosure Vulnerability,,Adobe,2021-09-15,2021-10-28,43
ZDI-21-1255,ZDI-CAN-14688,Adobe,CVE-2021-42270,7.8,2021-10-28,,Adobe Animate BMP File Parsing Out-Of-Bounds Write Remote Code Execution Vulnerability,,Adobe,2021-08-10,2021-10-28,79
ZDI-21-1254,ZDI-CAN-15274,Adobe,CVE-2021-42525,3.3,2021-10-28,,Adobe Animate SVG File Parsing Out-Of-Bounds Read Information Disclosure Vulnerability,,Adobe,2021-09-15,2021-10-28,43
ZDI-21-1253,ZDI-CAN-15126,Adobe,CVE-2021-42271,7.8,2021-10-28,,Adobe Animate BMP File Parsing Out-Of-Bounds Write Remote Code Execution Vulnerability,,Adobe,2021-09-08,2021-10-28,50
ZDI-21-1252,ZDI-CAN-15124,Adobe,CVE-2021-42272,7.8,2021-10-28,,Adobe Animate GIF File Parsing Out-Of-Bounds Write Remote Code Execution Vulnerability,,Adobe,2021-09-08,2021-10-28,50
ZDI-21-1251,ZDI-CAN-15123,Adobe,CVE-2021-42524,7.8,2021-10-28,,Adobe Animate BMP File Parsing Out-Of-Bounds Write Remote Code Execution Vulnerability,,Adobe,2021-09-08,2021-10-28,50
ZDI-21-1250,ZDI-CAN-14590,Adobe,CVE-2021-40725,7.8,2021-10-28,,Adobe Acrobat Reader DC AcroForm listbox Use-After-Free Remote Code Execution Vulnerability,,Adobe,2021-07-28,2021-10-28,92
ZDI-21-1249,ZDI-CAN-14484,Adobe,CVE-2021-40726,7.8,2021-10-28,,Adobe Acrobat Reader DC AcroForm Field Use-After-Free Remote Code Execution Vulnerability,,Adobe,2021-07-28,2021-10-28,92
ZDI-21-1233,ZDI-CAN-13658,Microsoft,CVE-2021-43211,7.3,2021-10-27,,(0Day) Microsoft Windows Update Assistant Directory Junction Privilege Escalation Vulnerability,,Microsoft,2021-06-04,2021-10-27,145
ZDI-21-1225,ZDI-CAN-14787,Microsoft,CVE-2021-40487,8.8,2021-10-21,,Microsoft SharePoint SetVariableActivity Deserialization of Untrusted Data Remote Code Execution Vulnerability,,Microsoft,2021-08-25,2021-10-21,57
ZDI-21-1224,ZDI-CAN-14769,Microsoft,CVE-2021-41344,8.8,2021-10-21,,Microsoft SharePoint Workflow Deserialization of Untrusted Data Remote Code Execution Vulnerability,,Microsoft,2021-08-25,2021-10-21,57
ZDI-21-1163,ZDI-CAN-15060,Adobe,CVE-2021-40731,7.8,2021-10-14,,Adobe Acrobat Reader DC JPEG2000 Parsing Out-Of-Bounds Write Remote Code Execution Vulnerability,,Adobe,2021-09-08,2021-10-14,36
ZDI-21-1162,ZDI-CAN-15059,Adobe,CVE-2021-40730,3.3,2021-10-14,,Adobe Acrobat Reader DC JPEG2000 Parsing Use-After-Free Information Disclosure Vulnerability,,Adobe,2021-09-08,2021-10-14,36
ZDI-21-1161,ZDI-CAN-14687,Microsoft,CVE-2021-41347,7.0,2021-10-14,,Microsoft Windows AppX Deployment Service Directory Junction Privilege Escalation Vulnerability,,Microsoft,2021-09-01,2021-10-14,43
ZDI-21-1160,ZDI-CAN-14224,Microsoft,CVE-2021-40481,7.8,2021-10-14,,Microsoft Office Visio WMF File Parsing Use-After-Free Remote Code Execution Vulnerability,,Microsoft,2021-07-28,2021-10-14,78
ZDI-21-1159,ZDI-CAN-14216,Microsoft,CVE-2021-40480,7.8,2021-10-14,,Microsoft Office Visio EMF File Parsing Improper Validation of Array Index Remote Code Execution Vulnerability,,Microsoft,2021-07-28,2021-10-14,78
ZDI-21-1158,ZDI-CAN-14203,Microsoft,CVE-2021-40486,7.8,2021-10-14,,Microsoft Office Word Converter Use-After-Free Remote Code Execution Vulnerability,,Microsoft,2021-07-13,2021-10-14,93
ZDI-21-1157,ZDI-CAN-14006,Microsoft,CVE-2021-26441,8.8,2021-10-14,,Microsoft Windows storport Integer Overflow Privilege Escalation Vulnerability,,Microsoft,2021-06-16,2021-10-14,120
ZDI-21-1156,ZDI-CAN-14005,Microsoft,CVE-2021-40489,7.8,2021-10-14,,Microsoft Windows storport Integer Overflow Privilege Escalation Vulnerability,,Microsoft,2021-06-16,2021-10-14,120
ZDI-21-1155,ZDI-CAN-14004,Microsoft,CVE-2021-40478,7.8,2021-10-14,,Microsoft Windows storport Integer Overflow Privilege Escalation Vulnerability,,Microsoft,2021-06-16,2021-10-14,120
ZDI-21-1154,ZDI-CAN-14003,Microsoft,CVE-2021-41345,8.8,2021-10-14,,Microsoft Windows storport Integer Overflow Privilege Escalation Vulnerability,,Microsoft,2021-06-16,2021-10-14,120
ZDI-21-1153,ZDI-CAN-14002,Microsoft,CVE-2021-40488,8.8,2021-10-14,,Microsoft Windows storport Integer Overflow Privilege Escalation Vulnerability,,Microsoft,2021-06-16,2021-10-14,120
ZDI-21-1147,ZDI-CAN-13860,Adobe,CVE-2021-36009,7.8,2021-10-13,,Adobe Illustrator PDF File Parsing Memory Corruption Remote Code Execution Vulnerability,,Adobe,2021-06-02,2021-10-13,133
ZDI-21-1146,ZDI-CAN-13901,Adobe,CVE-2021-36008,3.3,2021-10-13,,Adobe Illustrator PDF File Parsing Use-After-Free Information Disclosure Vulnerability,,Adobe,2021-05-26,2021-10-13,140
ZDI-21-1145,ZDI-CAN-13556,Adobe,CVE-2021-35986,3.3,2021-10-13,,Adobe Acrobat Pro DC getAnnots Type Confusion Information Disclosure Vulnerability,,Adobe,2021-05-21,2021-10-13,145
ZDI-21-1144,ZDI-CAN-14518,Microsoft,,3.3,2021-10-06,,Microsoft Project MPT File Parsing Out-Of-Bounds Read Information Disclosure Vulnerability,,Microsoft,2021-07-30,2021-10-06,68
ZDI-21-1103,ZDI-CAN-13768,Microsoft,CVE-2021-36962,5.5,2021-09-16,2021-09-20,Microsoft Windows Installer Service Directory Junction Information Disclosure Vulnerability,,Microsoft,2021-06-04,2021-09-16,104
ZDI-21-1101,ZDI-CAN-14597,Adobe,CVE-2021-39839,7.8,2021-09-16,,Adobe Acrobat Reader DC AcroForm getItemAt Use-After-Free Remote Code Execution Vulnerability,,Adobe,2021-08-04,2021-09-16,43
ZDI-21-1100,ZDI-CAN-14606,Adobe,CVE-2021-39836,7.8,2021-09-16,,Adobe Acrobat Reader DC AcroForm buttonGetIcon Use-After-Free Remote Code Execution Vulnerability,,Adobe,2021-08-04,2021-09-16,43
ZDI-21-1099,ZDI-CAN-14596,Adobe,CVE-2021-39837,7.8,2021-09-16,,Adobe Acrobat Reader DC AcroForm deleteItemAt Use-After-Free Remote Code Execution Vulnerability,,Adobe,2021-08-04,2021-09-16,43
ZDI-21-1098,ZDI-CAN-14614,Adobe,CVE-2021-39838,7.8,2021-09-16,,Adobe Acrobat Reader DC AcroForm buttonGetCaption Use-After-Free Remote Code Execution Vulnerability,,Adobe,2021-08-04,2021-09-16,43
ZDI-21-1097,ZDI-CAN-14379,Adobe,CVE-2021-39821,7.8,2021-09-16,,Adobe InDesign TIF File Parsing Out-Of-Bounds Read Remote Code Execution Vulnerability,,Adobe,2021-07-07,2021-09-16,71
ZDI-21-1096,ZDI-CAN-14126,Adobe,CVE-2021-39840,7.8,2021-09-16,,Adobe Acrobat Reader DC AcroForm Field Use-After-Free Remote Code Execution Vulnerability,,Adobe,2021-07-07,2021-09-16,71
ZDI-21-1095,ZDI-CAN-14376,Adobe,CVE-2021-39822,7.8,2021-09-16,,Adobe InDesign BMP File Parsing Out-Of-Bounds Write Remote Code Execution Vulnerability,,Adobe,2021-07-07,2021-09-16,71
ZDI-21-1094,ZDI-CAN-14372,Adobe,CVE-2021-40697,3.3,2021-09-16,,Adobe FrameMaker PDF File Parsing Out-Of-Bounds Read Information Disclosure Vulnerability,,Adobe,2021-07-02,2021-09-16,76
ZDI-21-1093,ZDI-CAN-14055,Adobe,CVE-2021-39858,3.3,2021-09-16,,Adobe Acrobat Pro DC PostScript File Parsing Out-Of-Bounds Read Information Disclosure Vulnerability,,Adobe,2021-06-30,2021-09-16,78
ZDI-21-1092,ZDI-CAN-13877,Adobe,CVE-2021-39841,7.8,2021-09-16,,Adobe Acrobat Pro DC DocMedia Type Confusion Remote Code Execution Vulnerability,,Adobe,2021-06-16,2021-09-16,92
ZDI-21-1091,ZDI-CAN-13858,Adobe,CVE-2021-39832,7.8,2021-09-16,,Adobe FrameMaker PDF File Parsing Memory Corruption Remote Code Execution Vulnerability,,Adobe,2021-06-02,2021-09-16,106
ZDI-21-1090,ZDI-CAN-13728,Adobe,CVE-2021-39830,7.8,2021-09-16,,Adobe FrameMaker PDF File Parsing Memory Corruption Remote Code Execution Vulnerability,,Adobe,2021-05-26,2021-09-16,113
ZDI-21-1089,ZDI-CAN-13727,Adobe,CVE-2021-39829,7.8,2021-09-16,,Adobe FrameMaker PDF File Parsing Out-Of-Bounds Write Remote Code Execution Vulnerability,,Adobe,2021-05-26,2021-09-16,113
ZDI-21-1088,ZDI-CAN-13902,Adobe,CVE-2021-39835,3.3,2021-09-16,,Adobe FrameMaker PDF File Parsing Use-After-Free Information Disclosure Vulnerability,,Adobe,2021-05-26,2021-09-16,113
ZDI-21-1087,ZDI-CAN-13729,Adobe,CVE-2021-39831,7.8,2021-09-16,,Adobe FrameMaker PDF File Parsing Out-Of-Bounds Write Remote Code Execution Vulnerability,,Adobe,2021-05-26,2021-09-16,113
ZDI-21-1086,ZDI-CAN-13849,Adobe,CVE-2021-39833,3.3,2021-09-16,,Adobe FrameMaker TIF File Parsing Out-Of-Bounds Read Information Disclosure Vulnerability,,Adobe,2021-05-13,2021-09-16,126
ZDI-21-1085,ZDI-CAN-13848,Adobe,CVE-2021-39834,3.3,2021-09-16,,Adobe FrameMaker TIF File Parsing Out-Of-Bounds Read Information Disclosure Vulnerability,,Adobe,2021-05-13,2021-09-16,126
ZDI-21-1084,ZDI-CAN-14451,Microsoft,CVE-2021-38659,7.8,2021-09-16,,Microsoft PowerPoint PPT File Parsing Double Free Remote Code Execution Vulnerability,,Microsoft,2021-07-28,2021-09-16,50
ZDI-21-1083,ZDI-CAN-14198,Microsoft,CVE-2021-38658,7.8,2021-09-16,,Microsoft Office Word Converter Type Confusion Remote Code Execution Vulnerability,,Microsoft,2021-07-13,2021-09-16,65
ZDI-21-1082,ZDI-CAN-13918,Microsoft,CVE-2021-38656,7.8,2021-09-16,,Microsoft Word DOC File Parsing Use-After-Free Remote Code Execution Vulnerability,,Microsoft,2021-07-09,2021-09-16,69
ZDI-21-1081,ZDI-CAN-14194,Microsoft,CVE-2021-38654,7.8,2021-09-16,,Microsoft Office Visio EMF File Parsing Improper Validation of Array Index Remote Code Execution Vulnerability,,Microsoft,2021-07-07,2021-09-16,71
ZDI-21-1080,ZDI-CAN-14118,Microsoft,CVE-2021-38655,7.8,2021-09-16,,Microsoft Excel XLS File Parsing Use-After-Free Remote Code Execution Vulnerability,,Microsoft,2021-07-07,2021-09-16,71
ZDI-21-1079,ZDI-CAN-13828,Microsoft,CVE-2021-38653,7.8,2021-09-16,,Microsoft Office Visio EMF File Parsing Out-Of-Bounds Write Remote Code Execution Vulnerability,,Microsoft,2021-06-16,2021-09-16,92
ZDI-21-1078,ZDI-CAN-13762,Microsoft,CVE-2021-36961,6.1,2021-09-16,,Microsoft Windows Installer Service Directory Junction Denial-of-Service Vulnerability,,Microsoft,2021-06-04,2021-09-16,104
ZDI-21-1077,ZDI-CAN-14603,Microsoft,CVE-2021-26434,7.3,2021-09-16,,Microsoft Visual Studio Incorrect Permission Assignment Privilege Escalation Vulnerability,,Microsoft,2021-07-13,2021-09-16,65
ZDI-21-1076,ZDI-CAN-14041,Microsoft,CVE-2021-36952,7.0,2021-09-16,,Microsoft Visual Studio DDS File Parsing Heap-based Buffer Overflow Remote Code Execution Vulnerability,,Microsoft,2021-06-25,2021-09-16,83
ZDI-21-1075,ZDI-CAN-13765,Microsoft,CVE-2021-38634,7.0,2021-09-16,,Microsoft Windows Update Agent Directory Junction Privilege Escalation Vulnerability,,Microsoft,2021-06-08,2021-09-16,100
ZDI-21-1053,ZDI-CAN-13692,Microsoft,CVE-2021-26431,6.8,2021-09-02,,Microsoft Windows Lock Screen Improper Access Control Authentication Bypass Vulnerability,,Microsoft,2021-06-30,2021-09-02,64
ZDI-21-1024,ZDI-CAN-13401,Microsoft,CVE-2021-34478,7.8,2021-08-26,,Microsoft Word glTF-SDK Out-Of-Bounds Write Remote Code Execution Vulnerability,,Microsoft,2021-04-14,2021-08-26,134
ZDI-21-1022,ZDI-CAN-13207,Microsoft,CVE-2021-34516,7.8,2021-08-26,,Microsoft Windows Canonical Display Driver ColorFillBitmap NULL Pointer Dereference Privilege Escalation Vulnerability,,Microsoft,2021-05-13,2021-08-26,105
ZDI-21-1021,ZDI-CAN-13206,Microsoft,CVE-2021-34516,7.8,2021-08-26,,Microsoft Windows Canonical Display Driver DrvFillPath NULL Pointer Dereference Privilege Escalation Vulnerability,,Microsoft,2021-05-13,2021-08-26,105
ZDI-21-1020,ZDI-CAN-13205,Microsoft,CVE-2021-34516,7.8,2021-08-26,,Microsoft Windows Canonical Display Driver DrvTextOut NULL Pointer Dereference Privilege Escalation Vulnerability,,Microsoft,2021-05-13,2021-08-26,105
ZDI-21-1019,ZDI-CAN-13204,Microsoft,CVE-2021-34516,7.8,2021-08-26,,Microsoft Windows Canonical Display Driver DrvGradientFill NULL Pointer Dereference Privilege Escalation Vulnerability,,Microsoft,2021-05-13,2021-08-26,105
ZDI-21-1018,ZDI-CAN-13203,Microsoft,CVE-2021-34516,7.8,2021-08-26,,Microsoft Windows Canonical Display Driver DrvStrokePath NULL Pointer Dereference Privilege Escalation Vulnerability,,Microsoft,2021-05-13,2021-08-26,105
ZDI-21-1017,ZDI-CAN-13202,Microsoft,CVE-2021-34516,7.8,2021-08-26,,Microsoft Windows Canonical Display Driver DrvStrokeAndFillPath NULL Pointer Dereference Privilege Escalation Vulnerability,,Microsoft,2021-05-13,2021-08-26,105
ZDI-21-1016,ZDI-CAN-13201,Microsoft,CVE-2021-34516,7.8,2021-08-26,,Microsoft Windows Canonical Display Driver DrvLineTo NULL Pointer Dereference Privilege Escalation Vulnerability,,Microsoft,2021-05-13,2021-08-26,105
ZDI-21-1015,ZDI-CAN-13054,Microsoft,CVE-2021-34516,8.8,2021-08-26,,Microsoft Windows Canonical Display Driver DrvBitBltInternal Untrusted Pointer Dereference Privilege Escalation Vulnerability,,Microsoft,2021-05-13,2021-08-26,105
ZDI-21-1014,ZDI-CAN-12871,Microsoft,CVE-2021-34516,8.8,2021-08-26,,Microsoft Windows Canonical Display Driver DrvAlphaBlendInternal Untrusted Pointer Dereference Privilege Escalation Vulnerability,,Microsoft,2021-05-13,2021-08-26,105
ZDI-21-1013,ZDI-CAN-12870,Microsoft,CVE-2021-34516,8.8,2021-08-26,,Microsoft Windows Canonical Display Driver DrvBitBltInternal Untrusted Pointer Dereference Privilege Escalation Vulnerability,,Microsoft,2021-05-13,2021-08-26,105
ZDI-21-1012,ZDI-CAN-12869,Microsoft,CVE-2021-34516,8.8,2021-08-26,,Microsoft Windows Canonical Display Driver DrvStretchBltROPInternal Untrusted Pointer Dereference Privilege Escalation Vulnerability,,Microsoft,2021-05-13,2021-08-26,105
ZDI-21-1011,ZDI-CAN-12867,Microsoft,CVE-2021-34516,8.8,2021-08-26,,Microsoft Windows Canonical Display Driver DrvStretchBltInternal Untrusted Pointer Dereference Privilege Escalation Vulnerability,,Microsoft,2021-05-13,2021-08-26,105
ZDI-21-1010,ZDI-CAN-12866,Microsoft,CVE-2021-34516,8.8,2021-08-26,,Microsoft Windows Canonical Display Driver DrvPlgBltInternal Untrusted Pointer Dereference Privilege Escalation Vulnerability,,Microsoft,2021-05-13,2021-08-26,105
ZDI-21-1009,ZDI-CAN-12789,Microsoft,CVE-2021-34516,8.8,2021-08-26,,Microsoft Windows Canonical Display Driver DrvFillPath Untrusted Pointer Dereference Privilege Escalation Vulnerability,,Microsoft,2021-05-13,2021-08-26,105
ZDI-21-1008,ZDI-CAN-12788,Microsoft,CVE-2021-34516,8.8,2021-08-26,,Microsoft Windows Canonical Display Driver DrvTextOut Untrusted Pointer Dereference Privilege Escalation Vulnerability,,Microsoft,2021-05-13,2021-08-26,105
ZDI-21-1007,ZDI-CAN-12787,Microsoft,CVE-2021-34516,8.8,2021-08-26,,Microsoft Windows Canonical Display Driver DrvStrokeAndFillPath Untrusted Pointer Dereference Privilege Escalation Vulnerability,,Microsoft,2021-05-13,2021-08-26,105
ZDI-21-1006,ZDI-CAN-12786,Microsoft,CVE-2021-34516,8.8,2021-08-26,,Microsoft Windows Canonical Display Driver DrvStrokePath Untrusted Pointer Dereference Privilege Escalation Vulnerability,,Microsoft,2021-05-13,2021-08-26,105
ZDI-21-1005,ZDI-CAN-12785,Microsoft,CVE-2021-34516,8.8,2021-08-26,,Microsoft Windows Canonical Display Driver DrvGradientFill Untrusted Pointer Dereference Privilege Escalation Vulnerability,,Microsoft,2021-05-13,2021-08-26,105
ZDI-21-1004,ZDI-CAN-12784,Microsoft,CVE-2021-34516,8.8,2021-08-26,,Microsoft Windows Canonical Display Driver DrvLineTo Untrusted Pointer Dereference Privilege Escalation Vulnerability,,Microsoft,2021-05-13,2021-08-26,105
ZDI-21-997,ZDI-CAN-14135,Adobe,CVE-2021-36071,3.3,2021-08-18,,Adobe Bridge PNG File Parsing Out-Of-Bounds Read Information Disclosure Vulnerability,,Adobe,2021-06-24,2021-08-18,55
ZDI-21-996,ZDI-CAN-13935,Adobe,CVE-2021-36079,7.8,2021-08-18,,Adobe Bridge SGI File Parsing Out-Of-Bounds Read Remote Code Execution Vulnerability,,Adobe,2021-05-27,2021-08-18,83
ZDI-21-995,ZDI-CAN-13900,Adobe,CVE-2021-36074,3.3,2021-08-18,,Adobe Bridge PDF File Parsing Out-Of-Bounds Read Information Disclosure Vulnerability,,Adobe,2021-05-27,2021-08-18,83
ZDI-21-994,ZDI-CAN-13854,Adobe,CVE-2021-36073,7.8,2021-08-18,,Adobe Bridge SGI File Parsing Heap-based Buffer Overflow Remote Code Execution Vulnerability,,Adobe,2021-05-27,2021-08-18,83
ZDI-21-993,ZDI-CAN-13853,Adobe,CVE-2021-36072,7.8,2021-08-18,,Adobe Bridge SGI File Parsing Out-Of-Bounds Write Remote Code Execution Vulnerability,,Adobe,2021-05-27,2021-08-18,83
ZDI-21-992,ZDI-CAN-13851,Adobe,CVE-2021-36066,7.8,2021-08-18,,Adobe Photoshop U3D File Parsing Out-Of-Bounds Write Remote Code Execution Vulnerability,,Adobe,2021-05-27,2021-08-18,83
ZDI-21-991,ZDI-CAN-13843,Adobe,CVE-2021-36078,7.8,2021-08-18,,Adobe Bridge PDF File Parsing Memory Corruption Remote Code Execution Vulnerability,,Adobe,2021-05-26,2021-08-18,84
ZDI-21-975,ZDI-CAN-13444,Microsoft,CVE-2021-34510,8.8,2021-08-18,,(Pwn2Own) Microsoft Windows storport Integer Overflow Privilege Escalation Vulnerability,,Microsoft,2021-04-27,2021-08-18,113
ZDI-21-970,ZDI-CAN-13875,Apple,CVE-2021-30789,3.3,2021-08-11,,Apple macOS CoreText TTF File Parsing Integer Overflow Information Disclosure Vulnerability,,Apple,2021-05-19,2021-08-11,84
ZDI-21-969,ZDI-CAN-13508,Microsoft,CVE-2021-34501,8.8,2021-08-11,,Microsoft Excel XLS File Parsing Heap-based Buffer Overflow Remote Code Execution Vulnerability,,Microsoft,2021-04-16,2021-08-11,117
ZDI-21-968,ZDI-CAN-13429,Microsoft,CVE-2021-36945,7.3,2021-08-11,,Microsoft Windows Update Assistant Incorrect Permission Assignment Privilege Escalation Vulnerability,,Microsoft,2021-04-14,2021-08-11,119
ZDI-21-967,ZDI-CAN-13691,Microsoft,CVE-2021-34536,8.8,2021-08-11,,Microsoft Windows storport Integer Overflow Privilege Escalation Vulnerability,,Microsoft,2021-04-22,2021-08-11,111
ZDI-21-966,ZDI-CAN-13488,Microsoft,CVE-2021-34484,7.8,2021-08-11,,Microsoft Windows User Profile Service Directory Junction Privilege Escalation Vulnerability,,Microsoft,2021-04-22,2021-08-11,111
ZDI-21-965,ZDI-CAN-13486,Microsoft,CVE-2021-26426,7.8,2021-08-11,,Microsoft Windows User Profile Service Directory Junction Privilege Escalation Vulnerability,,Microsoft,2021-05-05,2021-08-11,98
ZDI-21-964,ZDI-CAN-13503,Microsoft,CVE-2021-26425,6.1,2021-08-11,,Microsoft Windows Event Tracing Directory Junction Denial-of-Service Vulnerability,,Microsoft,2021-04-22,2021-08-11,111
ZDI-21-963,ZDI-CAN-13457,Microsoft,CVE-2021-26431,7.8,2021-08-11,,Microsoft Windows Update Service Incorrect Permission Assignment Privilege Escalation Vulnerability,,Microsoft,2021-04-22,2021-08-11,111
ZDI-21-962,ZDI-CAN-13504,Microsoft,CVE-2021-34471,6.1,2021-08-11,,Microsoft Windows Defender Directory Junction Denial-of-Service Vulnerability,,Microsoft,2021-05-05,2021-08-11,98
ZDI-21-961,ZDI-CAN-14466,Apple,CVE-2021-30789,3.3,2021-08-11,,Apple macOS CoreText TTF Parsing Out-of-Bounds Read Information Disclosure Vulnerability,,Apple,2021-07-02,2021-08-11,40
ZDI-21-950,ZDI-CAN-13578,Apple,CVE-2021-30790,3.3,2021-08-09,,Apple macOS AppKit PDF File Parsing Out-Of-Bounds Read Information Disclosure Vulnerability,,Apple,2021-05-07,2021-08-09,94
ZDI-21-949,ZDI-CAN-13577,Apple,CVE-2021-30790,7.8,2021-08-09,,Apple macOS CoreGraphics JPG File Parsing Out-of-Bounds Write Remote Code Execution Vulnerability,,Apple,2021-05-05,2021-08-09,96
ZDI-21-948,ZDI-CAN-14011,Apple,CVE-2021-30796,7.8,2021-08-05,,Apple macOS ModelIO USD File Parsing Out-Of-Bounds Write Remote Code Execute Vulnerability,,Apple,2021-06-04,2021-08-05,62
ZDI-21-947,ZDI-CAN-13761,Apple,CVE-2021-30792,7.8,2021-08-05,,Apple macOS ModelIO ABC File Parsing Out-Of-Bounds Write Remote Code Execution Vulnerability,,Apple,2021-05-13,2021-08-05,84
ZDI-21-946,ZDI-CAN-13759,Apple,CVE-2021-30791,3.3,2021-08-05,,Apple macOS ModelIO ABC File Parsing Out-Of-Bounds Read Information Disclosure Vulnerability,,Apple,2021-05-13,2021-08-05,84
ZDI-21-945,ZDI-CAN-13505,Apple,CVE-2021-30788,4.3,2021-08-05,,Apple macOS libFontParser TTF Font Parsing Out-Of-Bounds Read Information Disclosure Vulnerability,,Apple,2021-05-05,2021-08-05,92
ZDI-21-944,ZDI-CAN-13479,Apple,CVE-2021-30787,7.8,2021-08-05,,Apple macOS process_token_BindQueryStoreRegisterToMemoryList Out-Of-Bounds Write Privilege Escalation Vulnerability,,Apple,2021-05-05,2021-08-05,92
ZDI-21-943,ZDI-CAN-13362,Apple,CVE-2021-30706,3.3,2021-08-05,,Apple macOS ImageIO WEBP File Parsing Out-Of-Bounds Read Information Disclosure Vulnerability,,Apple,2021-05-05,2021-08-05,92
ZDI-21-942,ZDI-CAN-13360,Apple,CVE-2021-30706,3.3,2021-08-05,,Apple macOS ImageIO WEBP File Parsing Out-Of-Bounds Read Information Disclosure Vulnerability,,Apple,2021-05-05,2021-08-05,92
ZDI-21-941,ZDI-CAN-13268,Apple,CVE-2021-30759,7.8,2021-08-05,,Apple macOS libType1Scaler PFB Font Parsing Stack-based Buffer Overflow Remote Code Execution Vulnerability,,Apple,2021-05-05,2021-08-05,92
ZDI-21-936,ZDI-CAN-13799,Microsoft,CVE-2021-36928,7.0,2021-08-03,,Microsoft Edge Installer Directory Junction Privilege Escalation Vulnerability,,Microsoft,2021-06-08,2021-08-03,56
ZDI-21-912,ZDI-CAN-14136,Adobe,CVE-2021-36015,3.3,2021-07-30,,Adobe Media Encoder PNG File Parsing Out-Of-Bounds Read Information Disclosure Vulnerability,,Adobe,2021-06-24,2021-07-30,36
ZDI-21-909,ZDI-CAN-13085,Microsoft,CVE-2021-43209,6.6,2021-07-29,,(0Day) Microsoft 3D Viewer 3MF File Parsing Use-After-Free Remote Code Execution Vulnerability,,Microsoft,2021-02-02,2021-07-29,177
ZDI-21-908,ZDI-CAN-13735,Adobe,CVE-2021-36007,3.3,2021-07-28,,Adobe Prelude MP4 File Parsing Uninitialized Variable Information Disclosure Vulnerability,,Adobe,2021-04-30,2021-07-28,89
ZDI-21-907,ZDI-CAN-13812,Adobe,CVE-2021-36016,3.3,2021-07-28,,Adobe Media Encoder FLV File Parsing Out-Of-Bounds Read Information Disclosure Vulnerability,,Adobe,2021-05-07,2021-07-28,82
ZDI-21-906,ZDI-CAN-13733,Adobe,CVE-2021-36014,3.3,2021-07-28,,Adobe Media Encoder MP4 File Parsing Uninitialized Variable Information Disclosure Vulnerability,,Adobe,2021-04-30,2021-07-28,89
ZDI-21-905,ZDI-CAN-13974,Adobe,CVE-2021-36001,3.3,2021-07-28,,Adobe Character Animator PNG File Parsing Out-Of-Bounds Read Information Disclosure Vulnerability,,Adobe,2021-06-16,2021-07-28,42
ZDI-21-904,ZDI-CAN-13973,Adobe,CVE-2021-40766,3.3,2021-07-28,2021-10-27,Adobe Character Animator SVG File Parsing Out-Of-Bounds Read Information Disclosure Vulnerability,,Adobe,2021-06-24,2021-07-28,34
ZDI-21-903,ZDI-CAN-13734,Adobe,CVE-2021-36006,3.3,2021-07-28,,Adobe Photoshop MP4 File Parsing Uninitialized Variable Information Disclosure Vulnerability,,Adobe,2021-04-30,2021-07-28,89
ZDI-21-902,ZDI-CAN-13753,Adobe,CVE-2021-36003,3.3,2021-07-28,,Adobe Audition MP4 File Parsing Out-Of-Bounds Read Information Disclosure Vulnerability,,Adobe,2021-04-30,2021-07-28,89
ZDI-21-901,ZDI-CAN-14154,Adobe,CVE-2021-36019,3.3,2021-07-28,,Adobe After Effects PDF File Parsing Out-Of-Bounds Read Information Disclosure Vulnerability,,Adobe,2021-06-30,2021-07-28,28
ZDI-21-900,ZDI-CAN-13859,Adobe,CVE-2021-36017,7.8,2021-07-28,,Adobe After Effects PDF File Parsing Memory Corruption Remote Code Execution Vulnerability,,Adobe,2021-06-02,2021-07-28,56
ZDI-21-899,ZDI-CAN-13899,Adobe,CVE-2021-36018,3.3,2021-07-28,,Adobe After Effects PDF File Parsing Out-Of-Bounds Read Information Disclosure Vulnerability,,Adobe,2021-05-27,2021-07-28,62
ZDI-21-898,ZDI-CAN-13731,Adobe,CVE-2021-35995,3.3,2021-07-28,,Adobe After Effects MP4 File Parsing Uninitialized Variable Information Disclosure Vulnerability,,Adobe,2021-04-30,2021-07-28,89
ZDI-21-897,ZDI-CAN-13527,Adobe,CVE-2021-35993,7.8,2021-07-28,,Adobe After Effects PDF File Parsing Out-Of-Bounds Write Remote Code Execution Vulnerability,,Adobe,2021-03-31,2021-07-28,119
ZDI-21-896,ZDI-CAN-13525,Adobe,CVE-2021-35994,7.8,2021-07-28,,Adobe After Effects JPEG2000 Parsing Out-Of-Bounds Write Remote Code Execution Vulnerability,,Adobe,2021-03-31,2021-07-28,119
ZDI-21-895,ZDI-CAN-12868,Microsoft,CVE-2021-34516,8.8,2021-07-28,,Microsoft Windows Canonical Display Driver DrvTransparentBltInternal Untrusted Pointer Dereference Privilege Escalation Vulnerability,,Microsoft,2021-05-13,2021-07-28,76
ZDI-21-894,ZDI-CAN-13610,Microsoft,CVE-2021-31198,8.8,2021-07-22,,(Pwn2Own) Microsoft Exchange Server OAB Arbitrary File Write Remote Code Execution Vulnerability,,Microsoft,2021-04-07,2021-07-22,106
ZDI-21-893,ZDI-CAN-12843,Apple,CVE-2021-30764,3.3,2021-07-22,,(0Day) Apple macOS ImageIO WEBP File Parsing Out-Of-Bounds Read Information Disclosure Vulnerability,,Apple,2021-02-25,2021-07-22,147
ZDI-21-892,ZDI-CAN-12842,Apple,CVE-2021-30706,3.3,2021-07-22,,(0Day) Apple macOS ImageIO WEBP File Parsing Out-Of-Bounds Read Information Disclosure Vulnerability,,Apple,2021-02-25,2021-07-22,147
ZDI-21-891,ZDI-CAN-12811,Apple,CVE-2021-30662,7.8,2021-07-22,,(0Day) Apple macOS ImageIO TIFF File Parsing Out-Of-Bounds Write Remote Code Execution Vulnerability,,Apple,2021-02-10,2021-07-22,162
ZDI-21-890,ZDI-CAN-12997,Apple,CVE-2021-30742,3.3,2021-07-22,,(0Day) Apple macOS AudioToolboxCore LOAS File Parsing Out-Of-Bounds Read Information Disclosure Vulnerability,,Apple,2021-02-03,2021-07-22,169
ZDI-21-875,ZDI-CAN-13618,Microsoft,CVE-2021-34513,8.8,2021-07-19,,Microsoft Windows storport Integer Overflow Privilege Escalation Vulnerability,,Microsoft,2021-05-05,2021-07-19,75
ZDI-21-830,ZDI-CAN-13682,Microsoft,CVE-2021-34519,3.5,2021-07-19,,Microsoft SharePoint Missing Check of Message Integrity Vulnerability,,Microsoft,2021-05-07,2021-07-19,73
ZDI-21-829,ZDI-CAN-13584,Microsoft,CVE-2021-34468,7.1,2021-07-19,,Microsoft SharePoint CabUtility ExtractCab Directory Traversal Remote Code Execution Vulnerability,,Microsoft,2021-05-07,2021-07-19,73
ZDI-21-828,ZDI-CAN-13358,Microsoft,CVE-2021-34520,8.8,2021-07-19,,Microsoft SharePoint SetVariableActivity Deserialization of Untrusted Data Remote Code Execution Vulnerability,,Microsoft,2021-03-26,2021-07-19,115
ZDI-21-827,ZDI-CAN-13463,Microsoft,CVE-2021-34529,7.8,2021-07-19,,Microsoft Visual Studio Code maven.executable.options Command Injection Remote Code Execution Vulnerability,,Microsoft,2021-03-17,2021-07-19,124
ZDI-21-826,ZDI-CAN-13595,Microsoft,CVE-2021-31206,7.1,2021-07-19,,(Pwn2Own) Microsoft Exchange Server CabUtility ExtractCab Directory Traversal Remote Code Execution Vulnerability,,Microsoft,2021-04-08,2021-07-19,102
ZDI-21-825,ZDI-CAN-13580,Microsoft,CVE-2021-34498,8.8,2021-07-19,,(Pwn2Own) Microsoft Windows win32kfull Bitmap Use-After-Free Privilege Escalation Vulnerability,,Microsoft,2021-04-27,2021-07-19,83
ZDI-21-824,ZDI-CAN-13561,Microsoft,CVE-2021-33751,8.8,2021-07-19,,(Pwn2Own) Microsoft Windows spaceport Out-Of-Bounds Write Privilege Escalation Vulnerability,,Microsoft,2021-04-22,2021-07-19,88
ZDI-21-823,ZDI-CAN-13600,Microsoft,CVE-2021-34462,7.0,2021-07-19,,(Pwn2Own) Microsoft Windows AppX Deployment Service Race Condition Privilege Escalation Vulnerability,,Microsoft,2021-04-27,2021-07-19,83
ZDI-21-822,ZDI-CAN-13614,Microsoft,CVE-2021-34523,9.8,2021-07-19,,(Pwn2Own) Microsoft Exchange Server PowerShell Improper Authentication Remote Code Execution Vulnerability,,Microsoft,2021-04-07,2021-07-19,103
ZDI-21-821,ZDI-CAN-13611,Microsoft,CVE-2021-34473,10.0,2021-07-19,,(Pwn2Own) Microsoft Exchange Server Autodiscover Server Side Request Forgery Authentication Bypass Vulnerability,,Microsoft,2021-04-06,2021-07-19,104
ZDI-21-820,ZDI-CAN-13589,Microsoft,CVE-2021-34512,8.8,2021-07-19,,(Pwn2Own) Microsoft Windows storport Integer Overflow Privilege Escalation Vulnerability,,Microsoft,2021-04-27,2021-07-19,83
ZDI-21-819,ZDI-CAN-13588,Microsoft,CVE-2021-31207,8.8,2021-07-19,,(Pwn2Own) Microsoft Exchange Server Arbitrary File Write Remote Code Execution Vulnerability,,Microsoft,2021-07-16,2021-07-19,3
ZDI-21-818,ZDI-CAN-12925,Microsoft,CVE-2021-31961,6.1,2021-07-19,,Microsoft Windows InstallService Time-Of-Check Time-Of-Use Denial-of-Service Vulnerability,,Microsoft,2021-02-08,2021-07-19,161
ZDI-21-813,ZDI-CAN-13855,Adobe,CVE-2021-28639,7.8,2021-07-15,,Adobe Acrobat Reader DC setAction Use-After-Free Remote Code Execution Vulnerability,,Adobe,2021-05-13,2021-07-15,63
ZDI-21-812,ZDI-CAN-13766,Adobe,CVE-2021-28638,7.8,2021-07-15,,Adobe Acrobat Reader DC PDF File Parsing Heap-based Buffer Overflow Remote Code Execution Vulnerability,,Adobe,2021-05-26,2021-07-15,50
ZDI-21-811,ZDI-CAN-13558,Adobe,CVE-2021-35986,3.3,2021-07-15,,Adobe Acrobat Pro DC getAnnot Type Confusion Information Disclosure Vulnerability,,Adobe,2021-05-19,2021-07-15,57
ZDI-21-810,ZDI-CAN-13557,Adobe,CVE-2021-28643,3.3,2021-07-15,,Adobe Acrobat Pro DC embedDocAsDataObject Type Confusion Information Disclosure Vulnerability,,Adobe,2021-04-30,2021-07-15,76
ZDI-21-809,ZDI-CAN-13732,Adobe,CVE-2021-35991,3.3,2021-07-15,,Adobe Bridge MP4 File Parsing Uninitialized Variable Information Disclosure Vulnerability,,Adobe,2021-04-30,2021-07-15,76
ZDI-21-808,ZDI-CAN-13695,Adobe,CVE-2021-28624,7.8,2021-07-15,,Adobe Bridge SGI File Parsing Heap-based Buffer Overflow Remote Code Execution Vulnerability,,Adobe,2021-04-30,2021-07-15,76
ZDI-21-807,ZDI-CAN-13550,Adobe,CVE-2021-35981,7.8,2021-07-15,,Adobe Acrobat Reader DC launchURL Use-After-Free Remote Code Execution Vulnerability,,Adobe,2021-04-23,2021-07-15,83
ZDI-21-806,ZDI-CAN-13549,Adobe,CVE-2021-35983,7.8,2021-07-15,,Adobe Acrobat Reader DC AcroForm Use-After-Free Remote Code Execution Vulnerability,,Adobe,2021-04-23,2021-07-15,83
ZDI-21-805,ZDI-CAN-13448,Adobe,CVE-2021-28596,7.8,2021-07-15,,Adobe FrameMaker PDF File Parsing Out-Of-Bounds Write Remote Code Execution Vulnerability,,Adobe,2021-04-02,2021-07-15,104
ZDI-21-804,ZDI-CAN-13539,Adobe,CVE-2021-28592,7.8,2021-07-15,,Adobe Illustrator JPEG2000 Parsing Out-Of-Bounds Write Remote Code Execution Vulnerability,,Adobe,2021-03-31,2021-07-15,106
ZDI-21-803,ZDI-CAN-13538,Adobe,CVE-2021-28593,3.3,2021-07-15,,Adobe Illustrator PostScript File Parsing Use-After-Free Information Disclosure Vulnerability,,Adobe,2021-03-31,2021-07-15,106
ZDI-21-802,ZDI-CAN-13537,Adobe,CVE-2021-28591,7.8,2021-07-15,,Adobe Illustrator PDF File Parsing Out-Of-Bounds Write Remote Code Execution Vulnerability,,Adobe,2021-03-31,2021-07-15,106
ZDI-21-801,ZDI-CAN-13530,Adobe,CVE-2021-35992,3.3,2021-07-15,,Adobe Bridge PostScript Parsing Out-Of-Bounds Read Information Disclosure Vulnerability,,Adobe,2021-03-31,2021-07-15,106
ZDI-21-800,ZDI-CAN-13529,Adobe,CVE-2021-35989,7.8,2021-07-15,,Adobe Bridge PDF File Parsing Out-Of-Bounds Write Remote Code Execution Vulnerability,,Adobe,2021-03-31,2021-07-15,106
ZDI-21-799,ZDI-CAN-13528,Adobe,CVE-2021-35990,7.8,2021-07-15,,Adobe Bridge JPEG2000 Parsing Out-Of-Bounds Write Remote Code Execution Vulnerability,,Adobe,2021-03-31,2021-07-15,106
ZDI-21-798,ZDI-CAN-13477,Microsoft,CVE-2021-33766,6.5,2021-07-15,,Microsoft Exchange Server ECP Authentication Bypass Information Disclosure Vulnerability,,Microsoft,2021-04-05,2021-07-15,101
ZDI-21-797,ZDI-CAN-13282,Microsoft,CVE-2021-31969,8.8,2021-07-15,,Microsoft Windows CLDFLT Integer Underflow Privilege Escalation Vulnerability,,Microsoft,2021-03-10,2021-07-15,127
ZDI-21-796,ZDI-CAN-13395,Apple,CVE-2021-30723,3.3,2021-07-13,2021-07-13,Apple macOS ModelIO USD Parsing Out-Of-Bounds Read Information Disclosure Vulnerability,,Apple,2021-03-17,2021-07-13,118
ZDI-21-795,ZDI-CAN-13394,Apple,CVE-2021-30725,7.8,2021-07-13,2021-07-13,Apple macOS ModelIO USD Parsing Use-After-Free Remote Code Execution Vulnerability,,Apple,2021-03-17,2021-07-13,118
ZDI-21-794,ZDI-CAN-13345,Apple,CVE-2021-30724,7.8,2021-07-13,2021-07-13,Apple macOS CVMServer Integer Overflow Privilege Escalation Vulnerability,,Apple,2021-03-17,2021-07-13,118
ZDI-21-793,ZDI-CAN-13627,Apple,CVE-2021-30701,7.8,2021-07-13,,Apple macOS vImage PICT File Parsing Out-Of-Bounds Write Remote Code Execution Vulnerability,,Apple,2021-05-07,2021-07-13,67
ZDI-21-792,ZDI-CAN-13807,Apple,CVE-2021-30701,7.8,2021-07-13,,Apple macOS vImage PICT File Parsing Out-Of-Bounds Write Remote Code Execution Vulnerability,,Apple,2021-05-05,2021-07-13,69
ZDI-21-791,ZDI-CAN-13386,Apple,CVE-2021-30746,3.3,2021-07-13,,Apple macOS ModelIO USD Parsing Out-Of-Bounds Read Information Disclosure Vulnerability,,Apple,2021-03-17,2021-07-13,118
ZDI-21-790,ZDI-CAN-13596,Apple,CVE-2021-30735,7.8,2021-07-13,,(Pwn2Own) Apple macOS process_token_VPHAL Out-Of-Bounds Write Privilege Escalation Vulnerability,,Apple,2021-04-27,2021-07-13,77
ZDI-21-785,ZDI-CAN-13232,Apple,CVE-2021-30701,7.8,2021-07-12,,Apple macOS ImageIO PICT File Parsing Out-Of-Bounds Write Remote Code Execution Vulnerability,,Apple,2021-05-05,2021-07-12,68
ZDI-21-784,ZDI-CAN-13231,Apple,CVE-2021-30743,7.8,2021-07-12,,Apple macOS ImageIO PICT File Parsing Out-Of-Bounds Write Remote Code Execution Vulnerability,,Apple,2021-03-10,2021-07-12,124
ZDI-21-772,ZDI-CAN-13612,Microsoft,,7.2,2021-07-05,,(Pwn2Own) Microsoft Teams ElectronJS Frame Redirect Remote Code Execution Vulnerability,,Microsoft,2021-04-19,2021-07-05,77
ZDI-21-771,ZDI-CAN-13482,Microsoft,,6.3,2021-07-05,,(Pwn2Own) Microsoft Teams amsVideo Cross Site Scripting Vulnerability,,Microsoft,2021-04-07,2021-07-05,89
ZDI-21-770,ZDI-CAN-13160,Apple,CVE-2021-30719,6.5,2021-06-25,,Apple macOS AppleIntelKBLGraphics IOCTL 0x20006 Out-Of-Bounds Read Information Disclosure Vulnerability,,Apple,2021-03-10,2021-06-25,107
ZDI-21-769,ZDI-CAN-13591,Apple,CVE-2021-30734,8.8,2021-06-25,2022-01-03,(Pwn2Own) Apple Safari Integer Overflow Remote Code Execution Vulnerability,,Apple,2021-04-07,2021-06-25,79
ZDI-21-768,ZDI-CAN-12999,Apple,CVE-2021-30743,3.3,2021-06-25,2024-07-08,Apple macOS ImageIO PCT File Parsing Out-Of-Bounds Read Information Disclosure Vulnerability,,Apple,2021-02-25,2021-06-25,120
ZDI-21-767,ZDI-CAN-13243,Apple,CVE-2021-30708,3.3,2021-06-25,,Apple macOS ModelIO USD Parsing Out-Of-Bounds Read Information Disclosure Vulnerability,,Apple,2021-02-25,2021-06-25,120
ZDI-21-766,ZDI-CAN-13242,Apple,CVE-2021-30709,3.3,2021-06-25,,Apple macOS ModelIO USD Parsing Out-Of-Bounds Read Information Disclosure Vulnerability,,Apple,2021-02-25,2021-06-25,120
ZDI-21-765,ZDI-CAN-12838,Apple,CVE-2021-30707,7.8,2021-06-25,,Apple macOS AudioToolboxCore RF64 File Parsing Heap-based Buffer Overflow Remote Code Execution Vulnerability,,Apple,2021-02-25,2021-06-25,120
ZDI-21-764,ZDI-CAN-13235,Apple,CVE-2021-30695,3.3,2021-06-25,,Apple macOS ModelIO USD Parsing Out-Of-Bounds Read Information Disclosure Vulnerability,,Apple,2021-02-12,2021-06-25,133
ZDI-21-763,ZDI-CAN-13234,Apple,CVE-2021-30693,3.3,2021-06-25,,Apple macOS ModelIO USD Parsing Out-Of-Bounds Read Information Disclosure Vulnerability,,Apple,2021-02-12,2021-06-25,133
ZDI-21-762,ZDI-CAN-13233,Apple,CVE-2021-30694,3.3,2021-06-25,2021-06-25,Apple macOS ModelIO USD Parsing Out-Of-Bounds Read Information Disclosure Vulnerability,,Apple,2021-02-12,2021-06-25,133
ZDI-21-761,ZDI-CAN-12579,Apple,CVE-2021-30749,8.8,2021-06-25,,Apple WebKit KeyframeEffect Use-After-Free Remote Code Execution Vulnerability,,Apple,2021-02-12,2021-06-25,133
ZDI-21-760,ZDI-CAN-13200,Apple,CVE-2021-30692,3.3,2021-06-25,,Apple macOS ModelIO USD Parsing Out-Of-Bounds Read Information Disclosure Vulnerability,,Apple,2021-02-10,2021-06-25,135
ZDI-21-759,ZDI-CAN-13175,Apple,CVE-2021-30691,3.3,2021-06-25,,Apple macOS ModelIO USD Parsing Out-Of-Bounds Read Information Disclosure Vulnerability,,Apple,2021-02-10,2021-06-25,135
ZDI-21-758,ZDI-CAN-13172,Apple,CVE-2021-1772,7.8,2021-06-25,2021-06-25,Apple macOS CoreText TTF Parsing Stack-based Buffer Overflow Remote Code Execution Vulnerability,,Apple,2021-02-10,2021-06-25,135
ZDI-21-757,ZDI-CAN-13118,Apple,CVE-2021-30685,3.3,2021-06-25,,Apple macOS AudioToolboxCore AAC File Parsing Out-Of-Bounds Read Information Disclosure Vulnerability,,Apple,2021-02-03,2021-06-25,142
ZDI-21-756,ZDI-CAN-13013,Apple,CVE-2021-30686,7.8,2021-06-25,,Apple macOS AudioCodecs LOAS File Parsing Stack-based Buffer Overflow Remote Code Execution Vulnerability,,Apple,2021-02-03,2021-06-25,142
ZDI-21-755,ZDI-CAN-13349,Microsoft,CVE-2021-26420,7.5,2021-06-23,,Microsoft SharePoint WorkflowCompilerInternal Exposed Dangerous Function Remote Code Execution Vulnerability,,Microsoft,2021-03-26,2021-06-23,89
ZDI-21-705,ZDI-CAN-13146,Microsoft,,6.6,2021-06-17,,(0Day) Microsoft 3D Builder GLB File Parsing Out-Of-Bounds Write Remote Code Execution Vulnerability,,Microsoft,2021-02-08,2021-06-17,129
ZDI-21-704,ZDI-CAN-13053,Microsoft,,6.6,2021-06-17,,(0Day) Microsoft 3D Builder GLTF File Parsing Memory Corruption Remote Code Execution Vulnerability,,Microsoft,2021-02-08,2021-06-17,129
ZDI-21-703,ZDI-CAN-13087,Microsoft,,6.6,2021-06-17,,(0Day) Microsoft 3D Builder GLB File Parsing Out-Of-Bounds Write Remote Code Execution Vulnerability,,Microsoft,2021-02-02,2021-06-17,135
ZDI-21-702,ZDI-CAN-13086,Microsoft,CVE-2021-43208,6.6,2021-06-17,,(0Day) Microsoft 3D Viewer 3MF File Parsing Use-After-Free Remote Code Execution Vulnerability,,Microsoft,2021-02-02,2021-06-17,135
ZDI-21-701,ZDI-CAN-13081,Microsoft,,6.6,2021-06-17,,(0Day) Microsoft 3D Builder GLB File Parsing Out-Of-Bounds Write Remote Code Execution Vulnerability,,Microsoft,2021-02-02,2021-06-17,135
ZDI-21-700,ZDI-CAN-13079,Microsoft,,6.6,2021-06-17,,(0Day) Microsoft Print 3D OBJ File Parsing Out-Of-Bounds Write Remote Code Execution Vulnerability,,Microsoft,2021-02-02,2021-06-17,135
ZDI-21-699,ZDI-CAN-13078,Microsoft,,6.6,2021-06-17,,(0Day) Microsoft 3D Builder OBJ File Parsing Out-Of-Bounds Write Remote Code Execution Vulnerability,,Microsoft,2021-02-02,2021-06-17,135
ZDI-21-698,ZDI-CAN-13052,Microsoft,,6.6,2021-06-17,,(0Day) Microsoft Print 3D PLY File Parsing Out-Of-Bounds Write Remote Code Execution Vulnerability,,Microsoft,2021-02-02,2021-06-17,135
ZDI-21-697,ZDI-CAN-13051,Microsoft,,6.6,2021-06-17,,(0Day) Microsoft 3D Builder PLY File Parsing Out-Of-Bounds Write Remote Code Execution Vulnerability,,Microsoft,2021-02-02,2021-06-17,135
ZDI-21-696,ZDI-CAN-13050,Microsoft,,6.6,2021-06-17,,(0Day) Microsoft Print 3D PLY File Parsing Out-Of-Bounds Read Remote Code Execution Vulnerability,,Microsoft,2021-02-02,2021-06-17,135
ZDI-21-695,ZDI-CAN-13049,Microsoft,,6.6,2021-06-17,,(0Day) Microsoft 3D Builder PLY File Parsing Out-Of-Bounds Read Remote Code Execution Vulnerability,,Microsoft,2021-02-02,2021-06-17,135
ZDI-21-684,ZDI-CAN-13080,Microsoft,CVE-2021-31946,6.6,2021-06-14,,Microsoft Paint 3D STL File Parsing Out-Of-Bounds Read Remote Code Execution Vulnerability,,Microsoft,2021-02-02,2021-06-14,132
ZDI-21-671,ZDI-CAN-12872,Microsoft,CVE-2021-31946,6.6,2021-06-10,,Microsoft Paint 3D GLB File Parsing Out-Of-Bounds Read Remote Code Execution Vulnerability,,Microsoft,2021-02-02,2021-06-10,128
ZDI-21-670,ZDI-CAN-13681,Microsoft,CVE-2021-31939,7.8,2021-06-10,,Microsoft Excel XLS File Parsing Use-After-Free Remote Code Execution Vulnerability,,Microsoft,2021-05-07,2021-06-10,34
ZDI-21-669,ZDI-CAN-13281,Microsoft,CVE-2021-31941,7.8,2021-06-10,,Microsoft Excel XLS File Parsing Use-After-Free Remote Code Execution Vulnerability,,Microsoft,2021-03-12,2021-06-10,90
ZDI-21-668,ZDI-CAN-13097,Microsoft,CVE-2021-31954,8.8,2021-06-10,,Microsoft Windows CLFS Heap-based Buffer Overflow Privilege Escalation Vulnerability,,Microsoft,2021-03-05,2021-06-10,97
ZDI-21-667,ZDI-CAN-12873,Microsoft,CVE-2021-31945,6.6,2021-06-10,,Microsoft Paint 3D GLB File Parsing Out-Of-Bounds Read Remote Code Execution Vulnerability,,Microsoft,2021-02-02,2021-06-10,128
ZDI-21-666,ZDI-CAN-13738,Adobe,CVE-2021-28630,3.3,2021-06-10,,Adobe Animate FLA File Parsing Out-Of-Bounds Read Information Disclosure Vulnerability,,Adobe,2021-04-30,2021-06-10,41
ZDI-21-665,ZDI-CAN-13705,Adobe,CVE-2021-28622,7.8,2021-06-10,,Adobe Animate BMP File Parsing Out-Of-Bounds Write Remote Code Execution Vulnerability,,Adobe,2021-04-30,2021-06-10,41
ZDI-21-664,ZDI-CAN-13737,Adobe,CVE-2021-28621,7.8,2021-06-10,,Adobe Animate FLA File Parsing Out-Of-Bounds Read Remote Code Execution Vulnerability,,Adobe,2021-04-30,2021-06-10,41
ZDI-21-663,ZDI-CAN-13471,Adobe,CVE-2021-28632,7.8,2021-06-10,,Adobe Acrobat Reader DC AcroForm Field Use-After-Free Remote Code Execution Vulnerability,,Adobe,2021-04-14,2021-06-10,57
ZDI-21-662,ZDI-CAN-13481,Adobe,CVE-2021-28631,7.8,2021-06-10,,Adobe Acrobat Reader DC AcroForm Field Use-After-Free Remote Code Execution Vulnerability,,Adobe,2021-04-14,2021-06-10,57
ZDI-21-661,ZDI-CAN-13454,Adobe,CVE-2021-28552,7.8,2021-06-10,,Adobe Acrobat Reader DC XFA Template Use-After-Free Remote Code Execution Vulnerability,,Adobe,2021-04-02,2021-06-10,69
ZDI-21-660,ZDI-CAN-13088,Adobe,CVE-2021-28588,8.8,2021-06-10,,Adobe RoboHelp Server folderId Directory Traversal Remote Code Execution Vulnerability,,Adobe,2021-04-02,2021-06-10,69
ZDI-21-659,ZDI-CAN-13168,Adobe,CVE-2021-28554,7.8,2021-06-10,,Adobe Acrobat Reader DC Path Parsing Out-Of-Bounds Read Remote Code Execution Vulnerability,,Adobe,2021-03-24,2021-06-10,78
ZDI-21-658,ZDI-CAN-13048,Microsoft,CVE-2021-31983,6.6,2021-06-10,,Microsoft Print 3D PLY File Parsing Out-Of-Bounds Read Remote Code Execution Vulnerability,,Microsoft,2021-02-02,2021-06-10,128
ZDI-21-617,ZDI-CAN-12626,Apple,CVE-2021-1838,3.3,2021-06-02,,Apple macOS ImageIO PICT File Parsing Out-Of-Bounds Read Information Disclosure Vulnerability,,Apple,2020-12-16,2021-06-02,168
ZDI-21-615,ZDI-CAN-13594,Microsoft,CVE-2021-31209,3.5,2021-05-26,,(Pwn2Own) Microsoft Exchange Server Missing Check of Message Integrity Vulnerability,,Microsoft,2021-04-08,2021-05-26,48
ZDI-21-600,ZDI-CAN-12776,Apple,CVE-2021-1881,4.3,2021-05-20,2021-05-20,Apple macOS libFontParser OTF Font Parsing Out-Of-Bounds Read Information Disclosure Vulnerability,,Apple,2021-01-08,2021-05-20,132
ZDI-21-599,ZDI-CAN-12775,Apple,CVE-2021-1858,4.3,2021-05-20,2021-05-20,Apple macOS KTX Image DecodeRow Out-Of-Bounds Read Information Disclosure Vulnerability,,Apple,2021-01-08,2021-05-20,132
ZDI-21-598,ZDI-CAN-12688,Apple,CVE-2021-1814,3.3,2021-05-20,2021-05-20,Apple macOS ImageIO DDS File Parsing Out-Of-Bounds Read Information Disclosure Vulnerability,,Apple,2020-12-18,2021-05-20,153
ZDI-21-597,ZDI-CAN-12157,Apple,CVE-2021-30745,7.8,2021-05-20,2021-05-20,Apple macOS QuartzCore Type Confusion Privilege Escalation Vulnerability,,Apple,2020-12-18,2021-05-20,153
ZDI-21-596,ZDI-CAN-12195,Apple,CVE-2021-1834,7.8,2021-05-20,2021-05-20,Apple macOS AppleIntelKBLGraphics IOCTL 0x30002 Out-Of-Bounds Write Privilege Escalation Vulnerability,,Apple,2020-12-18,2021-05-20,153
ZDI-21-595,ZDI-CAN-12196,Apple,CVE-2021-1834,7.8,2021-05-20,2021-05-20,Apple macOS AppleIntelKBLGraphics IOCTL 0x30005 Out-Of-Bounds Write Privilege Escalation Vulnerability,,Apple,2020-12-18,2021-05-20,153
ZDI-21-594,ZDI-CAN-12334,Microsoft,,7.8,2021-05-18,,(0Day) Microsoft Windows JET Database Engine Memory Corruption Remote Code Execution Vulnerability,,Microsoft,2020-11-13,2021-05-18,186
ZDI-21-587,ZDI-CAN-13526,Adobe,CVE-2021-28587,3.3,2021-05-13,,Adobe After Effects TIF File Parsing Out-Of-Bounds Read Information Disclosure Vulnerability,,Adobe,2021-03-31,2021-05-13,43
ZDI-21-586,ZDI-CAN-13524,Adobe,CVE-2021-28586,7.8,2021-05-13,,Adobe After Effects PDF File Parsing Out-Of-Bounds Write Remote Code Execution Vulnerability,,Adobe,2021-03-31,2021-05-13,43
ZDI-21-585,ZDI-CAN-12752,Adobe,CVE-2021-21090,7.8,2021-05-13,,Adobe InCopy DOCX File Parsing Directory Traversal Remote Code Execution Vulnerability,,Adobe,2020-12-18,2021-05-13,146
ZDI-21-584,ZDI-CAN-12542,Adobe,CVE-2021-21102,7.8,2021-05-13,,Adobe Illustrator DOCX File Parsing Directory Traversal Remote Code Execution Vulnerability,,Adobe,2020-12-16,2021-05-13,148
ZDI-21-583,ZDI-CAN-12405,Adobe,CVE-2021-21099,7.8,2021-05-13,,Adobe InDesign PCX File Parsing Out-Of-Bounds Write Remote Code Execution Vulnerability,,Adobe,2020-12-04,2021-05-13,160
ZDI-21-582,ZDI-CAN-12510,Adobe,CVE-2021-21098,7.8,2021-05-13,,Adobe InDesign PCX File Parsing Out-Of-Bounds Write Remote Code Execution Vulnerability,,Adobe,2020-12-04,2021-05-13,160
ZDI-21-581,ZDI-CAN-12458,Adobe,CVE-2021-21101,7.8,2021-05-13,,Adobe Illustrator TTF Font Parsing Out-Of-Bounds Write Remote Code Execution Vulnerability,,Adobe,2020-12-02,2021-05-13,162
ZDI-21-580,ZDI-CAN-13497,Microsoft,CVE-2021-31175,7.8,2021-05-13,,Microsoft Office Graph Use-After-Free Remote Code Execution Vulnerability,,Microsoft,2021-04-02,2021-05-13,41
ZDI-21-579,ZDI-CAN-13237,Microsoft,CVE-2021-28465,6.6,2021-05-13,,Microsoft Windows Groove Music FLAC File Parsing Out-Of-Bounds Write Remote Code Execution Vulnerability,,Microsoft,2021-03-10,2021-05-13,64
ZDI-21-578,ZDI-CAN-13321,Microsoft,CVE-2021-31170,8.8,2021-05-13,,Microsoft Windows win32kfull Palette Use-After-Free Privilege Escalation Vulnerability,,Microsoft,2021-03-03,2021-05-13,71
ZDI-21-577,ZDI-CAN-13320,Microsoft,CVE-2021-31188,6.5,2021-05-13,,Microsoft Windows win32kfull Font Entry Use-After-Free Information Disclosure Vulnerability,,Microsoft,2021-03-03,2021-05-13,71
ZDI-21-576,ZDI-CAN-12935,Microsoft,CVE-2021-31177,7.8,2021-05-13,,Microsoft Excel XLS File Parsing Use-After-Free Remote Code Execution Vulnerability,,Microsoft,2021-02-26,2021-05-13,76
ZDI-21-575,ZDI-CAN-12934,Microsoft,CVE-2021-31176,7.8,2021-05-13,,Microsoft Excel XLS File Parsing Use-After-Free Remote Code Execution Vulnerability,,Microsoft,2021-02-26,2021-05-13,76
ZDI-21-574,ZDI-CAN-12949,Microsoft,CVE-2021-28474,8.8,2021-05-13,,Microsoft SharePoint Server-Side Control Interpretation Conflict Remote Code Execution Vulnerability,,Microsoft,2021-02-08,2021-05-13,94
ZDI-21-573,ZDI-CAN-12948,Microsoft,CVE-2021-31181,8.8,2021-05-13,,Microsoft SharePoint WebPart Interpretation Conflict Remote Code Execution Vulnerability,,Microsoft,2021-02-08,2021-05-13,94
ZDI-21-572,ZDI-CAN-12806,Microsoft,CVE-2021-28465,6.6,2021-05-13,,Microsoft Windows Groove Music FLAC File Parsing Out-Of-Bounds Write Remote Code Execution Vulnerability,,Microsoft,2021-02-02,2021-05-13,100
ZDI-21-571,ZDI-CAN-12792,Microsoft,CVE-2021-31187,7.8,2021-05-13,,Microsoft Windows WalletService Directory Junction Privilege Escalation Vulnerability,,Microsoft,2021-01-29,2021-05-13,104
ZDI-21-508,ZDI-CAN-12152,Microsoft,,4.5,2021-05-05,,Microsoft Windows Raw Image Extension 3FR File Parsing Integer Underflow Remote Code Execution Vulnerability,,Microsoft,2020-10-28,2021-05-05,189
ZDI-21-507,ZDI-CAN-12594,Microsoft,CVE-2021-27054,7.8,2021-05-05,,Microsoft Excel XLS File Parsing Use-After-Free Remote Code Execution Vulnerability,,Microsoft,2020-12-18,2021-05-05,138
ZDI-21-506,ZDI-CAN-12635,Microsoft,,5.3,2021-05-04,,Microsoft Windows Raw Image Extension X3F File Parsing Out-Of-Bounds Write Remote Code Execution Vulnerability,,Microsoft,2020-12-04,2021-05-04,151
ZDI-21-504,ZDI-CAN-12781,Microsoft,CVE-2021-1648,7.8,2021-05-03,,Microsoft Windows splwow64 Out-Of-Bounds Read Privilege Escalation Vulnerability,,Microsoft,2021-01-05,2021-05-03,118
ZDI-21-501,ZDI-CAN-12577,Microsoft,CVE-2021-27077,7.8,2021-04-29,,Microsoft Windows win32kfull MulDrawStream Untrusted Pointer Dereference Privilege Escalation Vulnerability,,Microsoft,2020-12-23,2021-04-29,127
ZDI-21-500,ZDI-CAN-12575,Microsoft,CVE-2021-27077,7.8,2021-04-29,,Microsoft Windows win32kfull MulTransparentBlt Untrusted Pointer Dereference Privilege Escalation Vulnerability,,Microsoft,2020-12-23,2021-04-29,127
ZDI-21-499,ZDI-CAN-12574,Microsoft,CVE-2021-27077,7.8,2021-04-29,,Microsoft Windows win32kfull MulStretchBlt Untrusted Pointer Dereference Privilege Escalation Vulnerability,,Microsoft,2020-12-23,2021-04-29,127
ZDI-21-498,ZDI-CAN-12573,Microsoft,CVE-2021-27077,7.8,2021-04-29,,Microsoft Windows win32kfull MulFillPath Untrusted Pointer Dereference Privilege Escalation Vulnerability,,Microsoft,2020-12-23,2021-04-29,127
ZDI-21-497,ZDI-CAN-12572,Microsoft,CVE-2021-27077,7.8,2021-04-29,,Microsoft Windows win32kfull MulAlphaBlend Untrusted Pointer Dereference Privilege Escalation Vulnerability,,Microsoft,2020-12-23,2021-04-29,127
ZDI-21-496,ZDI-CAN-12571,Microsoft,CVE-2021-27077,7.8,2021-04-29,,Microsoft Windows win32kfull MulLineTo Untrusted Pointer Dereference Privilege Escalation Vulnerability,,Microsoft,2020-12-23,2021-04-29,127
ZDI-21-495,ZDI-CAN-12570,Microsoft,CVE-2021-27077,7.8,2021-04-29,,Microsoft Windows win32kfull MulTextOut Untrusted Pointer Dereference Privilege Escalation Vulnerability,,Microsoft,2020-12-23,2021-04-29,127
ZDI-21-494,ZDI-CAN-12569,Microsoft,CVE-2021-27077,7.8,2021-04-29,,Microsoft Windows win32kfull MulStrokeAndFillPath Untrusted Pointer Dereference Privilege Escalation Vulnerability,,Microsoft,2020-12-23,2021-04-29,127
ZDI-21-493,ZDI-CAN-12511,Microsoft,CVE-2021-1640,6.1,2021-04-29,,Microsoft Windows Print Spooler Time-Of-Check Time-Of-Use Denial-of-Service Vulnerability,,Microsoft,2020-12-04,2021-04-29,146
ZDI-21-486,ZDI-CAN-11959,Apple,CVE-2020-27897,7.8,2021-04-28,,Apple macOS AppleIntelKBLGraphics IOCTL 0x10003 Out-Of-Bounds Write Privilege Escalation Vulnerability,,Apple,2020-09-30,2021-04-28,210
ZDI-21-482,ZDI-CAN-12576,Microsoft,CVE-2021-27077,7.8,2021-04-28,,Microsoft Windows win32kfull MulStrokePath Untrusted Pointer Dereference Privilege Escalation Vulnerability,,Microsoft,2020-12-23,2021-04-28,126
ZDI-21-424,ZDI-CAN-12445,Microsoft,CVE-2021-28326,6.1,2021-04-21,,Microsoft Windows AppX Deployment Service Directory Junction Denial-of-Service Vulnerability,,Microsoft,2021-01-05,2021-04-21,106
ZDI-21-423,ZDI-CAN-12701,Microsoft,CVE-2021-28453,7.8,2021-04-21,,Microsoft Word DOC File Parsing Use-After-Free Remote Code Execution Vulnerability,,Microsoft,2021-01-29,2021-04-21,82
ZDI-21-421,ZDI-CAN-12472,Microsoft,CVE-2021-28468,7.8,2021-04-19,,Microsoft Windows Raw Image Extension CR3 File Parsing Type Confusion Remote Code Execution Vulnerability,,Microsoft,2020-12-02,2021-04-19,138
ZDI-21-418,ZDI-CAN-12536,Adobe,CVE-2021-21095,7.8,2021-04-15,,Adobe Bridge TTF Font Parsing Out-Of-Bounds Write Remote Code Execution Vulnerability,,Adobe,2021-01-05,2021-04-15,100
ZDI-21-417,ZDI-CAN-12735,Adobe,CVE-2021-21096,6.1,2021-04-15,,Adobe Bridge Genuine Software Service Incorrect Permission Assignment Denial-of-Service Vulnerability,,Adobe,2021-02-10,2021-04-15,64
ZDI-21-416,ZDI-CAN-12539,Adobe,CVE-2021-21094,7.8,2021-04-15,,Adobe Bridge PDF File Parsing Out-Of-Bounds Write Remote Code Execution Vulnerability,,Adobe,2020-12-18,2021-04-15,118
ZDI-21-415,ZDI-CAN-12475,Adobe,CVE-2021-21092,7.8,2021-04-15,,Adobe Bridge DCM File Parsing Memory Corruption Remote Code Execution Vulnerability,,Adobe,2020-12-16,2021-04-15,120
ZDI-21-414,ZDI-CAN-12474,Adobe,CVE-2021-21093,7.8,2021-04-15,,Adobe Bridge SGI File Parsing Memory Corruption Remote Code Execution Vulnerability,,Adobe,2020-12-16,2021-04-15,120
ZDI-21-413,ZDI-CAN-12391,Adobe,CVE-2021-21091,3.3,2021-04-15,,Adobe Bridge HEIC File Parsing Out-Of-Bounds Read Information Disclosure Vulnerability,,Adobe,2020-12-09,2021-04-15,127
ZDI-21-411,ZDI-CAN-13569,Google,CVE-2021-21220,8.8,2021-04-15,2024-01-08,(Pwn2Own) Google Chromium V8 XOR Typer Mismatch Out-Of-Bounds Access Remote Code Execution Vulnerability,,Google,2021-04-07,2021-04-15,8
ZDI-21-410,ZDI-CAN-12703,Microsoft,CVE-2021-28454,7.8,2021-04-15,,Microsoft Excel XLS File Parsing Use-After-Free Remote Code Execution Vulnerability,,Microsoft,2021-01-29,2021-04-15,76
ZDI-21-409,ZDI-CAN-12403,Microsoft,CVE-2021-26415,7.3,2021-04-15,,Microsoft Windows Installer Service Untrusted File Path Arbitrary File Write Vulnerability,,Microsoft,2020-12-16,2021-04-15,120
ZDI-21-406,ZDI-CAN-13047,Microsoft,,6.6,2021-04-13,,(0Day) Microsoft 3D Builder PLY File Parsing Out-Of-Bounds Read Remote Code Execution Vulnerability,,Microsoft,2021-02-02,2021-04-13,70
ZDI-21-405,ZDI-CAN-12876,Microsoft,,6.6,2021-04-13,,(0Day) Microsoft Print 3D PLY File Parsing Out-Of-Bounds Read Remote Code Execution Vulnerability,,Microsoft,2021-02-02,2021-04-13,70
ZDI-21-403,ZDI-CAN-12568,Microsoft,CVE-2021-27077,7.8,2021-04-12,,Microsoft Windows win32kfull MulGradientFill Untrusted Pointer Dereference Privilege Escalation Vulnerability,,Microsoft,2020-12-23,2021-04-12,110
ZDI-21-397,ZDI-CAN-11961,Apple,CVE-2020-27897,7.8,2021-03-30,,Apple macOS AppleIntelKBLGraphics IOCTL 0x10011 Out-Of-Bounds Write Privilege Escalation Vulnerability,,Apple,2020-09-30,2021-03-30,181
ZDI-21-396,ZDI-CAN-11960,Apple,CVE-2020-27897,7.8,2021-03-30,,Apple macOS AppleIntelKBLGraphics IOCTL 0x30000 Out-Of-Bounds Write Privilege Escalation Vulnerability,,Apple,2020-09-30,2021-03-30,181
ZDI-21-395,ZDI-CAN-11623,Apple,CVE-2020-27897,7.8,2021-03-30,,Apple macOS AppleIntelKBLGraphics IOCTL 0x10015 Out-Of-Bounds Write Privilege Escalation Vulnerability,,Apple,2020-09-18,2021-03-30,193
ZDI-21-394,ZDI-CAN-11621,Apple,CVE-2020-27897,7.8,2021-03-30,,Apple macOS AppleIntelKBLGraphics IOCTL 0x10012 Out-Of-Bounds Write Privilege Escalation Vulnerability,,Apple,2020-09-18,2021-03-30,193
ZDI-21-393,ZDI-CAN-11619,Apple,CVE-2020-27897,7.8,2021-03-30,,Apple macOS AppleIntelKBLGraphics IOCTL 0x10013 Out-Of-Bounds Write Privilege Escalation Vulnerability,,Apple,2020-09-18,2021-03-30,193
ZDI-21-392,ZDI-CAN-11618,Apple,CVE-2020-27897,7.8,2021-03-30,,Apple macOS AppleIntelKBLGraphics IOCTL 0x1000F Out-Of-Bounds Write Privilege Escalation Vulnerability,,Apple,2020-09-18,2021-03-30,193
ZDI-21-391,ZDI-CAN-11617,Apple,CVE-2020-27897,7.8,2021-03-30,,Apple macOS AppleIntelKBLGraphics IOCTL 0x10010 Out-Of-Bounds Write Privilege Escalation Vulnerability,,Apple,2020-09-18,2021-03-30,193
ZDI-21-390,ZDI-CAN-11616,Apple,CVE-2020-27897,7.8,2021-03-30,,Apple macOS AppleIntelKBLGraphics IOCTL 0x10014 Out-Of-Bounds Write Privilege Escalation Vulnerability,,Apple,2020-09-18,2021-03-30,193
ZDI-21-389,ZDI-CAN-11615,Apple,CVE-2020-29612,7.8,2021-03-30,,Apple macOS patch_encoding_common Out-Of-Bounds Write Privilege Escalation Vulnerability,,Apple,2020-09-18,2021-03-30,193
ZDI-21-388,ZDI-CAN-11587,Apple,CVE-2020-27897,7.8,2021-03-30,,Apple macOS AppleIntelKBLGraphics IOCTL 0x10008 Out-Of-Bounds Write Privilege Escalation Vulnerability,,Apple,2020-09-18,2021-03-30,193
ZDI-21-387,ZDI-CAN-11586,Apple,CVE-2020-27897,7.8,2021-03-30,,Apple macOS AppleIntelKBLGraphics IOCTL 0x1000C Out-Of-Bounds Write Privilege Escalation Vulnerability,,Apple,2020-09-18,2021-03-30,193
ZDI-21-386,ZDI-CAN-11585,Apple,CVE-2020-27897,7.8,2021-03-30,,Apple macOS AppleIntelKBLGraphics IOCTL 0x1000A Out-Of-Bounds Write Privilege Escalation Vulnerability,,Apple,2020-09-18,2021-03-30,193
ZDI-21-385,ZDI-CAN-11584,Apple,CVE-2020-27897,7.8,2021-03-30,,Apple macOS AppleIntelKBLGraphics IOCTL 0x1000B Out-Of-Bounds Write Privilege Escalation Vulnerability,,Apple,2020-09-18,2021-03-30,193
ZDI-21-384,ZDI-CAN-11496,Apple,CVE-2020-27897,7.8,2021-03-30,,Apple macOS AppleIntelKBLGraphics IOCTL 0x30004 Out-Of-Bounds Write Privilege Escalation Vulnerability,,Apple,2020-09-18,2021-03-30,193
ZDI-21-383,ZDI-CAN-11494,Apple,CVE-2020-27897,7.8,2021-03-30,,Apple macOS AppleIntelKBLGraphics IOCTL 0x1000E Out-Of-Bounds Write Privilege Escalation Vulnerability,,Apple,2020-09-18,2021-03-30,193
ZDI-21-382,ZDI-CAN-11493,Apple,CVE-2020-27897,7.8,2021-03-30,,Apple macOS AppleIntelKBLGraphics IOCTL 0x30003 Out-Of-Bounds Write Privilege Escalation Vulnerability,,Apple,2020-09-18,2021-03-30,193
ZDI-21-381,ZDI-CAN-11473,Apple,CVE-2020-27897,7.8,2021-03-30,,Apple macOS AppleIntelKBLGraphics IOCTL 0x10009 Out-Of-Bounds Write Privilege Escalation Vulnerability,,Apple,2020-09-18,2021-03-30,193
ZDI-21-380,ZDI-CAN-11472,Apple,CVE-2020-27897,7.8,2021-03-30,,Apple macOS AppleIntelKBLGraphics IOCTL 0x1000D Out-Of-Bounds Write Privilege Escalation Vulnerability,,Apple,2020-09-18,2021-03-30,193
ZDI-21-379,ZDI-CAN-11470,Apple,CVE-2020-27897,7.8,2021-03-30,,Apple macOS AppleIntelKBLGraphics IOCTL 0x20001 Out-Of-Bounds Write Privilege Escalation Vulnerability,,Apple,2020-09-18,2021-03-30,193
ZDI-21-378,ZDI-CAN-11469,Apple,CVE-2020-27897,7.8,2021-03-30,,Apple macOS AppleIntelKBLGraphics IOCTL 0x10004 Out-Of-Bounds Write Privilege Escalation Vulnerability,,Apple,2020-09-16,2021-03-30,195
ZDI-21-377,ZDI-CAN-11468,Apple,CVE-2020-27947,7.8,2021-03-30,,Apple macOS process_token_AVCDecode Out-Of-Bounds Write Privilege Escalation Vulnerability,,Apple,2020-09-16,2021-03-30,195
ZDI-21-376,ZDI-CAN-11449,Apple,CVE-2020-29610,3.3,2021-03-30,,Apple macOS AudioToolboxCore MP4 File Parsing Out-Of-Bounds Read Information Disclosure Vulnerability,,Apple,2020-09-16,2021-03-30,195
ZDI-21-375,ZDI-CAN-11448,Apple,CVE-2020-27908,7.8,2021-03-30,,Apple macOS AudioCodecs MP4 File Parsing Signed to Unsigned Conversion Remote Code Execution Vulnerability,,Apple,2020-09-16,2021-03-30,195
ZDI-21-374,ZDI-CAN-11447,Apple,CVE-2020-27909,7.8,2021-03-30,,Apple macOS AudioCodecs MP4 File Parsing Out-Of-Bounds Write Remote Code Execution Vulnerability,,Apple,2020-09-16,2021-03-30,195
ZDI-21-336,ZDI-CAN-12856,Adobe,CVE-2021-21089,3.3,2021-03-18,,Adobe Acrobat Reader DC URI Parsing Out-Of-Bounds Read Information Disclosure Vulnerability,,Adobe,2021-01-20,2021-03-18,57
ZDI-21-335,ZDI-CAN-12441,Adobe,CVE-2021-21088,7.8,2021-03-18,,Adobe Acrobat Pro DC colorConvertPage Use-After-Free Remote Code Execution Vulnerability,,Adobe,2020-12-09,2021-03-18,99
ZDI-21-334,ZDI-CAN-12753,Microsoft,CVE-2021-27057,7.8,2021-03-17,,Microsoft Office Graph Uninitialized Variable Remote Code Execution Vulnerability,,Microsoft,2021-01-05,2021-03-17,71
ZDI-21-333,ZDI-CAN-12518,Microsoft,CVE-2021-27056,7.8,2021-03-17,,Microsoft PowerPoint PPTX File Parsing Use-After-Free Remote Code Execution Vulnerability,,Microsoft,2021-01-05,2021-03-17,71
ZDI-21-332,ZDI-CAN-12485,Microsoft,CVE-2021-27053,7.8,2021-03-17,,Microsoft Excel XLS File Parsing Use-After-Free Remote Code Execution Vulnerability,,Microsoft,2020-12-04,2021-03-17,103
ZDI-21-331,ZDI-CAN-12484,Microsoft,CVE-2021-26900,8.8,2021-03-17,2021-03-17,Microsoft Windows CInteractionTrackerMarshaler Use-After-Free Privilege Escalation Vulnerability,,Microsoft,2020-12-04,2021-03-17,103
ZDI-21-330,ZDI-CAN-12299,Microsoft,CVE-2021-26892,5.5,2021-03-17,,Microsoft Windows EFI Partition Incorrect Authorization Denial-of-Service Vulnerability,,Microsoft,2020-12-09,2021-03-17,98
ZDI-21-329,ZDI-CAN-12110,Microsoft,CVE-2021-27070,7.3,2021-03-17,,Microsoft Windows Update Assistant Improper Access Control Privilege Escalation Vulnerability,,Microsoft,2020-11-11,2021-03-17,126
ZDI-21-328,ZDI-CAN-12109,Microsoft,CVE-2021-26889,7.8,2021-03-17,,Microsoft Windows Setup Directory Junction Privilege Escalation Vulnerability,,Microsoft,2020-11-11,2021-03-17,126
ZDI-21-327,ZDI-CAN-12108,Microsoft,CVE-2021-26886,6.1,2021-03-17,,Microsoft Windows User Profile Service Directory Junction Denial-of-Service Vulnerability,,Microsoft,2020-11-11,2021-03-17,126
ZDI-21-287,ZDI-CAN-12672,Microsoft,CVE-2021-27077,7.8,2021-03-15,,Microsoft Windows win32kfull bStretch NULL Pointer Dereference Privilege Escalation Vulnerability,,Microsoft,2020-12-23,2021-03-15,82
ZDI-21-286,ZDI-CAN-12442,Microsoft,CVE-2021-26866,6.1,2021-03-15,,Microsoft Windows Update Agent Directory Junction Denial-of-Service Vulnerability,,Microsoft,2020-12-04,2021-03-15,101
ZDI-21-285,ZDI-CAN-12324,Microsoft,CVE-2021-26862,7.8,2021-03-15,,Microsoft Windows Installer Service Directory Junction Privilege Escalation Vulnerability,,Microsoft,2020-12-04,2021-03-15,101
ZDI-21-284,ZDI-CAN-12093,Microsoft,CVE-2021-1729,6.1,2021-03-15,,Microsoft Windows Setup Directory Junction Denial-of-Service Vulnerability,,Microsoft,2020-11-18,2021-03-15,117
ZDI-21-283,ZDI-CAN-12194,Microsoft,CVE-2021-26873,7.0,2021-03-15,,Microsoft Windows User Profile Service Directory Junction Privilege Escalation Vulnerability,,Microsoft,2020-11-11,2021-03-15,124
ZDI-21-282,ZDI-CAN-12514,Adobe,CVE-2021-21056,7.8,2021-03-15,,Adobe FrameMaker PDF File Parsing Out-of-Bounds Read Remote Code Execution Vulnerability,,Adobe,2021-01-05,2021-03-15,69
ZDI-21-281,ZDI-CAN-12450,Adobe,CVE-2021-21069,7.8,2021-03-15,,Adobe Creative Cloud Improper Privilege Management Privilege Escalation Vulnerability,,Adobe,2021-02-03,2021-03-15,40
ZDI-21-280,ZDI-CAN-11102,Google,CVE-2021-0458,5.5,2021-03-12,2021-06-29,Google Android fts_driver_test_write Integer Overflow Information Disclosure Vulnerability,,Google,2020-05-20,2021-03-12,296
ZDI-21-279,ZDI-CAN-11094,Google,CVE-2021-0457,7.8,2021-03-12,2021-06-29,Google Android fts_driver_test_write Heap-based Buffer Overflow Privilege Escalation Vulnerability,,Google,2020-05-20,2021-03-12,296
ZDI-21-278,ZDI-CAN-11093,Google,CVE-2021-0459,5.5,2021-03-12,2021-06-29,Google Android fts_driver_test_write Out-Of-Bounds Read Information Disclosure Vulnerability,,Google,2020-05-20,2021-03-12,296
ZDI-21-276,ZDI-CAN-12086,Microsoft,CVE-2021-27076,8.8,2021-03-11,,Microsoft SharePoint InfoPath List Deserialization of Untrusted Data Remote Code Execution Vulnerability,,Microsoft,2020-10-28,2021-03-11,134
ZDI-21-265,ZDI-CAN-11087,Google,CVE-2021-0460,5.5,2021-03-09,2021-06-29,Google Android fts_driver_test_write Out-Of-Bounds Read Information Disclosure Vulnerability,,Google,2020-05-15,2021-03-09,298
ZDI-21-251,ZDI-CAN-12053,Apple,CVE-2021-1791,5.6,2021-02-03,2021-02-24,Apple iOS FairplayIOKit Out-Of-Bounds Read Information Disclosure Vulnerability,,Apple,2020-10-02,2021-02-03,124
ZDI-21-216,ZDI-CAN-12197,Mozilla,CVE-2020-16048,4.3,2021-02-24,,Mozilla Firefox WebGL2 compressedTexImage3D Handling Out-Of-Bounds Read Information Disclosure Vulnerability,,Mozilla,2020-11-11,2021-02-24,105
ZDI-21-202,ZDI-CAN-11495,Apple,CVE-2021-1805,7.8,2021-02-24,,Apple macOS process_token_BindQueryBufferMultiple Out-Of-Bounds Write Privilege Escalation Vulnerability,,Apple,2020-09-18,2021-02-24,159
ZDI-21-201,ZDI-CAN-11438,Apple,CVE-2021-1806,7.8,2021-02-24,,Apple macOS process_token_BlitLibSetup2D Time-Of-Check Time-Of-Use Privilege Escalation Vulnerability,,Apple,2020-09-02,2021-02-24,175
ZDI-21-200,ZDI-CAN-11422,Apple,CVE-2021-1806,7.8,2021-02-24,,Apple macOS process_token_BindQueryStoreRegisterToMemoryList Time-Of-Check Time-Of-Use Privilege Escalation Vulnerability,,Apple,2020-09-02,2021-02-24,175
ZDI-21-199,ZDI-CAN-11421,Apple,CVE-2021-1805,7.8,2021-02-24,,Apple macOS process_token_BindQueryStoreRegisterToMemoryList Out-Of-Bounds Write Privilege Escalation Vulnerability,,Apple,2020-09-02,2021-02-24,175
ZDI-21-198,ZDI-CAN-11420,Apple,CVE-2021-1806,7.8,2021-02-24,,Apple macOS process_token_BindQueryStoreRegisterToMemoryList Time-Of-Check Time-Of-Use Privilege Escalation Vulnerability,,Apple,2020-09-02,2021-02-24,175
ZDI-21-197,ZDI-CAN-11419,Apple,CVE-2021-1806,7.8,2021-02-24,,Apple macOS process_token_BindQueryBufferMultiple Time-Of-Check Time-Of-Use Privilege Escalation Vulnerability,,Apple,2020-09-02,2021-02-24,175
ZDI-21-196,ZDI-CAN-11418,Apple,CVE-2021-1805,7.8,2021-02-24,,Apple macOS process_token_BindQueryStoreRegisterToMemoryList Out-Of-Bounds Write Privilege Escalation Vulnerability,,Apple,2020-08-28,2021-02-24,180
ZDI-21-194,ZDI-CAN-12135,Microsoft,CVE-2021-24066,8.8,2021-02-12,,Microsoft SharePoint Workflow Deserialization of Untrusted Data Remote Code Execution Vulnerability,,Microsoft,2020-10-30,2021-02-12,105
ZDI-21-193,ZDI-CAN-12628,Apple,CVE-2021-1737,7.8,2021-02-12,,Apple macOS ImageIO PIC File Parsing Out-Of-Bounds Write Remote Code Execution Vulnerability,,Apple,2020-12-16,2021-02-12,58
ZDI-21-181,ZDI-CAN-12114,Microsoft,CVE-2021-24070,7.8,2021-02-10,,Microsoft Excel XLS File Parsing Use-After-Free Remote Code Execution Vulnerability,,Microsoft,2020-12-02,2021-02-10,70
ZDI-21-180,ZDI-CAN-12223,Microsoft,CVE-2021-24067,7.8,2021-02-10,,Microsoft Excel XLSX File Parsing Use-After-Free Remote Code Execution Vulnerability,,Microsoft,2020-11-11,2021-02-10,91
ZDI-21-179,ZDI-CAN-12218,Microsoft,CVE-2021-24081,7.8,2021-02-10,,Microsoft Windows Camera Codec Pack Image Processing Out-Of-Bounds Write Remote Code Execution Vulnerability,,Microsoft,2020-10-28,2021-02-10,105
ZDI-21-178,ZDI-CAN-12154,Microsoft,CVE-2021-24084,5.5,2021-02-10,,Microsoft Windows Device Management Enrollment Service Directory Junction Information Disclosure Vulnerability,,Microsoft,2020-10-28,2021-02-10,105
ZDI-21-177,ZDI-CAN-12169,Microsoft,CVE-2021-24091,8.8,2021-02-10,,Microsoft Windows Camera Codec Pack Out-Of-Bounds Write Remote Code Execution Vulnerability,,Microsoft,2020-10-23,2021-02-10,110
ZDI-21-176,ZDI-CAN-12162,Microsoft,CVE-2021-24083,7.8,2021-02-10,,Microsoft Windows wab32 WAB File Parsing Out-Of-Bounds Write Remote Code Execution Vulnerability,,Microsoft,2020-10-23,2021-02-10,110
ZDI-21-173,ZDI-CAN-12088,Adobe,CVE-2021-21021,7.8,2021-02-10,2021-03-08,Adobe Acrobat Reader DC Annotation getAnnots Method Use-After-Free Remote Code Execution Vulnerability,,Adobe,2020-10-23,2021-02-10,110
ZDI-21-172,ZDI-CAN-12546,Adobe,CVE-2021-21044,7.8,2021-02-10,,Adobe Acrobat Reader DC JPEG2000 Parsing Out-Of-Bounds Write Remote Code Execution Vulnerability,,Adobe,2020-12-18,2021-02-10,54
ZDI-21-171,ZDI-CAN-12429,Adobe,CVE-2021-21042,3.3,2021-02-10,,Adobe Acrobat Reader DC Annots File ID Out-Of-Bounds Read Information Disclosure Vulnerability,,Adobe,2020-12-09,2021-02-10,63
ZDI-21-170,ZDI-CAN-12440,Adobe,CVE-2021-21061,3.3,2021-02-10,,Adobe Acrobat Pro DC setAction Use-After-Free Information Disclosure Vulnerability,,Adobe,2020-12-02,2021-02-10,70
ZDI-21-169,ZDI-CAN-12074,Adobe,CVE-2021-21028,7.8,2021-03-08,2021-06-29,Adobe Acrobat Reader DC Annotation page Property Use-After-Free Remote Code Execution Vulnerability,,Adobe,2020-10-23,2021-03-08,136
ZDI-21-168,ZDI-CAN-12072,Adobe,CVE-2021-21033,7.8,2021-02-10,2021-03-08,Adobe Acrobat Reader DC Annotation setProps Method Use-After-Free Remote Code Execution Vulnerability,,Adobe,2020-10-23,2021-02-10,110
ZDI-21-167,ZDI-CAN-12071,Adobe,CVE-2021-21035,7.8,2021-02-10,2021-03-08,Adobe Acrobat Reader DC Annotation popupOpen Method Use-After-Free Remote Code Execution Vulnerability,,Adobe,2020-10-23,2021-02-10,110
ZDI-21-166,ZDI-CAN-12067,Adobe,CVE-2021-21034,3.3,2021-02-10,,Adobe Acrobat Reader DC URI Parsing Out-Of-Bounds Read Information Disclosure Vulnerability,,Adobe,2020-10-23,2021-02-10,110
ZDI-21-165,ZDI-CAN-12501,Adobe,CVE-2021-21054,7.8,2021-02-10,,Adobe Illustrator CDR File Parsing Out-Of-Bounds Write Remote Code Execution Vulnerability,,Adobe,2020-12-18,2021-02-10,54
ZDI-21-164,ZDI-CAN-12500,Adobe,CVE-2021-21053,7.8,2021-02-10,,Adobe Illustrator DWG File Parsing Out-Of-Bounds Write Remote Code Execution Vulnerability,,Adobe,2020-12-02,2021-02-10,70
ZDI-21-163,ZDI-CAN-12543,Adobe,CVE-2021-21050,7.8,2021-02-10,,Adobe Photoshop U3D File Parsing Out-Of-Bounds Read Remote Code Execution Vulnerability,,Adobe,2020-12-23,2021-02-10,49
ZDI-21-162,ZDI-CAN-12544,Adobe,CVE-2021-21049,7.8,2021-02-10,,Adobe Photoshop U3D File Parsing Out-Of-Bounds Read Remote Code Execution Vulnerability,,Adobe,2020-12-16,2021-02-10,56
ZDI-21-161,ZDI-CAN-12476,Adobe,CVE-2021-21048,7.8,2021-02-10,,Adobe Photoshop DCM File Parsing Memory Corruption Remote Code Execution Vulnerability,,Adobe,2020-12-09,2021-02-10,63
ZDI-21-160,ZDI-CAN-12448,Adobe,CVE-2021-21047,7.8,2021-02-10,,Adobe Photoshop TTF Font Parsing Out-Of-Bounds Write Remote Code Execution Vulnerability,,Adobe,2020-12-02,2021-02-10,70
ZDI-21-149,ZDI-CAN-12825,Apple,CVE-2021-1772,7.8,2021-02-04,,Apple macOS CoreText TTF Parsing Out-of-Bounds Write Remote Code Execution,,Apple,2021-01-08,2021-02-04,27
ZDI-21-148,ZDI-CAN-12754,Apple,CVE-2021-1792,3.3,2021-02-04,,Apple macOS CoreText TTF Parsing Out-of-Bounds Read Information Disclosure Vulnerability,,Apple,2020-12-18,2021-02-04,48
ZDI-21-147,ZDI-CAN-12627,Apple,CVE-2021-1743,7.8,2021-02-04,,Apple macOS ImageIO EXR Parsing Integer Overflow Remote Code Execution Vulnerability,,Apple,2020-12-16,2021-02-04,50
ZDI-21-146,ZDI-CAN-12328,Apple,CVE-2021-1746,7.8,2021-02-04,,Apple macOS ImageIO PICT File Parsing Out-Of-Bounds Write Remote Code Execution Vulnerability,,Apple,2020-11-11,2021-02-04,85
ZDI-21-145,ZDI-CAN-12198,Apple,CVE-2021-1768,3.3,2021-02-04,,Apple macOS ModelIO USD Parsing Out-Of-Bounds Read Information Disclosure Vulnerability,,Apple,2020-11-11,2021-02-04,85
ZDI-21-144,ZDI-CAN-12193,Apple,CVE-2021-1767,3.3,2021-02-04,,Apple macOS ModelIO USD Parsing Out-Of-Bounds Read Information Disclosure Vulnerability,,Apple,2020-11-11,2021-02-04,85
ZDI-21-143,ZDI-CAN-12233,Apple,CVE-2021-1763,7.8,2021-02-04,,Apple macOS ModelIO USD Parsing Heap-based Buffer Overflow Remote Code Execution Vulnerability,,Apple,2020-10-28,2021-02-04,99
ZDI-21-142,ZDI-CAN-12188,Apple,CVE-2021-1762,7.8,2021-02-04,,Apple macOS ModelIO USD Parsing Out-Of-Bounds Write Remote Code Execution Vulnerability,,Apple,2020-10-23,2021-02-04,104
ZDI-21-141,ZDI-CAN-12185,Apple,CVE-2021-1745,3.3,2021-02-04,,Apple macOS ModelIO USD Parsing Out-Of-Bounds Read Information Disclosure Vulnerability,,Apple,2020-10-23,2021-02-04,104
ZDI-21-140,ZDI-CAN-12153,Apple,,7.8,2021-02-04,,Apple macOS CoreText ApplyContextPosFormat2 TTF Parsing Stack-based Buffer Overflow Remote Code Execution Vulnerability,,Apple,2020-10-21,2021-02-04,106
ZDI-21-139,ZDI-CAN-12143,Apple,CVE-2021-1753,3.3,2021-02-04,,Apple macOS ModelIO USD Parsing Out-Of-Bounds Read Information Disclosure Vulnerability,,Apple,2020-10-21,2021-02-04,106
ZDI-21-138,ZDI-CAN-11876,Apple,CVE-2021-1775,3.3,2021-02-04,,Apple macOS libFontParser TTF Parsing Integer Underflow Information Disclosure Vulnerability,,Apple,2020-09-04,2021-02-04,153
ZDI-21-090,ZDI-CAN-12671,Microsoft,,7.8,2021-01-27,,(0Day) Microsoft Windows win32kfull bRotate NULL Pointer Dereference Privilege Escalation Vulnerability,,Microsoft,2020-12-23,2021-01-27,35
ZDI-21-089,ZDI-CAN-12565,Microsoft,,6.4,2021-01-27,,(0Day) Microsoft Windows PowerShell Shell Handler Command Injection Remote Code Execution Vulnerability,,Microsoft,2020-12-23,2021-01-27,35
ZDI-21-088,ZDI-CAN-12674,Microsoft,CVE-2021-1682,7.8,2021-01-27,,Microsoft Windows Event Tracing Out-Of-Bounds Access Privilege Escalation Vulnerability,,Microsoft,2021-01-05,2021-01-27,22
ZDI-21-078,ZDI-CAN-12782,Microsoft,CVE-2021-1648,7.8,2021-01-21,,Microsoft Windows splwow64 Out-Of-Bounds Read Privilege Escalation Vulnerability,,Microsoft,2021-01-05,2021-01-21,16
ZDI-21-070,ZDI-CAN-11792,Apple,CVE-2020-29616,3.3,2021-01-18,,Apple macOS CoreGraphics Image Parsing Out-Of-Bounds Read Information Disclosure Vulnerability,,Apple,2020-08-28,2021-01-18,143
ZDI-21-069,ZDI-CAN-11439,Apple,CVE-2020-10015,7.8,2021-01-18,,Apple macOS process_token_BlitLibSetup2D Out-Of-Bounds Write Privilege Escalation Vulnerability,,Apple,2020-09-02,2021-01-18,138
ZDI-21-027,ZDI-CAN-12087,Microsoft,CVE-2021-1642,6.1,2021-01-14,,Microsoft Windows AppX Deployment Service Directory Junction Denial-of-Service Vulnerability,,Microsoft,2020-11-18,2021-01-14,57
ZDI-21-026,ZDI-CAN-12184,Microsoft,CVE-2021-1715,7.8,2021-01-14,,Microsoft Word DOC File Parsing Out-Of-Bounds Write Remote Code Execution Vulnerability,,Microsoft,2020-11-11,2021-01-14,64
ZDI-21-025,ZDI-CAN-12170,Microsoft,CVE-2021-1685,7.0,2021-01-14,,Microsoft Windows AppX Deployment Service Directory Junction Privilege Escalation Vulnerability,,Microsoft,2020-10-30,2021-01-14,76
ZDI-21-024,ZDI-CAN-12052,Microsoft,CVE-2021-1648,7.0,2021-01-14,,Microsoft Windows splwow64 Out-Of-Bounds Read Privilege Escalation Vulnerability,,Microsoft,2020-10-02,2021-01-14,104
ZDI-21-023,ZDI-CAN-12044,Microsoft,CVE-2021-1713,7.8,2021-01-14,,Microsoft Excel XLS File Parsing Memory Corruption Remote Code Execution Vulnerability,,Microsoft,2020-10-28,2021-01-14,78
ZDI-21-022,ZDI-CAN-12033,Microsoft,CVE-2021-1648,7.0,2021-01-14,2021-06-29,Microsoft Windows splwow64 Untrusted Pointer Dereference Privilege Escalation Vulnerability,,Microsoft,2020-09-30,2021-01-14,106
ZDI-21-021,ZDI-CAN-11982,Microsoft,CVE-2021-1697,6.1,2021-01-14,2021-01-21,Microsoft Windows InstallService Directory Junction Denial-of-Service Vulnerability,,Microsoft,2020-09-30,2021-01-14,106
ZDI-21-020,ZDI-CAN-12034,Microsoft,CVE-2021-1648,7.0,2021-01-14,,Microsoft Windows splwow64 Out-Of-Bounds Read Privilege Escalation Vulnerability,,Microsoft,2020-09-30,2021-01-14,106
ZDI-21-019,ZDI-CAN-11909,Microsoft,CVE-2021-1695,7.8,2021-01-14,,Microsoft Windows Print Spooler Directory Junction Privilege Escalation Vulnerability,,Microsoft,2020-09-25,2021-01-14,111
ZDI-21-018,ZDI-CAN-12452,Adobe,CVE-2021-21065,7.8,2021-01-12,,Adobe Bridge TTF Font Parsing Out-Of-Bounds Write Remote Code Execution Vulnerability,,Adobe,2020-12-02,2021-01-12,41
ZDI-21-017,ZDI-CAN-12451,Adobe,CVE-2021-21066,7.8,2021-01-12,,Adobe Bridge TTF Font Parsing Out-Of-Bounds Write Remote Code Execution Vulnerability,,Adobe,2020-12-02,2021-01-12,41
ZDI-22-1694,ZDI-CAN-18524,Microsoft,CVE-2022-41121,8.8,2022-12-28,,Microsoft Windows StretchBlt Untrusted Pointer Dereference Local Privilege Escalation Vulnerability,,Microsoft,2022-09-08,2022-12-28,111
ZDI-22-1693,ZDI-CAN-18523,Microsoft,CVE-2022-41121,8.8,2022-12-28,,Microsoft Windows PlgBlt Untrusted Pointer Dereference Local Privilege Escalation Vulnerability,,Microsoft,2022-09-08,2022-12-28,111
ZDI-22-1692,ZDI-CAN-18562,Microsoft,CVE-2022-44671,8.8,2022-12-28,,Microsoft Windows GreDrawStream Use-After-Free Local Privilege Escalation Vulnerability,,Microsoft,2022-09-08,2022-12-28,111
ZDI-22-1685,ZDI-CAN-18888,Adobe,CVE-2022-44502,3.3,2022-12-21,,Adobe Illustrator Font Parsing Out-Of-Bounds Read Information Disclosure Vulnerability,,Adobe,2022-09-22,2022-12-21,90
ZDI-22-1682,ZDI-CAN-18337,Apple,CVE-2022-42852,4.3,2022-12-21,,Apple Safari DFG JIT Use-After-Free Information Disclosure Vulnerability,,Apple,2022-10-14,2022-12-21,68
ZDI-22-1677,ZDI-CAN-18517,Microsoft,CVE-2022-47211,7.8,2022-12-19,,Microsoft Office SKP File Parsing Stack-based Buffer Overflow Remote Code Execution Vulnerability,,Microsoft,2022-10-20,2022-12-19,60
ZDI-22-1676,ZDI-CAN-19182,Microsoft,CVE-2022-47212,7.8,2022-12-19,,Microsoft Excel SKP File Parsing Out-Of-Bounds Write Remote Code Execution Vulnerability,,Microsoft,2022-10-20,2022-12-19,60
ZDI-22-1675,ZDI-CAN-18070,Microsoft,CVE-2022-44697,6.5,2022-12-16,,Microsoft Windows win32kfull Null Pointer Dereference Denial-of-Service Vulnerability,,Microsoft,2022-08-18,2022-12-16,120
ZDI-22-1674,ZDI-CAN-19063,Microsoft,CVE-2022-44694,7.8,2022-12-15,,Microsoft Office Visio DWG File Parsing Memory Corruption Remote Code Execution Vulnerability,,Microsoft,2022-10-04,2022-12-15,72
ZDI-22-1673,ZDI-CAN-19184,Microsoft,CVE-2022-44694,7.8,2022-12-15,,Microsoft Office Visio DWG File Parsing Memory Corruption Remote Code Execution Vulnerability,,Microsoft,2022-10-20,2022-12-15,56
ZDI-22-1672,ZDI-CAN-19048,Microsoft,CVE-2022-44695,3.3,2022-12-15,,Microsoft Office Visio DWG File Parsing Use-After-Free Information Disclosure Vulnerability,,Microsoft,2022-09-30,2022-12-15,76
ZDI-22-1671,ZDI-CAN-19064,Microsoft,CVE-2022-44696,7.8,2022-12-15,,Microsoft Office Visio DXF File Parsing Out-Of-Bounds Write Remote Code Execution Vulnerability,,Microsoft,2022-10-04,2022-12-15,72
ZDI-22-1670,ZDI-CAN-19065,Microsoft,CVE-2022-44696,7.8,2022-12-15,,Microsoft Office Visio DWG File Parsing Out-Of-Bounds Write Remote Code Execution Vulnerability,,Microsoft,2022-10-04,2022-12-15,72
ZDI-22-1669,ZDI-CAN-19286,Microsoft,CVE-2022-26805,7.8,2022-12-15,,Microsoft Excel SKP File Parsing Use-After-Free Remote Code Execution Vulnerability,,Microsoft,2022-10-31,2022-12-15,45
ZDI-22-1668,ZDI-CAN-19285,Microsoft,CVE-2022-26806,7.8,2022-12-15,,Microsoft Excel SKP File Parsing Stack-based Buffer Overflow Remote Code Execution Vulnerability,,Microsoft,2022-10-31,2022-12-15,45
ZDI-22-1667,ZDI-CAN-19047,Microsoft,CVE-2022-44694,7.8,2022-12-15,,Microsoft Office Visio DWG File Parsing Out-Of-Bounds Write Remote Code Execution Vulnerability,,Microsoft,2022-09-30,2022-12-15,76
ZDI-22-1655,ZDI-CAN-17427,Microsoft,,6.3,2022-11-22,,(Pwn2Own) Microsoft Teams chat Client-Side Template Injection Remote Code Execution Vulnerability,,Microsoft,2022-05-25,2022-11-22,181
ZDI-22-1654,ZDI-CAN-18986,Microsoft,CVE-2022-41082,8.8,2022-11-22,,Microsoft Exchange DagNetMultiValuedProperty Exposed Dangerous Function Remote Code Execution Vulnerability,,Microsoft,2022-09-29,2022-11-22,54
ZDI-22-1653,ZDI-CAN-18972,Microsoft,CVE-2022-41082,4.3,2022-11-22,,Microsoft Exchange FileHandler Exposed Dangerous Function Information Disclosure Vulnerability,,Microsoft,2022-10-04,2022-11-22,49
ZDI-22-1652,ZDI-CAN-18973,Microsoft,CVE-2022-41082,7.6,2022-11-22,,Microsoft Exchange MatlabWriter Exposed Dangerous Function Denial-of-Service Vulnerability,,Microsoft,2022-09-29,2022-11-22,54
ZDI-22-1651,ZDI-CAN-18959,Microsoft,CVE-2022-41082,7.1,2022-11-22,,Microsoft Exchange FormattedTextWriterTraceListener Exposed Dangerous Function Denial-of-Service Vulnerability,,Microsoft,2022-09-29,2022-11-22,54
ZDI-22-1650,ZDI-CAN-18958,Microsoft,CVE-2022-41082,7.1,2022-11-22,,Microsoft Exchange OrganizationInitializationDefinition External Entity Processing Information Disclosure Vulnerability,,Microsoft,2022-09-29,2022-11-22,54
ZDI-22-1649,ZDI-CAN-18957,Microsoft,CVE-2022-41082,7.6,2022-11-22,,Microsoft Exchange FileLog Exposed Dangerous Function Denial-of-Service Vulnerability,,Microsoft,2022-09-29,2022-11-22,54
ZDI-22-1648,ZDI-CAN-18956,Microsoft,CVE-2022-41082,4.3,2022-11-22,,Microsoft Exchange TraceFile Exposed Dangerous Function Information Disclosure Vulnerability,,Microsoft,2022-10-04,2022-11-22,49
ZDI-22-1647,ZDI-CAN-18955,Microsoft,CVE-2022-41082,4.3,2022-11-22,,Microsoft Exchange PEFile Exposed Dangerous Function Information Disclosure Vulnerability,,Microsoft,2022-10-04,2022-11-22,49
ZDI-22-1646,ZDI-CAN-18954,Microsoft,CVE-2022-41082,7.1,2022-11-22,,Microsoft Exchange FlatFileTraceListener Exposed Dangerous Function Denial-of-Service Vulnerability,,Microsoft,2022-09-29,2022-11-22,54
ZDI-22-1645,ZDI-CAN-18953,Microsoft,CVE-2022-41082,4.3,2022-11-22,,Microsoft Exchange MsiDatabase Exposed Dangerous Function Information Disclosure Vulnerability,,Microsoft,2022-10-04,2022-11-22,49
ZDI-22-1644,ZDI-CAN-18952,Microsoft,CVE-2022-41082,7.1,2022-11-22,,Microsoft Exchange RecipientProvisioningDefinition External Entity Processing Information Disclosure Vulnerability,,Microsoft,2022-09-29,2022-11-22,54
ZDI-22-1643,ZDI-CAN-18951,Microsoft,CVE-2022-41082,4.3,2022-11-22,,Microsoft Exchange DbgEngDataReader Exposed Dangerous Function Information Disclosure Vulnerability,,Microsoft,2022-10-04,2022-11-22,49
ZDI-22-1642,ZDI-CAN-18950,Microsoft,CVE-2022-41082,4.3,2022-11-22,,Microsoft Exchange FileDependency Exposed Dangerous Function Information Disclosure Vulnerability,,Microsoft,2022-10-04,2022-11-22,49
ZDI-22-1641,ZDI-CAN-18949,Microsoft,CVE-2022-41082,4.3,2022-11-22,,Microsoft Exchange EtwFile Exposed Dangerous Function Information Disclosure Vulnerability,,Microsoft,2022-10-04,2022-11-22,49
ZDI-22-1640,ZDI-CAN-18948,Microsoft,CVE-2022-41082,4.3,2022-11-22,,Microsoft Exchange DumpReader Exposed Dangerous Function Information Disclosure Vulnerability,,Microsoft,2022-10-04,2022-11-22,49
ZDI-22-1639,ZDI-CAN-18947,Microsoft,CVE-2022-41082,7.6,2022-11-22,,Microsoft Exchange PstStatusLog Exposed Dangerous Function Denial-of-Service Vulnerability,,Microsoft,2022-09-29,2022-11-22,54
ZDI-22-1638,ZDI-CAN-18946,Microsoft,CVE-2022-41082,4.3,2022-11-22,,Microsoft Exchange DumpDataReader Exposed Dangerous Function Information Disclosure Vulnerability,,Microsoft,2022-10-04,2022-11-22,49
ZDI-22-1637,ZDI-CAN-18945,Microsoft,CVE-2022-41082,4.3,2022-11-22,,Microsoft Exchange FileConfigurationSource Exposed Dangerous Function Information Disclosure Vulnerability,,Microsoft,2022-10-04,2022-11-22,49
ZDI-22-1636,ZDI-CAN-18944,Microsoft,CVE-2022-41082,4.3,2022-11-22,,Microsoft Exchange PdbReader Exposed Dangerous Function Information Disclosure Vulnerability,,Microsoft,2022-10-04,2022-11-22,49
ZDI-22-1635,ZDI-CAN-18943,Microsoft,CVE-2022-41082,4.3,2022-11-22,,Microsoft Exchange PromptPreviewRpcResponse Exposed Dangerous Function Information Disclosure Vulnerability,,Microsoft,2022-10-04,2022-11-22,49
ZDI-22-1634,ZDI-CAN-18942,Microsoft,CVE-2022-41082,4.3,2022-11-22,,Microsoft Exchange GsmReader Exposed Dangerous Function Information Disclosure Vulnerability,,Microsoft,2022-10-04,2022-11-22,49
ZDI-22-1633,ZDI-CAN-18941,Microsoft,CVE-2022-41082,4.3,2022-11-22,,Microsoft Exchange ScriptingAgentConfiguration Exposed Dangerous Function Information Disclosure Vulnerability,,Microsoft,2022-10-04,2022-11-22,49
ZDI-22-1632,ZDI-CAN-18940,Microsoft,CVE-2022-41082,4.3,2022-11-22,,Microsoft Exchange AppConfigAssemblyResolver Exposed Dangerous Function Information Disclosure Vulnerability,,Microsoft,2022-10-04,2022-11-22,49
ZDI-22-1631,ZDI-CAN-18939,Microsoft,CVE-2022-41082,4.3,2022-11-22,,Microsoft Exchange PcmReader Exposed Dangerous Function Information Disclosure Vulnerability,,Microsoft,2022-10-04,2022-11-22,49
ZDI-22-1630,ZDI-CAN-18938,Microsoft,CVE-2022-41082,4.3,2022-11-22,,Microsoft Exchange G711Reader Exposed Dangerous Function Information Disclosure Vulnerability,,Microsoft,2022-10-04,2022-11-22,49
ZDI-22-1629,ZDI-CAN-18937,Microsoft,CVE-2022-41082,7.6,2022-11-22,,Microsoft Exchange GsmWriter Exposed Dangerous Function Denial-of-Service Vulnerability,,Microsoft,2022-10-04,2022-11-22,49
ZDI-22-1628,ZDI-CAN-18936,Microsoft,CVE-2022-41082,4.3,2022-11-22,,Microsoft Exchange WmaReader Exposed Dangerous Function Information Disclosure Vulnerability,,Microsoft,2022-10-04,2022-11-22,49
ZDI-22-1627,ZDI-CAN-18901,Microsoft,CVE-2022-41082,7.6,2022-11-22,,Microsoft Exchange StreamWriterWrapper Exposed Dangerous Function Denial-of-Service Vulnerability,,Microsoft,2022-09-29,2022-11-22,54
ZDI-22-1626,ZDI-CAN-18900,Microsoft,CVE-2022-41082,7.6,2022-11-22,,Microsoft Exchange MsgStorageWriter Exposed Dangerous Function Denial-of-Service Vulnerability,,Microsoft,2022-09-29,2022-11-22,54
ZDI-22-1625,ZDI-CAN-18932,Microsoft,CVE-2022-41082,8.8,2022-11-22,,Microsoft Exchange Command Exposed Dangerous Function Remote Code Execution Vulnerability,,Microsoft,2022-09-20,2022-11-22,63
ZDI-22-1624,ZDI-CAN-18333,Microsoft,CVE-2022-41082,8.8,2022-10-17,2022-11-22,Microsoft Exchange PowerShell Deserialization of Untrusted Data Remote Code Execution Vulnerability,,Microsoft,2022-10-20,2022-10-17,-3
ZDI-22-1610,ZDI-CAN-17466,Microsoft,,8.8,2022-11-21,,(Pwn2Own) Microsoft Teams electronSafeIpc Arbitrary File Write Remote Code Execution Vulnerability,,Microsoft,2022-05-25,2022-11-21,180
ZDI-22-1609,ZDI-CAN-17462,Microsoft,,6.3,2022-11-21,,(Pwn2Own) Microsoft Teams chat Client-Side Template Injection Remote Code Execution Vulnerability,,Microsoft,2022-05-25,2022-11-21,180
ZDI-22-1608,ZDI-CAN-17397,Microsoft,,6.3,2022-11-21,,(Pwn2Own) Microsoft Teams URL Allowlist Bypass Remote Code Execution Vulnerability,,Microsoft,2022-05-25,2022-11-21,180
ZDI-22-1607,ZDI-CAN-17526,Microsoft,,4.8,2022-11-21,,(Pwn2Own) Microsoft Teams Unnecessary Privileges Privilege Escalation Vulnerability,,Microsoft,2022-06-10,2022-11-21,164
ZDI-22-1606,ZDI-CAN-17467,Microsoft,,8.8,2022-11-21,,(Pwn2Own) Microsoft Teams pluginHost Sandbox Escape Vulnerability,,Microsoft,2022-05-25,2022-11-21,180
ZDI-22-1605,ZDI-CAN-17393,Microsoft,,8.8,2022-11-21,,(Pwn2Own) Microsoft Teams WebView Incorrect Privilege Assignment Remote Code Execution Vulnerability,,Microsoft,2022-05-26,2022-11-21,179
ZDI-22-1604,ZDI-CAN-18882,Microsoft,CVE-2022-41079,8.8,2024-10-16,2024-10-16,Microsoft Exchange SerializationTypeConverter Deserialization of Untrusted Data NTLM Relay Vulnerability,,Microsoft,2022-09-20,2024-10-16,757
ZDI-22-1603,ZDI-CAN-19100,Microsoft,CVE-2022-41123,7.0,2022-11-21,,Microsoft Exchange GetTorusCmdletConfigurationEntries Uncontrolled Search Path Element Local Privilege Escalation Vulnerability,,Microsoft,2022-10-04,2022-11-21,48
ZDI-22-1602,ZDI-CAN-19043,Microsoft,CVE-2022-41123,7.8,2022-11-21,,Microsoft Exchange TorusTryAccessCheck Uncontrolled Search Path Element Local Privilege Escalation Vulnerability,,Microsoft,2022-09-29,2022-11-21,53
ZDI-22-1601,ZDI-CAN-18881,Microsoft,CVE-2022-41078,8.8,2024-10-16,2024-10-16,Microsoft Exchange ApprovedApplication Exposed Dangerous Method NTLM Relay Vulnerability,,Microsoft,2022-09-20,2024-10-16,757
ZDI-22-1600,ZDI-CAN-18390,Microsoft,CVE-2022-41107,7.8,2022-11-21,,Microsoft PowerPoint FBX File Parsing Heap-based Buffer Overflow Remote Code Execution Vulnerability,,Microsoft,2022-08-25,2022-11-21,88
ZDI-22-1599,ZDI-CAN-18389,Microsoft,CVE-2022-41107,7.8,2022-11-21,,Microsoft Word FBX File Parsing Heap-based Buffer Overflow Remote Code Execution Vulnerability,,Microsoft,2022-08-25,2022-11-21,88
ZDI-22-1598,ZDI-CAN-18382,Microsoft,CVE-2022-41107,3.3,2022-11-21,,Microsoft Excel FBX File Parsing Out-Of-Bounds Read Information Disclosure Vulnerability,,Microsoft,2022-08-23,2022-11-21,90
ZDI-22-1597,ZDI-CAN-18371,Microsoft,CVE-2022-41107,7.8,2022-11-21,,Microsoft Excel FBX File Parsing Heap-based Buffer Overflow Remote Code Execution Vulnerability,,Microsoft,2022-08-23,2022-11-21,90
ZDI-22-1596,ZDI-CAN-18224,Microsoft,CVE-2022-41052,7.8,2022-11-21,,Microsoft Raw Image Extension CR2 File Parsing Memory Corruption Remote Code Execution Vulnerability,,Microsoft,2022-08-08,2022-11-21,105
ZDI-22-1595,ZDI-CAN-18802,Microsoft,CVE-2022-41040,6.3,2022-10-17,2022-11-18,Microsoft Exchange Autodiscover Server-Side Request Forgery Privilege Escalation Vulnerability,,Microsoft,2022-09-09,2022-10-17,38
ZDI-22-1589,ZDI-CAN-17568,Microsoft,CVE-2022-41092,7.8,2022-11-15,2022-11-24,Microsoft Windows Output Protection Manager Integer Overflow Local Privilege Escalation Vulnerability,,Microsoft,2022-07-11,2022-11-15,127
ZDI-22-1448,ZDI-CAN-17911,Adobe,CVE-2022-38436,7.8,2022-10-21,,Adobe Illustrator CDR File Parsing Out-Of-Bounds Read Remote Code Execution Vulnerability,,Adobe,2022-07-22,2022-10-21,91
ZDI-22-1447,ZDI-CAN-17671,Adobe,CVE-2022-38435,7.8,2022-10-21,,Adobe Illustrator PCX File Parsing Memory Corruption Remote Code Execution Vulnerability,,Adobe,2022-06-24,2022-10-21,119
ZDI-22-1439,ZDI-CAN-18621,Adobe,CVE-2022-38446,7.8,2022-10-14,,Adobe Dimension SKP File Parsing Use-After-Free Remote Code Execution Vulnerability,,Adobe,2022-09-02,2022-10-14,42
ZDI-22-1434,ZDI-CAN-16929,Adobe,CVE-2022-38418,8.1,2022-10-14,,Adobe ColdFusion Application Server Directory Traversal Remote Code Execution Vulnerability,,Adobe,2022-05-25,2022-10-14,142
ZDI-22-1433,ZDI-CAN-16884,Adobe,CVE-2022-38421,6.6,2022-10-14,,Adobe ColdFusion Application Server Directory Traversal Remote Code Execution Vulnerability,,Adobe,2022-05-25,2022-10-14,142
ZDI-22-1432,ZDI-CAN-16886,Adobe,CVE-2022-38424,6.7,2022-10-14,,Adobe ColdFusion Application Server Directory Traversal Arbitrary File Disclosure Or Deletion Vulnerability,,Adobe,2022-06-14,2022-10-14,122
ZDI-22-1431,ZDI-CAN-18262,Adobe,CVE-2022-42342,3.3,2022-10-14,,Adobe Acrobat Reader DC Font Parsing Out-Of-Bounds Read Information Disclosure Vulnerability,,Adobe,2022-09-06,2022-10-14,38
ZDI-22-1430,ZDI-CAN-18538,Adobe,CVE-2022-38449,3.3,2022-10-14,,Adobe Acrobat Reader DC JP2 File Parsing Out-Of-Bounds Read Information Disclosure Vulnerability,,Adobe,2022-09-06,2022-10-14,38
ZDI-22-1429,ZDI-CAN-18616,Adobe,CVE-2022-38441,7.8,2022-10-14,,Adobe Dimension GLB File Parsing Out-Of-Bounds Read Remote Code Execution Vulnerability,,Adobe,2022-09-02,2022-10-14,42
ZDI-22-1428,ZDI-CAN-18615,Adobe,CVE-2022-38443,3.3,2022-10-14,,Adobe Dimension GLB File Parsing Out-Of-Bounds Read Information Disclosure Vulnerability,,Adobe,2022-09-02,2022-10-14,42
ZDI-22-1427,ZDI-CAN-18625,Adobe,CVE-2022-38442,7.8,2022-10-14,,Adobe Dimension SKP File Parsing Use-After-Free Remote Code Execution Vulnerability,,Adobe,2022-09-02,2022-10-14,42
ZDI-22-1426,ZDI-CAN-18624,Adobe,CVE-2022-38447,7.8,2022-10-14,,Adobe Dimension SKP File Parsing Use-After-Free Remote Code Execution Vulnerability,,Adobe,2022-09-02,2022-10-14,42
ZDI-22-1425,ZDI-CAN-18622,Adobe,CVE-2022-38445,7.8,2022-10-14,,Adobe Dimension SKP File Parsing Use-After-Free Remote Code Execution Vulnerability,,Adobe,2022-09-02,2022-10-14,42
ZDI-22-1424,ZDI-CAN-18620,Adobe,CVE-2022-38448,7.8,2022-10-14,,Adobe Dimension SKP File Parsing Use-After-Free Remote Code Execution Vulnerability,,Adobe,2022-09-02,2022-10-14,42
ZDI-22-1423,ZDI-CAN-18617,Adobe,CVE-2022-38440,7.8,2022-10-14,,Adobe Dimension SKP File Parsing Out-Of-Bounds Read Remote Code Execution Vulnerability,,Adobe,2022-09-02,2022-10-14,42
ZDI-22-1422,ZDI-CAN-18623,Adobe,CVE-2022-38444,7.8,2022-10-14,,Adobe Dimension SKP File Parsing Use-After-Free Remote Code Execution Vulnerability,,Adobe,2022-09-02,2022-10-14,42
ZDI-22-1421,ZDI-CAN-16898,Adobe,CVE-2022-35710,9.8,2022-10-14,,Adobe ColdFusion ODBC Server Memory Corruption Remote Code Execution Vulnerability,,Adobe,2022-05-13,2022-10-14,154
ZDI-22-1420,ZDI-CAN-16892,Adobe,CVE-2022-38423,4.4,2022-10-14,,Adobe ColdFusion Application Server Directory Traversal Information Disclosure Vulnerability,,Adobe,2022-06-10,2022-10-14,126
ZDI-22-1419,ZDI-CAN-16883,Adobe,CVE-2022-38422,5.3,2022-10-14,,Adobe ColdFusion Application Server Directory Traversal Information Disclosure Vulnerability,,Adobe,2022-06-09,2022-10-14,127
ZDI-22-1418,ZDI-CAN-16921,Adobe,CVE-2022-38420,6.5,2022-10-14,,Adobe ColdFusion Admin Component Use of Hard-coded Credentials Authentication Bypass Vulnerability,,Adobe,2022-05-13,2022-10-14,154
ZDI-22-1417,ZDI-CAN-16901,Adobe,CVE-2022-35712,9.8,2022-10-14,,Adobe ColdFusion ODBC Agent Heap-based Buffer Overflow Remote Code Execution Vulnerability,,Adobe,2022-05-13,2022-10-14,154
ZDI-22-1416,ZDI-CAN-16900,Adobe,CVE-2022-35690,9.8,2022-10-14,,Adobe ColdFusion ODBC Agent Memory Corruption Remote Code Execution Vulnerability,,Adobe,2022-05-13,2022-10-14,154
ZDI-22-1415,ZDI-CAN-16899,Adobe,CVE-2022-35711,9.8,2022-10-14,,Adobe ColdFusion ODBC Server Heap-based Buffer Overflow Remote Code Execution Vulnerability,,Adobe,2022-05-13,2022-10-14,154
ZDI-22-1414,ZDI-CAN-16885,Adobe,CVE-2022-38419,5.9,2022-10-14,,Adobe ColdFusion Solr Service XML External Entity Processing Information Disclosure Vulnerability,,Adobe,2022-05-13,2022-10-14,154
ZDI-22-1413,ZDI-CAN-18149,Microsoft,CVE-2022-37989,7.8,2022-10-14,2023-01-17,Microsoft Windows CSRSS Activation Context Cache Poisoning Local Privilege Escalation Vulnerability,,Microsoft,2022-07-28,2022-10-14,78
ZDI-22-1412,ZDI-CAN-18004,Microsoft,CVE-2022-37997,8.8,2022-10-14,,Microsoft Windows win32kfull UMPD Use-After-Free Local Privilege Escalation Vulnerability,,Microsoft,2022-07-22,2022-10-14,84
ZDI-22-1411,ZDI-CAN-17647,Microsoft,CVE-2022-38048,7.8,2022-10-14,,Microsoft Word DOCX File Parsing Use-After-Free Remote Code Execution Vulnerability,,Microsoft,2022-07-11,2022-10-14,95
ZDI-22-1410,ZDI-CAN-17847,Microsoft,CVE-2022-37987,7.8,2022-10-14,2023-01-17,Microsoft Windows DosDevices Activation Context Cache Poisoning Local Privilege Escalation Vulnerability,,Microsoft,2022-07-11,2022-10-14,95
ZDI-22-1409,ZDI-CAN-17358,Microsoft,CVE-2022-37986,5.3,2022-10-14,,Microsoft Windows User-Mode Print Driver Insufficient Message Authentication Local Privilege Escalation Vulnerability,,Microsoft,2022-06-28,2022-10-14,108
ZDI-22-1408,ZDI-CAN-17576,Microsoft,CVE-2022-38044,7.7,2022-10-14,,Microsoft Windows CDFS Integer Overflow Remote Code Execution Vulnerability,,Microsoft,2022-06-14,2022-10-14,122
ZDI-22-1324,ZDI-CAN-16216,Microsoft,CVE-2022-34691,8.4,2022-09-29,,Microsoft Windows Active Directory Certificate Services Improper Authorization Privilege Escalation Vulnerability,,Microsoft,2022-02-04,2022-09-29,237
ZDI-22-1295,ZDI-CAN-16749,Apple,,2.5,2022-09-21,,Apple macOS TIFF File Parsing Out-Of-Bounds Read Information Disclosure Vulnerability,,Apple,2022-03-04,2022-09-21,201
ZDI-22-1289,ZDI-CAN-16520,Apple,,3.3,2022-09-19,,Apple macOS vImage ICC File Parsing Out-Of-Bounds Read Information Disclosure Vulnerability,,Apple,2022-02-04,2022-09-19,227
ZDI-22-1288,ZDI-CAN-17652,Microsoft,CVE-2022-35823,8.8,2022-09-19,,Microsoft SharePoint Workflow Deserialization of Untrusted Data Remote Code Execution Vulnerability,,Microsoft,2022-07-11,2022-09-19,70
ZDI-22-1287,ZDI-CAN-17708,Microsoft,CVE-2022-37963,7.8,2022-09-19,,Microsoft Office Visio EMF File Parsing Memory Corruption Remote Code Execution Vulnerability,,Microsoft,2022-06-22,2022-09-19,89
ZDI-22-1286,ZDI-CAN-16894,Microsoft,CVE-2022-37962,7.8,2022-09-19,,Microsoft PowerPoint PPTX File Parsing Use-After-Free Remote Code Execution Vulnerability,,Microsoft,2022-06-10,2022-09-19,101
ZDI-22-1285,ZDI-CAN-17112,Microsoft,CVE-2022-37955,7.0,2022-09-19,,Microsoft Windows Group Policy Preference Link Following Local Privilege Escalation Vulnerability,,Microsoft,2022-06-07,2022-09-19,104
ZDI-22-1284,ZDI-CAN-16686,Microsoft,CVE-2022-37954,8.8,2022-09-19,,Microsoft Windows DirectX Graphics Use-After-Free Local Privilege Escalation Vulnerability,,Microsoft,2022-06-01,2022-09-19,110
ZDI-22-1283,ZDI-CAN-17762,Adobe,CVE-2022-38425,3.3,2022-09-19,,Adobe Bridge DCM File Parsing Use-After-Free Information Disclosure Vulnerability,,Adobe,2022-06-30,2022-09-19,81
ZDI-22-1282,ZDI-CAN-17712,Adobe,CVE-2022-35713,7.8,2022-09-19,,Adobe Photoshop U3D File Parsing Out-Of-Bounds Write Remote Code Execution Vulnerability,,Adobe,2022-06-24,2022-09-19,87
ZDI-22-1281,ZDI-CAN-17714,Adobe,CVE-2022-38426,7.8,2022-09-19,,Adobe Photoshop U3D File Parsing Uninitialized Variable Remote Code Execution Vulnerability,,Adobe,2022-06-24,2022-09-19,87
ZDI-22-1280,ZDI-CAN-17713,Adobe,CVE-2022-38427,7.8,2022-09-19,,Adobe Photoshop U3D File Parsing Uninitialized Variable Remote Code Execution Vulnerability,,Adobe,2022-06-24,2022-09-19,87
ZDI-22-1279,ZDI-CAN-17590,Adobe,CVE-2022-35708,7.8,2022-09-19,,Adobe Bridge SGI File Parsing Heap-based Buffer Overflow Remote Code Execution Vulnerability,,Adobe,2022-06-03,2022-09-19,108
ZDI-22-1278,ZDI-CAN-17618,Adobe,CVE-2022-38412,7.8,2022-09-19,,Adobe Animate SVG File Parsing Out-Of-Bounds Read Remote Code Execution Vulnerability,,Adobe,2022-06-03,2022-09-19,108
ZDI-22-1277,ZDI-CAN-17619,Adobe,CVE-2022-38411,7.8,2022-09-19,,Adobe Animate SVG File Parsing Heap-based Buffer Overflow Remote Code Execution Vulnerability,,Adobe,2022-06-03,2022-09-19,108
ZDI-22-1276,ZDI-CAN-17612,Adobe,CVE-2022-38403,7.8,2022-09-19,,Adobe InCopy SVG File Parsing Out-Of-Bounds Read Remote Code Execution Vulnerability,,Adobe,2022-06-03,2022-09-19,108
ZDI-22-1275,ZDI-CAN-17611,Adobe,CVE-2022-38402,7.8,2022-09-19,,Adobe InCopy SVG File Parsing Out-Of-Bounds Read Remote Code Execution Vulnerability,,Adobe,2022-06-03,2022-09-19,108
ZDI-22-1274,ZDI-CAN-17610,Adobe,CVE-2022-38404,7.8,2022-09-19,,Adobe InCopy SVG File Parsing Heap-based Buffer Overflow Remote Code Execution Vulnerability,,Adobe,2022-06-03,2022-09-19,108
ZDI-22-1273,ZDI-CAN-17609,Adobe,CVE-2022-38405,7.8,2022-09-19,,Adobe InCopy SVG File Parsing Heap-based Buffer Overflow Remote Code Execution Vulnerability,,Adobe,2022-06-03,2022-09-19,108
ZDI-22-1272,ZDI-CAN-17608,Adobe,CVE-2022-38401,7.8,2022-09-19,,Adobe InCopy PCX File Parsing Heap-based Buffer Overflow Remote Code Execution Vulnerability,,Adobe,2022-06-03,2022-09-19,108
ZDI-22-1271,ZDI-CAN-17607,Adobe,CVE-2022-38407,3.3,2022-09-19,,Adobe InCopy EPS File Parsing Out-Of-Bounds Read Information Disclosure Vulnerability,,Adobe,2022-06-03,2022-09-19,108
ZDI-22-1270,ZDI-CAN-17603,Adobe,CVE-2022-38406,3.3,2022-09-19,,Adobe InCopy EPS File Parsing Out-Of-Bounds Read Information Disclosure Vulnerability,,Adobe,2022-06-02,2022-09-19,109
ZDI-22-1269,ZDI-CAN-17602,Adobe,CVE-2022-38433,7.8,2022-09-19,,Adobe Photoshop SVG File Parsing Heap-based Buffer Overflow Remote Code Execution Vulnerability,,Adobe,2022-06-02,2022-09-19,109
ZDI-22-1268,ZDI-CAN-17601,Adobe,CVE-2022-38432,7.8,2022-09-19,,Adobe Photoshop SVG File Parsing Heap-based Buffer Overflow Remote Code Execution Vulnerability,,Adobe,2022-06-03,2022-09-19,108
ZDI-22-1267,ZDI-CAN-17600,Adobe,CVE-2022-38431,7.8,2022-09-19,,Adobe Photoshop SVG File Parsing Out-Of-Bounds Read Remote Code Execution Vulnerability,,Adobe,2022-06-03,2022-09-19,108
ZDI-22-1266,ZDI-CAN-17599,Adobe,CVE-2022-38429,7.8,2022-09-19,,Adobe Photoshop SVG File Parsing Out-Of-Bounds Read Remote Code Execution Vulnerability,,Adobe,2022-06-03,2022-09-19,108
ZDI-22-1265,ZDI-CAN-17598,Adobe,CVE-2022-38434,7.8,2022-09-19,,Adobe Photoshop SVG File Parsing Use-After-Free Remote Code Execution Vulnerability,,Adobe,2022-06-02,2022-09-19,109
ZDI-22-1264,ZDI-CAN-17597,Adobe,CVE-2022-38428,3.3,2022-09-19,,Adobe Photoshop DCM File Parsing Use-After-Free Information Disclosure Vulnerability,,Adobe,2022-06-02,2022-09-19,109
ZDI-22-1263,ZDI-CAN-17596,Adobe,CVE-2022-38430,7.8,2022-09-19,,Adobe Photoshop MP4 File Parsing Out-Of-Bounds Read Remote Code Execution Vulnerability,,Adobe,2022-06-03,2022-09-19,108
ZDI-22-1262,ZDI-CAN-17595,Adobe,CVE-2022-38410,3.3,2022-09-19,,Adobe Illustrator EPS File Parsing Out-Of-Bounds Read Information Disclosure Vulnerability,,Adobe,2022-06-02,2022-09-19,109
ZDI-22-1261,ZDI-CAN-17594,Adobe,CVE-2022-38409,3.3,2022-09-19,,Adobe Illustrator EPS File Parsing Out-Of-Bounds Read Information Disclosure Vulnerability,,Adobe,2022-06-02,2022-09-19,109
ZDI-22-1260,ZDI-CAN-17593,Adobe,CVE-2022-38408,7.8,2022-09-19,,Adobe Illustrator PCX File Parsing Memory Corruption Remote Code Execution Vulnerability,,Adobe,2022-06-03,2022-09-19,108
ZDI-22-1259,ZDI-CAN-17592,Adobe,CVE-2022-35707,7.8,2022-09-19,,Adobe Bridge SGI File Parsing Out-Of-Bounds Read Remote Code Execution Vulnerability,,Adobe,2022-06-03,2022-09-19,108
ZDI-22-1258,ZDI-CAN-17591,Adobe,CVE-2022-35706,7.8,2022-09-19,,Adobe Bridge SVG File Parsing Heap-based Buffer Overflow Remote Code Execution Vulnerability,,Adobe,2022-06-03,2022-09-19,108
ZDI-22-1257,ZDI-CAN-17380,Adobe,CVE-2022-35705,7.8,2022-09-19,,Adobe Bridge MP4 File Parsing Out-Of-Bounds Read Remote Code Execution Vulnerability,,Adobe,2022-05-10,2022-09-19,132
ZDI-22-1256,ZDI-CAN-17379,Adobe,CVE-2022-35709,3.3,2022-09-19,,Adobe Bridge DCM File Parsing Use-After-Free Information Disclosure Vulnerability,,Adobe,2022-05-10,2022-09-19,132
ZDI-22-1255,ZDI-CAN-17378,Adobe,CVE-2022-35704,7.8,2022-09-19,,Adobe Bridge SVG File Parsing Use-After-Free Remote Code Execution Vulnerability,,Adobe,2022-05-10,2022-09-19,132
ZDI-22-1254,ZDI-CAN-17128,Adobe,CVE-2022-35702,7.8,2022-09-19,,Adobe Bridge SVG File Parsing Out-Of-Bounds Read Remote Code Execution Vulnerability,,Adobe,2022-04-13,2022-09-19,159
ZDI-22-1253,ZDI-CAN-17127,Adobe,CVE-2022-35703,7.8,2022-09-19,,Adobe Bridge SVG File Parsing Out-Of-Bounds Read Remote Code Execution Vulnerability,,Adobe,2022-04-13,2022-09-19,159
ZDI-22-1252,ZDI-CAN-17126,Adobe,CVE-2022-35700,7.8,2022-09-19,,Adobe Bridge SVG File Parsing Out-Of-Bounds Write Remote Code Execution Vulnerability,,Adobe,2022-04-13,2022-09-19,159
ZDI-22-1251,ZDI-CAN-17125,Adobe,CVE-2022-35701,7.8,2022-09-19,,Adobe Bridge SVG File Parsing Out-Of-Bounds Write Remote Code Execution Vulnerability,,Adobe,2022-04-13,2022-09-19,159
ZDI-22-1250,ZDI-CAN-17062,Adobe,CVE-2022-35699,7.8,2022-09-19,,Adobe Bridge Font Parsing Out-Of-Bounds Write Remote Code Execution Vulnerability,,Adobe,2022-04-06,2022-09-19,166
ZDI-22-1229,ZDI-CAN-17617,Adobe,CVE-2022-38415,7.8,2022-09-14,,Adobe InDesign PCX File Parsing Heap-based Buffer Overflow Remote Code Execution Vulnerability,,Adobe,2022-06-03,2022-09-14,103
ZDI-22-1228,ZDI-CAN-17616,Adobe,CVE-2022-38414,7.8,2022-09-14,,Adobe InDesign SVG File Parsing Heap-based Buffer Overflow Remote Code Execution Vulnerability,,Adobe,2022-06-02,2022-09-14,104
ZDI-22-1227,ZDI-CAN-17615,Adobe,CVE-2022-38413,7.8,2022-09-14,,Adobe InDesign SVG File Parsing Heap-based Buffer Overflow Remote Code Execution Vulnerability,,Adobe,2022-06-02,2022-09-14,104
ZDI-22-1226,ZDI-CAN-17614,Adobe,CVE-2022-38417,7.8,2022-09-14,,Adobe InDesign SVG File Parsing Out-Of-Bounds Read Remote Code Execution Vulnerability,,Adobe,2022-06-07,2022-09-14,99
ZDI-22-1225,ZDI-CAN-17613,Adobe,CVE-2022-38416,7.8,2022-09-14,,Adobe InDesign SVG File Parsing Out-Of-Bounds Read Remote Code Execution Vulnerability,,Adobe,2022-06-07,2022-09-14,99
ZDI-22-1185,ZDI-CAN-16214,Microsoft,CVE-2022-34691,8.4,2022-09-06,,Microsoft Windows Active Directory Certificate Services Improper Authorization Privilege Escalation Vulnerability,,Microsoft,2022-08-19,2022-09-06,18
ZDI-22-1130,ZDI-CAN-17034,Apple,CVE-2022-32797,3.3,2022-08-23,,Apple macOS AppleScript TASUnparser_PrintObject Untrusted Pointer Dereference Information Disclosure Vulnerability,,Apple,2022-04-06,2022-08-23,139
ZDI-22-1123,ZDI-CAN-17417,Apple,CVE-2024-27834,8.8,2022-08-18,2024-06-12,(Pwn2Own) Apple Safari Out-Of-Bounds Write Remote Code Execution Vulnerability,,Apple,2022-05-26,2022-08-18,84
ZDI-22-1116,ZDI-CAN-16989,Adobe,CVE-2022-35678,3.3,2022-08-18,,Adobe Acrobat Reader DC Font Parsing Out-Of-Bounds Read Information Disclosure Vulnerability,,Adobe,2022-06-24,2022-08-18,55
ZDI-22-1115,ZDI-CAN-16999,Adobe,CVE-2022-35671,3.3,2022-08-18,,Adobe Acrobat Reader DC Font Parsing Out-Of-Bounds Read Information Disclosure Vulnerability,,Adobe,2022-06-07,2022-08-18,72
ZDI-22-1114,ZDI-CAN-17622,Adobe,CVE-2022-35675,7.8,2022-08-18,,Adobe FrameMaker SVG File Parsing Use-After-Free Remote Code Execution Vulnerability,,Adobe,2022-06-03,2022-08-18,76
ZDI-22-1113,ZDI-CAN-17623,Adobe,CVE-2022-35674,7.8,2022-08-18,,Adobe FrameMaker SVG File Parsing Out-Of-Bounds Read Remote Code Execution Vulnerability,,Adobe,2022-06-03,2022-08-18,76
ZDI-22-1112,ZDI-CAN-17377,Adobe,CVE-2022-35667,7.8,2022-08-18,,Adobe Acrobat Reader DC Font Parsing Out-Of-Bounds Write Remote Code Execution Vulnerability,,Adobe,2022-06-03,2022-08-18,76
ZDI-22-1111,ZDI-CAN-17624,Adobe,CVE-2022-35673,7.8,2022-08-18,,Adobe FrameMaker SVG File Parsing Out-Of-Bounds Read Remote Code Execution Vulnerability,,Adobe,2022-06-03,2022-08-18,76
ZDI-22-1110,ZDI-CAN-17625,Adobe,CVE-2022-35676,7.8,2022-08-18,,Adobe FrameMaker SVG File Parsing Heap-based Buffer Overflow Remote Code Execution Vulnerability,,Adobe,2022-06-03,2022-08-18,76
ZDI-22-1109,ZDI-CAN-17626,Adobe,CVE-2022-35677,7.8,2022-08-18,,Adobe FrameMaker SVG File Parsing Heap-based Buffer Overflow Remote Code Execution Vulnerability,,Adobe,2022-06-03,2022-08-18,76
ZDI-22-1108,ZDI-CAN-17080,Adobe,CVE-2022-34263,7.8,2022-08-18,,Adobe Illustrator Font Parsing Use-After-Free Remote Code Execution Vulnerability,,Adobe,2022-04-27,2022-08-18,113
ZDI-22-1107,ZDI-CAN-17074,Adobe,CVE-2022-34262,3.3,2022-08-18,,Adobe Illustrator Font Parsing Out-Of-Bounds Read Information Disclosure Vulnerability,,Adobe,2022-04-13,2022-08-18,127
ZDI-22-1106,ZDI-CAN-17073,Adobe,CVE-2022-34264,3.3,2022-08-18,,Adobe FrameMaker Font Parsing Out-Of-Bounds Read Information Disclosure Vulnerability,,Adobe,2022-04-13,2022-08-18,127
ZDI-22-1105,ZDI-CAN-17071,Adobe,CVE-2022-34261,3.3,2022-08-18,,Adobe Illustrator Font Parsing Out-Of-Bounds Read Information Disclosure Vulnerability,,Adobe,2022-04-06,2022-08-18,134
ZDI-22-1104,ZDI-CAN-17066,Adobe,CVE-2022-34260,7.8,2022-08-18,,Adobe Illustrator Font Parsing Out-Of-Bounds Write Remote Code Execution Vulnerability,,Adobe,2022-04-06,2022-08-18,134
ZDI-22-1077,ZDI-CAN-17444,Microsoft,CVE-2022-34699,8.8,2022-08-18,,(Pwn2Own) Microsoft Windows win32kbase Use-After-Free Privilege Escalation Vulnerability,,Microsoft,2022-05-25,2022-08-18,85
ZDI-22-1075,ZDI-CAN-17679,Microsoft,CVE-2022-35750,8.8,2022-08-18,,Microsoft Windows win32kfull Bitmap Use-After-Free Local Privilege Escalation Vulnerability,,Microsoft,2022-07-11,2022-08-18,38
ZDI-22-1074,ZDI-CAN-17384,Microsoft,CVE-2022-35742,7.5,2022-08-18,,Microsoft Outlook MIME Header Heap Corruption Denial-of-Service Vulnerability,,Microsoft,2022-05-25,2022-08-18,85
ZDI-22-1073,ZDI-CAN-13069,Microsoft,CVE-2022-30194,7.8,2022-08-18,,Microsoft Windows Untrusted Script Execution Remote Code Execution Vulnerability,,Microsoft,2022-02-23,2022-08-18,176
ZDI-22-1072,ZDI-CAN-17396,Microsoft,CVE-2022-34703,8.8,2022-08-18,,(Pwn2Own) Microsoft Windows partmgr Integer Overflow Privilege Escalation Vulnerability,,Microsoft,2022-05-25,2022-08-18,85
ZDI-22-1071,ZDI-CAN-17426,Microsoft,CVE-2022-33670,8.8,2022-08-18,,(Pwn2Own) Microsoft Windows partmgr Improper Authorization Privilege Escalation Vulnerability,,Microsoft,2022-05-25,2022-08-18,85
ZDI-22-1070,ZDI-CAN-17429,Microsoft,CVE-2022-35751,8.8,2022-08-18,,(Pwn2Own) Microsoft Windows vhdmp Driver Improper Authorization Privilege Escalation Vulnerability,,Microsoft,2022-05-25,2022-08-18,85
ZDI-22-1069,ZDI-CAN-17441,Microsoft,CVE-2022-35750,8.8,2022-08-18,,(Pwn2Own) Microsoft Windows cdd Driver Memory Corruption Privilege Escalation Vulnerability,,Microsoft,2022-05-25,2022-08-18,85
ZDI-22-1068,ZDI-CAN-17430,Microsoft,CVE-2022-35820,8.8,2022-08-18,,(Pwn2Own) Microsoft Windows bthport Driver Improper Authorization Local Privilege Escalation Vulnerability,,Microsoft,2022-05-25,2022-08-18,85
ZDI-22-1066,ZDI-CAN-15588,Apple,CVE-2022-26696,7.8,2022-08-15,,Apple macOS LaunchServices Sandbox Escape Privilege Escalation Vulnerability,,Apple,2021-12-22,2022-08-15,236
ZDI-22-1065,ZDI-CAN-15191,Apple,CVE-2022-22630,8.1,2022-08-15,,Apple macOS Remote Events Memory Corruption Remote Code Execution Vulnerability,,Apple,2021-12-22,2022-08-15,236
ZDI-22-1045,ZDI-CAN-16766,Microsoft,CVE-2022-24542,8.8,2022-08-04,,Microsoft Windows win32kfull UMPDDrvStrokeAndFillPath Use-After-Free Local Privilege Escalation Vulnerability,,Microsoft,2022-03-30,2022-08-04,127
ZDI-22-1028,ZDI-CAN-16967,Adobe,CVE-2022-35672,7.8,2022-07-28,,Adobe Acrobat Reader DC Font Parsing Out-Of-Bounds Read Remote Code Execution Vulnerability,,Adobe,2022-04-06,2022-07-28,113
ZDI-22-1027,ZDI-CAN-16961,Adobe,CVE-2022-35669,3.3,2022-07-28,,Adobe Acrobat Reader DC Font Parsing Out-Of-Bounds Read Information Disclosure Vulnerability,,Adobe,2022-05-13,2022-07-28,76
ZDI-22-1024,ZDI-CAN-16768,Microsoft,CVE-2022-24542,8.8,2022-07-15,,Microsoft Windows win32kfull UMPDDrvStartBanding Use-After-Free Local Privilege Escalation Vulnerability,,Microsoft,2022-03-30,2022-07-15,107
ZDI-22-1023,ZDI-CAN-16767,Microsoft,CVE-2022-24542,8.8,2022-07-15,,Microsoft Windows win32kfull UMPDDrvFillPath Use-After-Free Local Privilege Escalation Vulnerability,,Microsoft,2022-03-30,2022-07-15,107
ZDI-22-1022,ZDI-CAN-16760,Microsoft,CVE-2022-24542,8.8,2022-07-15,,Microsoft Windows win32kfull UMPDDrvFontManagement Use-After-Free Local Privilege Escalation Vulnerability,,Microsoft,2022-03-30,2022-07-15,107
ZDI-22-1009,ZDI-CAN-17078,Adobe,CVE-2022-34249,7.8,2022-07-14,,Adobe InCopy Font Parsing Heap-based Buffer Overflow Remote Code Execution Vulnerability,,Adobe,2022-04-06,2022-07-14,99
ZDI-22-1008,ZDI-CAN-17083,Adobe,CVE-2022-34250,7.8,2022-07-14,,Adobe InCopy Font Parsing Heap-based Buffer Overflow Remote Code Execution Vulnerability,,Adobe,2022-04-06,2022-07-14,99
ZDI-22-1007,ZDI-CAN-17075,Adobe,CVE-2022-34252,3.3,2022-07-14,,Adobe InCopy Font Parsing Out-Of-Bounds Read Information Disclosure Vulnerability,,Adobe,2022-04-13,2022-07-14,92
ZDI-22-1006,ZDI-CAN-17068,Adobe,CVE-2022-34251,7.8,2022-07-14,,Adobe InCopy Font Parsing Out-Of-Bounds Write Remote Code Execution Vulnerability,,Adobe,2022-04-06,2022-07-14,99
ZDI-22-1005,ZDI-CAN-17082,Adobe,CVE-2022-34246,7.8,2022-07-14,,Adobe InDesign Font Parsing Heap-based Buffer Overflow Remote Code Execution Vulnerability,,Adobe,2022-04-06,2022-07-14,99
ZDI-22-1004,ZDI-CAN-17079,Adobe,CVE-2022-34245,7.8,2022-07-14,,Adobe InDesign Font Parsing Heap-based Buffer Overflow Remote Code Execution Vulnerability,,Adobe,2022-04-06,2022-07-14,99
ZDI-22-1003,ZDI-CAN-17076,Adobe,CVE-2022-34248,3.3,2022-07-14,,Adobe InDesign Font Parsing Out-Of-Bounds Read Information Disclosure Vulnerability,,Adobe,2022-04-13,2022-07-14,92
ZDI-22-1002,ZDI-CAN-17067,Adobe,CVE-2022-34247,7.8,2022-07-14,,Adobe InDesign Font Parsing Out-Of-Bounds Write Remote Code Execution Vulnerability,,Adobe,2022-04-06,2022-07-14,99
ZDI-22-1001,ZDI-CAN-16919,Adobe,CVE-2022-34216,7.8,2022-07-13,,Adobe Acrobat Reader DC PDF Parsing Use-After-Free Remote Code Execution Vulnerability,,Adobe,2022-04-01,2022-07-13,103
ZDI-22-1000,ZDI-CAN-17277,Adobe,CVE-2022-34227,7.8,2022-07-13,,Adobe Acrobat Reader DC AcroForm value Use-After-Free Remote Code Execution Vulnerability,,Adobe,2022-06-03,2022-07-13,40
ZDI-22-999,ZDI-CAN-17621,Adobe,CVE-2022-34241,7.8,2022-07-13,,Adobe Character Animator SVG File Parsing Heap-based Buffer Overflow Remote Code Execution Vulnerability,,Adobe,2022-06-03,2022-07-13,40
ZDI-22-998,ZDI-CAN-16955,Adobe,CVE-2022-34220,7.8,2022-07-13,,Adobe Acrobat Reader DC Font Parsing Use-After-Free Remote Code Execution Vulnerability,,Adobe,2022-04-13,2022-07-13,91
ZDI-22-997,ZDI-CAN-17620,Adobe,CVE-2022-34242,7.8,2022-07-13,,Adobe Character Animator SVG File Parsing Out-Of-Bounds Read Remote Code Execution Vulnerability,,Adobe,2022-06-03,2022-07-13,40
ZDI-22-996,ZDI-CAN-17324,Adobe,CVE-2022-34225,7.8,2022-07-13,,Adobe Acrobat Reader DC AcroForm exportValues Use-After-Free Remote Code Execution Vulnerability,,Adobe,2022-06-03,2022-07-13,40
ZDI-22-995,ZDI-CAN-17319,Adobe,CVE-2022-34223,7.8,2022-07-13,,Adobe Acrobat Reader DC AcroForm currentValueIndices Use-After-Free Remote Code Execution Vulnerability,,Adobe,2022-06-03,2022-07-13,40
ZDI-22-994,ZDI-CAN-17018,Adobe,CVE-2022-34226,7.8,2022-07-13,,Adobe Acrobat Reader DC PDF Parsing Out-Of-Bounds Read Remote Code Execution Vulnerability,,Adobe,2022-06-03,2022-07-13,40
ZDI-22-993,ZDI-CAN-17307,Adobe,CVE-2022-34229,7.8,2022-07-13,,Adobe Acrobat Reader DC AcroForm rect Use-After-Free Remote Code Execution Vulnerability,,Adobe,2022-06-03,2022-07-13,40
ZDI-22-992,ZDI-CAN-17303,Adobe,CVE-2022-34224,7.8,2022-07-13,,Adobe Acrobat Reader DC AcroForm setItems Use-After-Free Remote Code Execution Vulnerability,,Adobe,2022-06-03,2022-07-13,40
ZDI-22-991,ZDI-CAN-17385,Adobe,CVE-2022-34228,7.8,2022-07-13,,Adobe Acrobat Reader DC Font Parsing Uninitialized Variable Remote Code Execution Vulnerability,,Adobe,2022-06-03,2022-07-13,40
ZDI-22-990,ZDI-CAN-16952,Adobe,CVE-2022-34217,7.8,2022-07-13,,Adobe Acrobat Reader DC Font Parsing Out-Of-Bounds Write Remote Code Execution Vulnerability,,Adobe,2022-04-01,2022-07-13,103
ZDI-22-989,ZDI-CAN-17063,Adobe,CVE-2022-34219,7.8,2022-07-13,,Adobe Acrobat Reader DC Font Parsing Use-After-Free Remote Code Execution Vulnerability,,Adobe,2022-04-06,2022-07-13,98
ZDI-22-988,ZDI-CAN-17026,Adobe,CVE-2022-34222,7.8,2022-07-13,,Adobe Acrobat Reader DC query Out-Of-Bounds Read Remote Code Execution Vulnerability,,Adobe,2022-05-25,2022-07-13,49
ZDI-22-987,ZDI-CAN-17001,Adobe,CVE-2022-34243,7.8,2022-07-13,,Adobe Photoshop U3D File Parsing Use-After-Free Remote Code Execution Vulnerability,,Adobe,2022-03-30,2022-07-13,105
ZDI-22-986,ZDI-CAN-17002,Adobe,CVE-2022-34244,3.3,2022-07-13,,Adobe Photoshop U3D File Parsing Uninitialized Variable Information Disclosure Vulnerability,,Adobe,2022-03-30,2022-07-13,105
ZDI-22-985,ZDI-CAN-16998,Adobe,CVE-2022-34233,3.3,2022-07-13,,Adobe Acrobat Reader DC Doc print Use-After-Free Information Disclosure Vulnerability,,Adobe,2022-03-30,2022-07-13,105
ZDI-22-984,ZDI-CAN-17167,Adobe,CVE-2022-34234,3.3,2022-07-13,,Adobe Acrobat Reader DC Doc printWithParams Use-After-Free Information Disclosure Vulnerability,,Adobe,2022-04-27,2022-07-13,77
ZDI-22-983,ZDI-CAN-16826,Adobe,CVE-2022-34215,7.8,2022-07-13,,Adobe Acrobat Reader DC Annotation Polygon Out-Of-Bounds Read Remote Code Execution Vulnerability,,Adobe,2022-03-23,2022-07-13,112
ZDI-22-982,ZDI-CAN-16876,Adobe,CVE-2022-34232,3.3,2022-07-13,,Adobe Acrobat Reader DC Annotation print Use-After-Free Information Disclosure Vulnerability,,Adobe,2022-03-23,2022-07-13,112
ZDI-22-981,ZDI-CAN-16953,Adobe,CVE-2022-34237,3.3,2022-07-13,,Adobe Acrobat Reader DC Font Parsing Use-After-Free Information Disclosure Vulnerability,,Adobe,2022-05-13,2022-07-13,61
ZDI-22-980,ZDI-CAN-16965,Adobe,CVE-2022-34239,3.3,2022-07-13,,Adobe Acrobat Reader DC Font Parsing Out-Of-Bounds Read Information Disclosure Vulnerability,,Adobe,2022-05-13,2022-07-13,61
ZDI-22-979,ZDI-CAN-16966,Adobe,CVE-2022-34236,3.3,2022-07-13,,Adobe Acrobat Reader DC Font Parsing Out-Of-Bounds Read Information Disclosure Vulnerability,,Adobe,2022-05-13,2022-07-13,61
ZDI-22-978,ZDI-CAN-16801,Microsoft,CVE-2022-22034,8.8,2022-07-12,,Microsoft Windows win32kfull UMPDDrvStretchBltROP Use-After-Free Local Privilege Escalation Vulnerability,,Microsoft,2022-03-30,2022-07-12,104
ZDI-22-977,ZDI-CAN-16800,Microsoft,CVE-2022-22034,8.8,2022-07-12,,Microsoft Windows win32kfull UMPDDrvAlphaBlend Use-After-Free Local Privilege Escalation Vulnerability,,Microsoft,2022-03-30,2022-07-12,104
ZDI-22-976,ZDI-CAN-16799,Microsoft,CVE-2022-22034,8.8,2022-07-12,,Microsoft Windows win32kfull UMPDDrvCopyBits Use-After-Free Local Privilege Escalation Vulnerability,,Microsoft,2022-03-30,2022-07-12,104
ZDI-22-975,ZDI-CAN-16798,Microsoft,CVE-2022-22034,8.8,2022-07-12,,Microsoft Windows win32kfull UMPDDrvStretchBlt Use-After-Free Local Privilege Escalation Vulnerability,,Microsoft,2022-03-30,2022-07-12,104
ZDI-22-974,ZDI-CAN-16797,Microsoft,CVE-2022-22034,8.8,2022-07-12,,Microsoft Windows win32kfull UMPDDrvPlgBlt Use-After-Free Local Privilege Escalation Vulnerability,,Microsoft,2022-03-30,2022-07-12,104
ZDI-22-973,ZDI-CAN-16796,Microsoft,CVE-2022-22034,8.8,2022-07-12,,Microsoft Windows win32kfull UMPDDrvTransparentBlt Use-After-Free Local Privilege Escalation Vulnerability,,Microsoft,2022-03-30,2022-07-12,104
ZDI-22-972,ZDI-CAN-16795,Microsoft,CVE-2022-22034,8.8,2022-07-12,,Microsoft Windows win32kfull UMPDDrvBitBlt Use-After-Free Local Privilege Escalation Vulnerability,,Microsoft,2022-03-30,2022-07-12,104
ZDI-22-971,ZDI-CAN-16765,Microsoft,CVE-2022-22034,8.8,2022-07-12,,Microsoft Windows win32kfull UMPDDrvStrokePath Use-After-Free Local Privilege Escalation Vulnerability,,Microsoft,2022-03-30,2022-07-12,104
ZDI-22-970,ZDI-CAN-16764,Microsoft,CVE-2022-22034,8.8,2022-07-12,,Microsoft Windows win32kfull UMPDDrvGradientFill Use-After-Free Local Privilege Escalation Vulnerability,,Microsoft,2022-03-30,2022-07-12,104
ZDI-22-969,ZDI-CAN-16762,Microsoft,CVE-2022-22034,8.8,2022-07-12,,Microsoft Windows win32kfull UMPDDrvTextOut Use-After-Free Local Privilege Escalation Vulnerability,,Microsoft,2022-03-30,2022-07-12,104
ZDI-22-878,ZDI-CAN-16111,Apple,CVE-2022-22676,5.5,2022-06-29,,Apple macOS PackageKit PKInstallService Directory Traversal System Integrity Protection Bypass Vulnerability,,Apple,2021-12-03,2022-06-29,208
ZDI-22-877,ZDI-CAN-16052,Apple,CVE-2022-26688,5.5,2022-06-29,,Apple macOS PackageKit PKCoreShove Link Following System Integrity Protection Bypass Vulnerability,,Apple,2021-12-03,2022-06-29,208
ZDI-22-871,ZDI-CAN-17014,Microsoft,CVE-2022-30157,8.8,2022-06-23,,Microsoft SharePoint Chart Deserialization of Untrusted Data Remote Code Execution Vulnerability,,Microsoft,2022-06-10,2022-06-23,13
ZDI-22-852,ZDI-CAN-16485,Adobe,CVE-2022-30664,7.8,2022-06-15,,Adobe Animate SVG File Parsing Out-Of-Bounds Write Remote Code Execution Vulnerability,,Adobe,2022-02-03,2022-06-15,132
ZDI-22-851,ZDI-CAN-16467,Adobe,CVE-2022-30665,7.8,2022-06-15,,Adobe InDesign Font Parsing Out-Of-Bounds Write Remote Code Execution Vulnerability,,Adobe,2022-02-04,2022-06-15,131
ZDI-22-850,ZDI-CAN-16465,Adobe,CVE-2022-30663,7.8,2022-06-15,,Adobe InDesign SVG File Parsing Out-Of-Bounds Write Remote Code Execution Vulnerability,,Adobe,2022-02-04,2022-06-15,131
ZDI-22-849,ZDI-CAN-16466,Adobe,CVE-2022-30662,7.8,2022-06-15,,Adobe InDesign Font Parsing Out-Of-Bounds Write Remote Code Execution Vulnerability,,Adobe,2022-02-04,2022-06-15,131
ZDI-22-848,ZDI-CAN-16462,Adobe,CVE-2022-30661,7.8,2022-06-15,,Adobe InDesign Font Parsing Heap-based Buffer Overflow Remote Code Execution Vulnerability,,Adobe,2022-02-04,2022-06-15,131
ZDI-22-847,ZDI-CAN-16464,Adobe,CVE-2022-30660,7.8,2022-06-15,,Adobe InDesign PDF File Parsing Out-Of-Bounds Write Remote Code Execution Vulnerability,,Adobe,2022-02-04,2022-06-15,131
ZDI-22-846,ZDI-CAN-16461,Adobe,CVE-2022-30659,7.8,2022-06-15,,Adobe InDesign Font Parsing Out-Of-Bounds Write Remote Code Execution Vulnerability,,Adobe,2022-02-04,2022-06-15,131
ZDI-22-845,ZDI-CAN-16463,Adobe,CVE-2022-30658,7.8,2022-06-15,,Adobe InDesign Font Parsing Heap-based Buffer Overflow Remote Code Execution Vulnerability,,Adobe,2022-02-03,2022-06-15,132
ZDI-22-844,ZDI-CAN-17072,Adobe,CVE-2022-28850,3.3,2022-06-15,,Adobe Bridge Font Parsing Out-Of-Bounds Read Information Disclosure Vulnerability,,Adobe,2022-04-13,2022-06-15,63
ZDI-22-843,ZDI-CAN-17081,Adobe,CVE-2022-28849,7.8,2022-06-15,,Adobe Bridge Font Parsing Use-After-Free Remote Code Execution Vulnerability,,Adobe,2022-04-27,2022-06-15,49
ZDI-22-842,ZDI-CAN-16567,Adobe,CVE-2022-28848,7.8,2022-06-15,,Adobe Bridge PCX File Parsing Memory Corruption Remote Code Execution Vulnerability,,Adobe,2022-02-11,2022-06-15,124
ZDI-22-841,ZDI-CAN-16476,Adobe,CVE-2022-28847,7.8,2022-06-15,,Adobe Bridge Font Parsing Out-Of-Bounds Write Remote Code Execution Vulnerability,,Adobe,2022-02-04,2022-06-15,131
ZDI-22-840,ZDI-CAN-16481,Adobe,CVE-2022-28846,7.8,2022-06-15,,Adobe Bridge SVG File Parsing Out-Of-Bounds Write Remote Code Execution Vulnerability,,Adobe,2022-02-04,2022-06-15,131
ZDI-22-839,ZDI-CAN-16494,Adobe,CVE-2022-28845,7.8,2022-06-15,,Adobe Bridge Font Parsing Out-Of-Bounds Write Remote Code Execution Vulnerability,,Adobe,2022-02-03,2022-06-15,132
ZDI-22-838,ZDI-CAN-16484,Adobe,CVE-2022-28844,7.8,2022-06-15,,Adobe Bridge Font Parsing Out-Of-Bounds Write Remote Code Execution Vulnerability,,Adobe,2022-02-03,2022-06-15,132
ZDI-22-837,ZDI-CAN-16482,Adobe,CVE-2022-28843,7.8,2022-06-15,,Adobe Bridge Font Parsing Memory Corruption Remote Code Execution Vulnerability,,Adobe,2022-02-03,2022-06-15,132
ZDI-22-836,ZDI-CAN-16493,Adobe,CVE-2022-28842,7.8,2022-06-15,,Adobe Bridge Font Parsing Use-After-Free Remote Code Execution Vulnerability,,Adobe,2022-02-03,2022-06-15,132
ZDI-22-835,ZDI-CAN-16491,Adobe,CVE-2022-28841,7.8,2022-06-15,,Adobe Bridge Font Parsing Memory Corruption Remote Code Execution Vulnerability,,Adobe,2022-02-03,2022-06-15,132
ZDI-22-834,ZDI-CAN-16483,Adobe,CVE-2022-28840,7.8,2022-06-15,,Adobe Bridge Font Parsing Out-Of-Bounds Write Remote Code Execution Vulnerability,,Adobe,2022-02-03,2022-06-15,132
ZDI-22-833,ZDI-CAN-16492,Adobe,CVE-2022-28839,7.8,2022-06-15,,Adobe Bridge Font Parsing Out-Of-Bounds Write Remote Code Execution Vulnerability,,Adobe,2022-02-03,2022-06-15,132
ZDI-22-832,ZDI-CAN-16459,Adobe,CVE-2022-30657,7.8,2022-06-15,,Adobe InCopy Font Parsing Use-After-Free Remote Code Execution Vulnerability,,Adobe,2022-02-04,2022-06-15,131
ZDI-22-831,ZDI-CAN-16456,Adobe,CVE-2022-30656,7.8,2022-06-15,,Adobe InCopy PDF File Parsing Out-Of-Bounds Write Remote Code Execution Vulnerability,,Adobe,2022-02-04,2022-06-15,131
ZDI-22-830,ZDI-CAN-16460,Adobe,CVE-2022-30655,7.8,2022-06-15,,Adobe InCopy Font Parsing Use-After-Free Remote Code Execution Vulnerability,,Adobe,2022-02-04,2022-06-15,131
ZDI-22-829,ZDI-CAN-16455,Adobe,CVE-2022-30654,7.8,2022-06-15,,Adobe InCopy Font Parsing Heap-based Buffer Overflow Remote Code Execution Vulnerability,,Adobe,2022-02-04,2022-06-15,131
ZDI-22-828,ZDI-CAN-16453,Adobe,CVE-2022-30653,7.8,2022-06-15,,Adobe InCopy Font Parsing Out-Of-Bounds Write Remote Code Execution Vulnerability,,Adobe,2022-02-04,2022-06-15,131
ZDI-22-827,ZDI-CAN-16457,Adobe,CVE-2022-30652,7.8,2022-06-15,,Adobe InCopy SVG File Parsing Out-Of-Bounds Write Remote Code Execution Vulnerability,,Adobe,2022-02-03,2022-06-15,132
ZDI-22-826,ZDI-CAN-16458,Adobe,CVE-2022-30651,7.8,2022-06-15,,Adobe InCopy Font Parsing Out-Of-Bounds Read Remote Code Execution Vulnerability,,Adobe,2022-02-04,2022-06-15,131
ZDI-22-825,ZDI-CAN-16454,Adobe,CVE-2022-30650,7.8,2022-06-15,,Adobe InCopy Font Parsing Heap-based Buffer Overflow Remote Code Execution Vulnerability,,Adobe,2022-02-02,2022-06-15,133
ZDI-22-824,ZDI-CAN-16452,Adobe,CVE-2022-30648,7.8,2022-06-15,,Adobe Illustrator Font Parsing Use-After-Free Remote Code Execution Vulnerability,,Adobe,2022-02-04,2022-06-15,131
ZDI-22-823,ZDI-CAN-16450,Adobe,CVE-2022-30647,7.8,2022-06-15,,Adobe Illustrator Font Parsing Use-After-Free Remote Code Execution Vulnerability,,Adobe,2022-02-04,2022-06-15,131
ZDI-22-822,ZDI-CAN-16451,Adobe,CVE-2022-30646,7.8,2022-06-15,,Adobe Illustrator Font Parsing Memory Corruption Remote Code Execution Vulnerability,,Adobe,2022-02-04,2022-06-15,131
ZDI-22-821,ZDI-CAN-16448,Adobe,CVE-2022-30644,7.8,2022-06-15,,Adobe Illustrator Font Parsing Use-After-Free Remote Code Execution Vulnerability,,Adobe,2022-02-04,2022-06-15,131
ZDI-22-820,ZDI-CAN-16449,Adobe,CVE-2022-30643,7.8,2022-06-15,,Adobe Illustrator Font Parsing Out-Of-Bounds Write Remote Code Execution Vulnerability,,Adobe,2022-02-04,2022-06-15,131
ZDI-22-819,ZDI-CAN-16436,Adobe,CVE-2022-30642,7.8,2022-06-15,,Adobe Illustrator Font Parsing Out-Of-Bounds Write Remote Code Execution Vulnerability,,Adobe,2022-02-04,2022-06-15,131
ZDI-22-818,ZDI-CAN-16444,Adobe,"CVE-2022-30641, CVE-2022-30645",7.8,2022-06-15,,Adobe Illustrator SVG File Parsing Out-Of-Bounds Write Remote Code Execution Vulnerability,,Adobe,2022-02-04,2022-06-15,131
ZDI-22-817,ZDI-CAN-16489,Adobe,CVE-2022-30640,7.8,2022-06-15,,Adobe Illustrator Font Parsing Out-Of-Bounds Write Remote Code Execution Vulnerability,,Adobe,2022-02-03,2022-06-15,132
ZDI-22-816,ZDI-CAN-16488,Adobe,CVE-2022-30639,7.8,2022-06-15,,Adobe Illustrator Font Parsing Out-Of-Bounds Write Remote Code Execution Vulnerability,,Adobe,2022-02-03,2022-06-15,132
ZDI-22-815,ZDI-CAN-16487,Adobe,CVE-2022-30638,7.8,2022-06-15,,Adobe Illustrator Font Parsing Memory Corruption Remote Code Execution Vulnerability,,Adobe,2022-02-03,2022-06-15,132
ZDI-22-814,ZDI-CAN-16490,Adobe,CVE-2022-30637,7.8,2022-06-15,,Adobe Illustrator Font Parsing Out-Of-Bounds Write Remote Code Execution Vulnerability,,Adobe,2022-02-02,2022-06-15,133
ZDI-22-813,ZDI-CAN-15443,Microsoft,CVE-2021-43875,7.0,2022-06-02,,Microsoft Word glTF-SDK Integer Overflow Remote Code Execution Vulnerability,,Microsoft,2021-10-27,2022-06-02,218
ZDI-22-812,ZDI-CAN-16125,Apple,CVE-2022-26698,3.3,2022-05-26,2022-06-02,Apple macOS SCPT File Parsing Out-Of-Bounds Read Information Disclosure Vulnerability,,Apple,2021-12-15,2022-05-26,162
ZDI-22-811,ZDI-CAN-16024,Apple,CVE-2022-22583,5.5,2022-06-02,2022-06-02,Apple macOS PackageKit PKInstallSandbox SIP Bypass vulnerability,,Apple,2021-11-18,2022-06-02,196
ZDI-22-810,ZDI-CAN-16065,Microsoft,CVE-2022-24499,7.8,2022-06-01,,Microsoft Windows Installer Service Link Following Local Privilege Escalation Vulnerability,,Microsoft,2021-12-30,2022-06-01,153
ZDI-22-809,ZDI-CAN-16249,Microsoft,CVE-2022-26901,7.8,2022-06-01,,Microsoft Excel XLS File Parsing Use-After-Free Remote Code Execution Vulnerability,,Microsoft,2022-01-26,2022-06-01,126
ZDI-22-808,ZDI-CAN-15973,Microsoft,CVE-2022-24479,7.8,2022-06-01,,Microsoft Windows DiagTrack Service Link Following Privilege Escalation Vulnerability,,Microsoft,2021-12-01,2022-06-01,182
ZDI-22-807,ZDI-CAN-15294,Microsoft,CVE-2022-24513,8.4,2022-06-01,,Microsoft Visual Studio VSIX Auto Update Deserialization of Untrusted Data Privilege Escalation Vulnerability,,Microsoft,2021-12-15,2022-06-01,168
ZDI-22-799,ZDI-CAN-17469,Mozilla,CVE-2022-1802,8.8,2022-05-27,,(Pwn2Own) Mozilla Firefox Top-Level Await Prototype Pollution Remote Code Execution Vulnerability,,Mozilla,2022-05-26,2022-05-27,1
ZDI-22-798,ZDI-CAN-17418,Mozilla,CVE-2022-1529,7.8,2022-05-27,,(Pwn2Own) Mozilla Firefox Improper Input Validation Sandbox Escape Vulnerability,,Mozilla,2022-05-26,2022-05-27,1
ZDI-22-794,ZDI-CAN-16806,Apple,CVE-2022-26751,7.8,2022-05-26,,Apple macOS HEIC File Parsing Memory Corruption Remote Code Execution Vulnerability,,Apple,2022-03-09,2022-05-26,78
ZDI-22-793,ZDI-CAN-16206,Apple,CVE-2022-26748,8.8,2022-05-26,2024-07-08,Apple Safari WebGL generateMipmap Out-Of-Bounds Write Remote Code Execution Vulnerability,,Apple,2022-03-02,2022-05-26,85
ZDI-22-792,ZDI-CAN-16158,Apple,CVE-2022-26711,7.8,2022-05-26,,Apple macOS ImageIO WebP File Parsing Integer Overflow Remote Code Execution Vulnerability,,Apple,2022-02-25,2022-05-26,90
ZDI-22-791,ZDI-CAN-16073,Apple,CVE-2022-26697,3.3,2022-05-26,,Apple macOS SCPT File Parsing Out-Of-Bounds Read Information Disclosure Vulnerability,,Apple,2021-12-03,2022-05-26,174
ZDI-22-757,ZDI-CAN-16083,Apple,CVE-2022-22597,3.3,2022-04-28,2022-05-11,Apple macOS SCPT File Parsing Out-Of-Bounds Read Information Disclosure Vulnerability,,Apple,2021-12-15,2022-04-28,134
ZDI-22-755,ZDI-CAN-17065,Adobe,CVE-2022-28829,7.8,2022-05-10,,Adobe FrameMaker Font Parsing Out-Of-Bounds Write Remote Code Execution Vulnerability,,Adobe,2022-04-06,2022-05-10,34
ZDI-22-754,ZDI-CAN-17012,Adobe,CVE-2022-28837,3.3,2022-05-10,,Adobe Acrobat Pro DC Doc buttonSetIcon Use-After-Free Information Disclosure Vulnerability,,Adobe,2022-03-30,2022-05-10,41
ZDI-22-753,ZDI-CAN-17000,Adobe,CVE-2022-28838,7.8,2022-05-10,,Adobe Acrobat Pro DC Doc flattenPages Use-After-Free Remote Code Execution Vulnerability,,Adobe,2022-03-30,2022-05-10,41
ZDI-22-752,ZDI-CAN-16515,Adobe,CVE-2022-28819,7.8,2022-05-10,,Adobe Character Animator SVG File Parsing Out-Of-Bounds Write Remote Code Execution Vulnerability,,Adobe,2022-02-02,2022-05-10,97
ZDI-22-751,ZDI-CAN-16503,Adobe,CVE-2022-28831,7.8,2022-05-10,,Adobe InDesign Font Parsing Out-Of-Bounds Write Remote Code Execution Vulnerability,,Adobe,2022-02-02,2022-05-10,97
ZDI-22-750,ZDI-CAN-16502,Adobe,CVE-2022-28833,7.8,2022-05-10,,Adobe InDesign Font Parsing Out-Of-Bounds Write Remote Code Execution Vulnerability,,Adobe,2022-02-04,2022-05-10,95
ZDI-22-749,ZDI-CAN-16501,Adobe,CVE-2022-28832,7.8,2022-05-10,,Adobe InDesign Font Parsing Out-Of-Bounds Read Remote Code Execution Vulnerability,,Adobe,2022-02-03,2022-05-10,96
ZDI-22-748,ZDI-CAN-16500,Adobe,CVE-2022-28834,7.8,2022-05-10,,Adobe InCopy Font Parsing Out-Of-Bounds Write Remote Code Execution Vulnerability,,Adobe,2022-02-02,2022-05-10,97
ZDI-22-747,ZDI-CAN-16499,Adobe,CVE-2022-28836,7.8,2022-05-10,,Adobe InCopy Font Parsing Out-Of-Bounds Write Remote Code Execution Vulnerability,,Adobe,2022-02-03,2022-05-10,96
ZDI-22-746,ZDI-CAN-16498,Adobe,CVE-2022-28835,7.8,2022-05-10,,Adobe InCopy Font Parsing Use-After-Free Remote Code Execution Vulnerability,,Adobe,2022-02-02,2022-05-10,97
ZDI-22-745,ZDI-CAN-16497,Adobe,CVE-2022-28823,7.8,2022-05-10,,Adobe FrameMaker Font Parsing Use-After-Free Remote Code Execution Vulnerability,,Adobe,2022-02-02,2022-05-10,97
ZDI-22-744,ZDI-CAN-16496,Adobe,CVE-2022-28822,7.8,2022-05-10,,Adobe FrameMaker Font Parsing Out-Of-Bounds Write Remote Code Execution Vulnerability,,Adobe,2022-02-02,2022-05-10,97
ZDI-22-743,ZDI-CAN-16495,Adobe,CVE-2022-28824,7.8,2022-05-10,,Adobe FrameMaker Font Parsing Use-After-Free Remote Code Execution Vulnerability,,Adobe,2022-02-02,2022-05-10,97
ZDI-22-742,ZDI-CAN-16432,Adobe,CVE-2022-28828,7.8,2022-05-10,,Adobe FrameMaker PDF File Parsing Out-Of-Bounds Write Code Execution Vulnerability,,Adobe,2022-02-04,2022-05-10,95
ZDI-22-741,ZDI-CAN-16431,Adobe,CVE-2022-28827,7.8,2022-05-10,,Adobe FrameMaker SVG File Parsing Out-Of-Bounds Write Remote Code Execution Vulnerability,,Adobe,2022-02-04,2022-05-10,95
ZDI-22-740,ZDI-CAN-16430,Adobe,CVE-2022-28830,3.3,2022-05-10,,Adobe FrameMaker Font Parsing Out-Of-Bounds Read Information Disclosure Vulnerability,,Adobe,2022-02-04,2022-05-10,95
ZDI-22-739,ZDI-CAN-16429,Adobe,CVE-2022-28821,7.8,2022-05-10,,Adobe FrameMaker Font Parsing Out-Of-Bounds Write Remote Code Execution Vulnerability,,Adobe,2022-02-02,2022-05-10,97
ZDI-22-738,ZDI-CAN-16428,Adobe,CVE-2022-28825,7.8,2022-05-10,,Adobe FrameMaker Font Parsing Out-Of-Bounds Write Remote Code Execution Vulnerability,,Adobe,2022-02-04,2022-05-10,95
ZDI-22-737,ZDI-CAN-16427,Adobe,CVE-2022-28826,7.8,2022-05-10,,Adobe FrameMaker Font Parsing Out-Of-Bounds Write Remote Code Execution Vulnerability,,Adobe,2022-02-04,2022-05-10,95
ZDI-22-736,ZDI-CAN-16218,Microsoft,CVE-2022-29114,5.5,2022-05-10,,Microsoft Windows Print Spooler Service Directory Traversal Information Disclosure Vulnerability,,Microsoft,2022-02-23,2022-05-10,76
ZDI-22-735,ZDI-CAN-16215,Microsoft,CVE-2022-29140,5.5,2022-05-10,,Microsoft Windows Print Spooler Service Directory Traversal Information Disclosure Vulnerability,,Microsoft,2022-02-23,2022-05-10,76
ZDI-22-734,ZDI-CAN-16251,Microsoft,CVE-2022-29104,7.0,2022-05-10,,Microsoft Windows Print Spooler Service Link Following Local Privilege Escalation Vulnerability,,Microsoft,2022-02-23,2022-05-10,76
ZDI-22-733,ZDI-CAN-16189,Microsoft,CVE-2022-29148,7.8,2022-05-10,,Microsoft Visual Studio DDS File Parsing Heap-based Buffer Overflow Remote Code Execution Vulnerability,,Microsoft,2022-02-09,2022-05-10,90
ZDI-22-732,ZDI-CAN-16228,Microsoft,CVE-2022-30138,7.0,2022-05-10,2022-06-10,Microsoft Windows Print Spooler Service Link Following Local Privilege Escalation Vulnerability,,Microsoft,2022-02-02,2022-05-10,97
ZDI-22-731,ZDI-CAN-16507,Microsoft,CVE-2022-29105,8.8,2022-05-10,,Microsoft Windows Media Foundation AVI File Parsing Out-Of-Bounds Write Remote Code Execution Vulnerability,,Microsoft,2022-02-02,2022-05-10,97
ZDI-22-730,ZDI-CAN-16229,Microsoft,CVE-2022-29104,7.0,2022-05-10,,Microsoft Windows Print Spooler Service Link Following Local Privilege Escalation Vulnerability,,Microsoft,2022-02-02,2022-05-10,97
ZDI-22-729,ZDI-CAN-16168,Microsoft,CVE-2022-26923,9.0,2022-05-10,,Microsoft Windows Active Directory Certificate Services Improper Authorization Privilege Escalation Vulnerability,,Microsoft,2022-01-21,2022-05-10,109
ZDI-22-728,ZDI-CAN-15915,Microsoft,CVE-2022-26927,9.6,2022-05-10,,Microsoft Windows OpenType Font File Parsing Use-After-Free Remote Code Execution Vulnerability,,Microsoft,2021-12-22,2022-05-10,139
ZDI-22-727,ZDI-CAN-15914,Microsoft,CVE-2022-24542,8.8,2022-05-10,,Microsoft Windows Kernel Bitmap Surface Untrusted Pointer Dereference Privilege Escalation Vulnerability,,Microsoft,2021-12-15,2022-05-10,146
ZDI-22-726,ZDI-CAN-15974,Microsoft,CVE-2022-24550,7.8,2022-05-10,,Microsoft Windows CreateObjectHandler Deserialization of Untrusted Data Local Privilege Escalation Vulnerability,,Microsoft,2021-11-18,2022-05-10,173
ZDI-22-725,ZDI-CAN-17077,Adobe,CVE-2022-24099,3.3,2022-05-09,,Adobe Photoshop Font Parsing Out-Of-Bounds Read Information Disclosure Vulnerability,,Adobe,2022-04-13,2022-05-09,26
ZDI-22-715,ZDI-CAN-16076,Apple,CVE-2022-22648,3.3,2022-04-28,,Apple macOS SCPT File Parsing Out-Of-Bounds Read Information Disclosure Vulnerability,,Apple,2021-12-03,2022-04-28,146
ZDI-22-714,ZDI-CAN-16074,Apple,CVE-2022-22627,3.3,2022-04-28,,Apple macOS SCPT File Parsing Out-Of-Bounds Read Information Disclosure Vulnerability,,Apple,2021-12-03,2022-04-28,146
ZDI-22-713,ZDI-CAN-16072,Apple,CVE-2022-22648,3.3,2022-04-28,,Apple macOS SCPT File Parsing Out-Of-Bounds Read Information Disclosure Vulnerability,,Apple,2021-12-03,2022-04-28,146
ZDI-22-712,ZDI-CAN-16084,Apple,CVE-2022-22625,3.3,2022-04-28,,Apple macOS SCPT File Parsing Out-Of-Bounds Read Information Disclosure Vulnerability,,Apple,2021-12-03,2022-04-28,146
ZDI-22-711,ZDI-CAN-16075,Apple,CVE-2022-22626,3.3,2022-04-28,,Apple macOS SCPT File Parsing Out-Of-Bounds Read Information Disclosure Vulnerability,,Apple,2021-12-03,2022-04-28,146
ZDI-22-695,ZDI-CAN-16132,Adobe,CVE-2022-28271,7.8,2022-04-28,,Adobe Photoshop PDF File Parsing Use-After-Free Remote Code Execution Vulnerability,,Adobe,2022-01-26,2022-04-28,92
ZDI-22-694,ZDI-CAN-17069,Adobe,CVE-2022-23205,7.8,2022-04-28,,Adobe Photoshop Font Parsing Out-Of-Bounds Write Remote Code Execution Vulnerability,,Adobe,2022-04-06,2022-04-28,22
ZDI-22-693,ZDI-CAN-16725,Adobe,CVE-2022-28240,7.8,2022-04-28,,Adobe Acrobat Reader DC Annotation Use-After-Free Remote Code Execution Vulnerability,,Adobe,2022-02-25,2022-04-28,62
ZDI-22-692,ZDI-CAN-16708,Adobe,CVE-2022-28268,3.3,2022-04-28,,Adobe Acrobat Reader DC Annotation Out-Of-Bounds Read Information Disclosure Vulnerability,,Adobe,2022-02-25,2022-04-28,62
ZDI-22-691,ZDI-CAN-16707,Adobe,CVE-2022-28239,7.8,2022-04-28,,Adobe Acrobat Reader DC Annotation Out-Of-Bounds Read Remote Code Execution Vulnerability,,Adobe,2022-02-25,2022-04-28,62
ZDI-22-690,ZDI-CAN-16579,Adobe,CVE-2022-28269,3.3,2022-04-28,,Adobe Acrobat Reader DC Annotation Use-After-Free Information Disclosure Vulnerability,,Adobe,2022-02-25,2022-04-28,62
ZDI-22-689,ZDI-CAN-16553,Adobe,CVE-2022-28236,7.8,2022-04-28,,Adobe Acrobat Reader DC Annotation Out-Of-Bounds Write Remote Code Execution Vulnerability,,Adobe,2022-02-16,2022-04-28,71
ZDI-22-688,ZDI-CAN-16537,Adobe,CVE-2022-28235,7.8,2022-04-28,,Adobe Acrobat Pro DC AcroForm Use-After-Free Remote Code Execution Vulnerability,,Adobe,2022-02-16,2022-04-28,71
ZDI-22-687,ZDI-CAN-16536,Adobe,CVE-2022-28237,7.8,2022-04-28,,Adobe Acrobat Reader DC Annotation Use-After-Free Remote Code Execution Vulnerability,,Adobe,2022-02-16,2022-04-28,71
ZDI-22-686,ZDI-CAN-16534,Adobe,CVE-2022-27800,7.8,2022-04-28,,Adobe Acrobat Reader DC Annotation Use-After-Free Remote Code Execution Vulnerability,,Adobe,2022-02-09,2022-04-28,78
ZDI-22-685,ZDI-CAN-16533,Adobe,CVE-2022-27802,7.8,2022-04-28,,Adobe Acrobat Reader DC Annotation Use-After-Free Remote Code Execution Vulnerability,,Adobe,2022-02-09,2022-04-28,78
ZDI-22-684,ZDI-CAN-16404,Adobe,CVE-2022-28230,7.8,2022-04-28,,Adobe Acrobat Pro DC AcroForm calculateNow Use-After-Free Remote Code Execution Vulnerability,,Adobe,2022-02-09,2022-04-28,78
ZDI-22-683,ZDI-CAN-16385,Adobe,CVE-2022-28232,3.3,2022-04-28,,Adobe Acrobat Reader DC Collab Object Use-After-Free Information Disclosure Vulnerability,,Adobe,2022-02-09,2022-04-28,78
ZDI-22-682,ZDI-CAN-16375,Adobe,CVE-2022-27801,7.8,2022-04-28,,Adobe Acrobat Reader DC Annotation Use-After-Free Remote Code Execution Vulnerability,,Adobe,2022-02-09,2022-04-28,78
ZDI-22-681,ZDI-CAN-16374,Adobe,CVE-2022-27797,7.8,2022-04-28,,Adobe Acrobat Reader DC Annotation Use-After-Free Remote Code Execution Vulnerability,,Adobe,2022-02-04,2022-04-28,83
ZDI-22-680,ZDI-CAN-16373,Adobe,CVE-2022-28233,7.8,2022-04-28,,Adobe Acrobat Reader DC Annotation Use-After-Free Remote Code Execution Vulnerability,,Adobe,2022-02-09,2022-04-28,78
ZDI-22-679,ZDI-CAN-16353,Adobe,CVE-2022-27796,7.8,2022-04-28,,Adobe Acrobat Pro DC AcroForm isBoxChecked Use-After-Free Remote Code Execution Vulnerability,,Adobe,2022-02-04,2022-04-28,83
ZDI-22-678,ZDI-CAN-16352,Adobe,CVE-2022-27795,7.8,2022-04-28,,Adobe Acrobat Pro DC AcroForm isDefaultChecked Use-After-Free Remote Code Execution Vulnerability,,Adobe,2022-02-02,2022-04-28,85
ZDI-22-677,ZDI-CAN-16349,Adobe,CVE-2022-27799,7.8,2022-04-28,,Adobe Acrobat Pro DC AcroForm Use-After-Free Remote Code Execution Vulnerability,,Adobe,2022-02-04,2022-04-28,83
ZDI-22-676,ZDI-CAN-16348,Adobe,CVE-2022-27798,7.8,2022-04-28,,Adobe Acrobat Reader DC zoomType Out-Of-Bounds Write Remote Code Execution Vulnerability,,Adobe,2022-02-04,2022-04-28,83
ZDI-22-675,ZDI-CAN-16298,Adobe,CVE-2022-27786,7.8,2022-04-28,,Adobe Acrobat Reader DC Font Parsing Use-After-Free Remote Code Execution Vulnerability,,Adobe,2022-01-26,2022-04-28,92
ZDI-22-674,ZDI-CAN-16293,Adobe,CVE-2022-27785,7.8,2022-04-28,,Adobe Acrobat Reader DC Font Parsing Use-After-Free Remote Code Execution Vulnerability,,Adobe,2022-01-26,2022-04-28,92
ZDI-22-673,ZDI-CAN-16292,Adobe,CVE-2022-27788,7.8,2022-04-28,,Adobe Acrobat Reader DC Font Parsing Out-Of-Bounds Write Remote Code Execution Vulnerability,,Adobe,2022-01-26,2022-04-28,92
ZDI-22-672,ZDI-CAN-16291,Adobe,CVE-2022-27787,7.8,2022-04-28,,Adobe Acrobat Reader DC Font Parsing Out-Of-Bounds Write Remote Code Execution Vulnerability,,Adobe,2022-01-26,2022-04-28,92
ZDI-22-671,ZDI-CAN-16095,Adobe,CVE-2022-27790,7.8,2022-04-28,,Adobe Acrobat Reader DC Font Parsing Use-After-Free Remote Code Execution Vulnerability,,Adobe,2022-01-26,2022-04-28,92
ZDI-22-670,ZDI-CAN-16053,Adobe,CVE-2022-28231,3.3,2022-04-28,,Adobe Acrobat Reader DC Doc Object Out-Of-Bounds Read Information Disclosure Vulnerability,,Adobe,2022-02-09,2022-04-28,78
ZDI-22-669,ZDI-CAN-16705,Adobe,CVE-2022-28245,3.3,2022-04-28,,Adobe Acrobat Reader DC Doc Object Out-Of-Bounds Read Information Disclosure Vulnerability,,Adobe,2022-03-02,2022-04-28,57
ZDI-22-668,ZDI-CAN-16865,Adobe,CVE-2022-28256,3.3,2022-04-28,,Adobe Acrobat Reader DC Annotation Use-After-Free Information Disclosure Vulnerability,,Adobe,2022-03-11,2022-04-28,48
ZDI-22-667,ZDI-CAN-16864,Adobe,CVE-2022-28250,3.3,2022-04-28,,Adobe Acrobat Reader DC Annotation Use-After-Free Information Disclosure Vulnerability,,Adobe,2022-03-11,2022-04-28,48
ZDI-22-666,ZDI-CAN-16863,Adobe,CVE-2022-28251,3.3,2022-04-28,,Adobe Acrobat Reader DC Annotation Out-Of-Bounds Read Information Disclosure Vulnerability,,Adobe,2022-03-11,2022-04-28,48
ZDI-22-665,ZDI-CAN-16817,Adobe,CVE-2022-28241,7.8,2022-04-28,,Adobe Acrobat Reader DC Doc Object Out-Of-Bounds Read Remote Code Execution Vulnerability,,Adobe,2022-03-11,2022-04-28,48
ZDI-22-664,ZDI-CAN-16809,Adobe,CVE-2022-28242,7.8,2022-04-28,,Adobe Acrobat Reader DC Annotation Use-After-Free Remote Code Execution Vulnerability,,Adobe,2022-03-11,2022-04-28,48
ZDI-22-663,ZDI-CAN-16803,Adobe,CVE-2022-28243,7.8,2022-04-28,,Adobe Acrobat Reader DC Doc Object Out-Of-Bounds Read Remote Code Execution Vulnerability,,Adobe,2022-03-11,2022-04-28,48
ZDI-22-662,ZDI-CAN-16794,Adobe,CVE-2022-28252,3.3,2022-04-28,,Adobe Acrobat Reader DC Annotation Out-Of-Bounds Read Information Disclosure Vulnerability,,Adobe,2022-03-11,2022-04-28,48
ZDI-22-661,ZDI-CAN-16793,Adobe,CVE-2022-28253,3.3,2022-04-28,,Adobe Acrobat Reader DC Annotation Out-Of-Bounds Read Information Disclosure Vulnerability,,Adobe,2022-03-11,2022-04-28,48
ZDI-22-660,ZDI-CAN-16792,Adobe,CVE-2022-28254,3.3,2022-04-28,,Adobe Acrobat Reader DC Annotation Out-Of-Bounds Read Information Disclosure Vulnerability,,Adobe,2022-03-11,2022-04-28,48
ZDI-22-659,ZDI-CAN-16791,Adobe,CVE-2022-28255,3.3,2022-04-28,,Adobe Acrobat Reader DC Annotation Out-Of-Bounds Read Information Disclosure Vulnerability,,Adobe,2022-03-11,2022-04-28,48
ZDI-22-658,ZDI-CAN-16790,Adobe,CVE-2022-28257,3.3,2022-04-28,,Adobe Acrobat Reader DC Annotation Out-Of-Bounds Read Information Disclosure Vulnerability,,Adobe,2022-03-11,2022-04-28,48
ZDI-22-657,ZDI-CAN-16789,Adobe,CVE-2022-28265,3.3,2022-04-28,,Adobe Acrobat Reader DC Annotation Out-Of-Bounds Read Information Disclosure Vulnerability,,Adobe,2022-03-11,2022-04-28,48
ZDI-22-656,ZDI-CAN-16788,Adobe,CVE-2022-28258,3.3,2022-04-28,,Adobe Acrobat Reader DC Annotation Out-Of-Bounds Read Information Disclosure Vulnerability,,Adobe,2022-03-11,2022-04-28,48
ZDI-22-655,ZDI-CAN-16787,Adobe,CVE-2022-28263,3.3,2022-04-28,,Adobe Acrobat Reader DC Annotation Out-Of-Bounds Read Information Disclosure Vulnerability,,Adobe,2022-03-11,2022-04-28,48
ZDI-22-654,ZDI-CAN-16786,Adobe,CVE-2022-28259,3.3,2022-04-28,,Adobe Acrobat Reader DC Annotation Out-Of-Bounds Read Information Disclosure Vulnerability,,Adobe,2022-03-11,2022-04-28,48
ZDI-22-653,ZDI-CAN-16785,Adobe,CVE-2022-28267,3.3,2022-04-28,,Adobe Acrobat Reader DC Annotation Out-Of-Bounds Read Information Disclosure Vulnerability,,Adobe,2022-03-11,2022-04-28,48
ZDI-22-652,ZDI-CAN-16784,Adobe,CVE-2022-28264,3.3,2022-04-28,,Adobe Acrobat Reader DC Annotation Out-Of-Bounds Read Information Disclosure Vulnerability,,Adobe,2022-03-11,2022-04-28,48
ZDI-22-651,ZDI-CAN-16757,Adobe,CVE-2022-28262,3.3,2022-04-28,,Adobe Acrobat Reader DC Annotation Out-Of-Bounds Read Information Disclosure Vulnerability,,Adobe,2022-03-11,2022-04-28,48
ZDI-22-650,ZDI-CAN-16756,Adobe,CVE-2022-28260,3.3,2022-04-28,,Adobe Acrobat Reader DC Annotation Out-Of-Bounds Read Information Disclosure Vulnerability,,Adobe,2022-03-11,2022-04-28,48
ZDI-22-649,ZDI-CAN-16755,Adobe,CVE-2022-28261,3.3,2022-04-28,,Adobe Acrobat Reader DC Annotation Out-Of-Bounds Read Information Disclosure Vulnerability,,Adobe,2022-03-11,2022-04-28,48
ZDI-22-648,ZDI-CAN-16754,Adobe,CVE-2022-28266,3.3,2022-04-28,,Adobe Acrobat Reader DC Annotation Out-Of-Bounds Read Information Disclosure Vulnerability,,Adobe,2022-03-11,2022-04-28,48
ZDI-22-647,ZDI-CAN-16734,Adobe,CVE-2022-28248,3.3,2022-04-28,,Adobe Acrobat Reader DC Annotation Out-Of-Bounds Read Information Disclosure Vulnerability,,Adobe,2022-03-09,2022-04-28,50
ZDI-22-646,ZDI-CAN-16730,Adobe,CVE-2022-28246,3.3,2022-04-28,,Adobe Acrobat Reader DC Doc Object Out-Of-Bounds Read Information Disclosure Vulnerability,,Adobe,2022-03-04,2022-04-28,55
ZDI-22-645,ZDI-CAN-16711,Adobe,CVE-2022-28249,3.3,2022-04-28,,Adobe Acrobat Reader DC Annotation Out-Of-Bounds Read Information Disclosure Vulnerability,,Adobe,2022-03-09,2022-04-28,50
ZDI-22-644,ZDI-CAN-16538,Adobe,CVE-2022-28238,7.8,2022-04-28,,Adobe Acrobat Reader DC Annotation Use-After-Free Remote Code Execution Vulnerability,,Adobe,2022-02-18,2022-04-28,69
ZDI-22-643,ZDI-CAN-16506,Adobe,CVE-2022-28272,7.8,2022-04-28,,Adobe Photoshop Font Parsing Out-Of-Bounds Write Remote Code Execution Vulnerability,,Adobe,2022-02-02,2022-04-28,85
ZDI-22-642,ZDI-CAN-16505,Adobe,CVE-2022-28273,7.8,2022-04-28,,Adobe Photoshop Font Parsing Out-Of-Bounds Write Remote Code Execution Vulnerability,,Adobe,2022-02-02,2022-04-28,85
ZDI-22-641,ZDI-CAN-16504,Adobe,CVE-2022-28274,7.8,2022-04-28,,Adobe Photoshop Font Parsing Out-Of-Bounds Read Remote Code Execution Vulnerability,,Adobe,2022-02-02,2022-04-28,85
ZDI-22-640,ZDI-CAN-16475,Adobe,CVE-2022-28279,7.8,2022-04-28,,Adobe Photoshop Font Parsing Use-After-Free Remote Code Execution Vulnerability,,Adobe,2022-02-04,2022-04-28,83
ZDI-22-639,ZDI-CAN-16474,Adobe,CVE-2022-28275,7.8,2022-04-28,,Adobe Photoshop Font Parsing Out-Of-Bounds Write Remote Code Execution Vulnerability,,Adobe,2022-02-03,2022-04-28,84
ZDI-22-638,ZDI-CAN-16473,Adobe,CVE-2022-28278,7.8,2022-04-28,,Adobe Photoshop Font Parsing Out-Of-Bounds Write Remote Code Execution Vulnerability,,Adobe,2022-02-04,2022-04-28,83
ZDI-22-637,ZDI-CAN-16472,Adobe,CVE-2022-28277,7.8,2022-04-28,,Adobe Photoshop PDF File Parsing Out-Of-Bounds Write Remote Code Execution Vulnerability,,Adobe,2022-02-04,2022-04-28,83
ZDI-22-636,ZDI-CAN-16471,Adobe,CVE-2022-28276,7.8,2022-04-28,,Adobe Photoshop Font Parsing Out-Of-Bounds Write Remote Code Execution Vulnerability,,Adobe,2022-02-04,2022-04-28,83
ZDI-22-635,ZDI-CAN-16414,Adobe,CVE-2022-24098,7.8,2022-04-28,,Adobe Photoshop PCX File Parsing Memory Corruption Remote Code Execution Vulnerability,,Adobe,2022-02-09,2022-04-28,78
ZDI-22-634,ZDI-CAN-16410,Adobe,CVE-2022-24105,7.8,2022-04-28,,Adobe Photoshop U3D File Parsing Out-Of-Bounds Write Remote Code Execution Vulnerability,,Adobe,2022-02-09,2022-04-28,78
ZDI-22-633,ZDI-CAN-16183,Adobe,CVE-2022-27789,7.8,2022-04-28,,Adobe Acrobat Reader DC AcroForm Use-After-Free Remote Code Execution Vulnerability,,Adobe,2022-01-26,2022-04-28,92
ZDI-22-632,ZDI-CAN-16131,Adobe,CVE-2022-28270,7.8,2022-04-28,,Adobe Photoshop SVG File Parsing Out-Of-Bounds Write Remote Code Execution Vulnerability,,Adobe,2022-01-26,2022-04-28,92
ZDI-22-631,ZDI-CAN-16096,Adobe,CVE-2022-27794,7.8,2022-04-28,,Adobe Acrobat Reader DC Font Parsing Uninitialized Variable Remote Code Execution Vulnerability,,Adobe,2022-01-26,2022-04-28,92
ZDI-22-630,ZDI-CAN-16091,Adobe,CVE-2022-27792,7.8,2022-04-28,,Adobe Acrobat Reader DC Font Parsing Out-Of-Bounds Write Remote Code Execution Vulnerability,,Adobe,2022-01-26,2022-04-28,92
ZDI-22-629,ZDI-CAN-16090,Adobe,CVE-2022-27793,7.8,2022-04-28,,Adobe Acrobat Reader DC Font Parsing Out-Of-Bounds Write Remote Code Execution Vulnerability,,Adobe,2022-01-26,2022-04-28,92
ZDI-22-628,ZDI-CAN-16089,Adobe,CVE-2022-27791,7.8,2022-04-28,,Adobe Acrobat Reader DC Font Parsing Stack-based Buffer Overflow Remote Code Execution Vulnerability,,Adobe,2022-01-26,2022-04-28,92
ZDI-22-627,ZDI-CAN-16025,Adobe,CVE-2022-24101,3.3,2022-04-28,,Adobe Acrobat Reader DC Annotation Use-After-Free Information Disclosure Vulnerability,,Adobe,2021-12-20,2022-04-28,129
ZDI-22-626,ZDI-CAN-15838,Adobe,CVE-2022-24102,7.8,2022-04-28,,Adobe Acrobat Reader DC Annotation Use-After-Free Remote Code Execution Vulnerability,,Adobe,2021-12-15,2022-04-28,134
ZDI-22-625,ZDI-CAN-15763,Adobe,CVE-2022-24104,7.8,2022-04-28,,Adobe Acrobat Reader DC Annotation Use-After-Free Remote Code Execution Vulnerability,,Adobe,2021-12-15,2022-04-28,134
ZDI-22-624,ZDI-CAN-15809,Adobe,CVE-2022-24103,7.8,2022-04-28,,Adobe Acrobat Reader DC Annotation Use-After-Free Remote Code Execution Vulnerability,,Adobe,2021-12-15,2022-04-28,134
ZDI-22-540,ZDI-CAN-16128,Adobe,CVE-2021-44705,3.3,2022-03-25,,Adobe Acrobat Reader DC JP2 File Parsing Use-After-Free Information Disclosure Vulnerability,,Adobe,2021-12-15,2022-03-25,100
ZDI-22-539,ZDI-CAN-16127,Adobe,CVE-2021-44707,7.8,2022-03-25,,Adobe Acrobat Reader DC Font Parsing Out-Of-Bounds Write Remote Code Execution Vulnerability,,Adobe,2021-12-15,2022-03-25,100
ZDI-22-517,ZDI-CAN-15747,Apple,CVE-2022-22629,8.8,2022-03-22,2024-07-08,Apple Safari WebGLMultiDraw Heap-based Buffer Overflow Remote Code Execution Vulnerability,,Apple,2021-12-22,2022-03-22,90
ZDI-22-513,ZDI-CAN-16130,Adobe,CVE-2022-24092,7.8,2022-03-18,,Adobe Acrobat Reader DC Font Parsing Out-Of-Bounds Write Remote Code Execution Vulnerability,,Adobe,2021-12-15,2022-03-18,93
ZDI-22-512,ZDI-CAN-16129,Adobe,CVE-2022-24091,7.8,2022-03-18,,Adobe Acrobat Reader DC Font Parsing Out-Of-Bounds Write Remote Code Execution Vulnerability,,Adobe,2021-12-15,2022-03-18,93
ZDI-22-510,ZDI-CAN-15943,Apple,CVE-2022-22584,3.3,2022-03-16,,Apple macOS ColorSync ICC File Parsing Out-Of-Bounds Read Information Disclosure Vulnerability,,Apple,2021-11-10,2022-03-16,126
ZDI-22-502,ZDI-CAN-16716,Mozilla,CVE-2022-26381,8.8,2022-03-09,,Mozilla Firefox textPath Element Use-After-Free Remote Code Execution Vulnerability,,Mozilla,2022-02-23,2022-03-09,14
ZDI-22-501,ZDI-CAN-15764,Microsoft,CVE-2022-24509,7.8,2022-03-09,,Microsoft Office Visio EMF EMR_COMMENT_EMFPLUS Untrusted Pointer Dereference Remote Code Execution Vulnerability,,Microsoft,2021-12-03,2022-03-09,96
ZDI-22-500,ZDI-CAN-15730,Microsoft,CVE-2022-24461,7.8,2022-03-09,,Microsoft Office Visio EMF EMR_COMMENT_EMFPLUS Out-Of-Bounds Write Remote Code Execution Vulnerability,,Microsoft,2021-12-03,2022-03-09,96
ZDI-22-499,ZDI-CAN-7819,Microsoft,CVE-2022-24455,7.8,2022-03-09,,Microsoft Windows CD-ROM Driver Uninitialized Pointer Privilege Escalation Vulnerability,,Microsoft,2019-01-23,2022-03-09,1141
ZDI-22-498,ZDI-CAN-7818,Microsoft,CVE-2022-24455,7.8,2022-03-09,,Microsoft Windows CD-ROM Driver Uninitialized Pointer Privilege Escalation Vulnerability,,Microsoft,2019-01-23,2022-03-09,1141
ZDI-22-497,ZDI-CAN-15986,Microsoft,CVE-2022-23281,4.2,2022-03-09,,Microsoft Windows CLFS Integer Overflow Information Disclosure Vulnerability,,Microsoft,2021-12-15,2022-03-09,84
ZDI-22-496,ZDI-CAN-16123,Microsoft,CVE-2022-23266,8.8,2022-03-09,,Microsoft Azure Defender for IoT Password Change Command Injection Privilege Escalation Vulnerability,,Microsoft,2021-12-10,2022-03-09,89
ZDI-22-495,ZDI-CAN-15761,Microsoft,CVE-2022-23265,4.2,2022-03-09,,Microsoft Azure Defender for IoT Password Change Command Injection Local Privilege Escalation Vulnerability,,Microsoft,2021-12-10,2022-03-09,89
ZDI-22-494,ZDI-CAN-15754,Microsoft,CVE-2022-24510,7.8,2022-03-09,,Microsoft Office Visio EMF EMR_COMMENT_EMFPLUS Type Confusion Remote Code Execution Vulnerability,,Microsoft,2021-12-08,2022-03-09,91
ZDI-22-493,ZDI-CAN-16030,Microsoft,CVE-2022-23299,8.8,2022-03-09,,Microsoft Windows win32kfull PDEV Use-After-Free Local Privilege Escalation Vulnerability,,Microsoft,2021-11-18,2022-03-09,111
ZDI-22-430,ZDI-CAN-15141,Adobe,CVE-2021-42734,3.3,2022-03-02,,Adobe Photoshop TIF File Parsing Out-Of-Bounds Read Information Disclosure Vulnerability,,Adobe,2021-09-03,2022-03-02,180
ZDI-22-429,ZDI-CAN-15246,Adobe,CVE-2021-39865,3.3,2022-03-02,,Adobe FrameMaker TIF File Parsing Out-Of-Bounds Read Information Disclosure Vulnerability,,Adobe,2021-09-15,2022-03-02,168
ZDI-22-428,ZDI-CAN-14533,Microsoft,,5.3,2022-03-01,,(0Day) Microsoft Visual Studio Link Following Denial-of-Service Vulnerability,,Microsoft,2021-07-07,2022-03-01,237
ZDI-22-427,ZDI-CAN-14534,Microsoft,,5.3,2022-03-01,,(0Day) Microsoft Visual Studio Link Following Denial-of-Service Vulnerability,,Microsoft,2021-07-07,2022-03-01,237
ZDI-22-426,ZDI-CAN-14528,Microsoft,,6.1,2022-03-01,,(0Day) Microsoft .NET Link Following Denial-of-Service Vulnerability,,Microsoft,2021-07-07,2022-03-01,237
ZDI-22-425,ZDI-CAN-14586,Microsoft,,5.3,2022-03-01,,(0Day) Microsoft Visual Studio Link Following Denial-of-Service Vulnerability,,Microsoft,2021-07-09,2022-03-01,235
ZDI-22-384,ZDI-CAN-15731,Microsoft,CVE-2022-21988,7.0,2022-02-18,,Microsoft Office Visio EMF EMR_DELETEOBJECT Use-After-Free Remote Code Execution Vulnerability,,Microsoft,2021-11-10,2022-02-18,100
ZDI-22-383,ZDI-CAN-15585,Microsoft,CVE-2022-22716,2.5,2022-02-18,,Microsoft Office Excel XLS File Parsing Untrusted Pointer Dereference Information Disclosure Vulnerability,,Microsoft,2021-10-27,2022-02-18,114
ZDI-22-381,ZDI-CAN-14886,Microsoft,,6.5,2022-02-18,,Microsoft Outlook for Mac Hyperlink UI Misrepresentation Vulnerability,,Microsoft,2021-08-05,2022-02-18,197
ZDI-22-377,ZDI-CAN-13835,Apple,CVE-2021-30771,7.8,2022-02-16,,Apple macOS libFontParser TTF Font Parsing Out-Of-Bounds Write Remote Code Execution Vulnerability,,Apple,2021-05-12,2022-02-16,280
ZDI-22-376,ZDI-CAN-15254,Adobe,CVE-2022-23200,7.8,2022-02-16,,Adobe After Effects 3GP File Parsing Out-Of-Bounds Write Remote Code Execution Vulnerability,,Adobe,2021-09-15,2022-02-16,154
ZDI-22-361,ZDI-CAN-15639,Apple,CVE-2022-22579,3.3,2022-02-16,,Apple macOS ModelIO STL File Parsing Out-Of-Bounds Read Information Disclosure Vulnerability,,Apple,2021-10-15,2022-02-16,124
ZDI-22-360,ZDI-CAN-15320,Apple,CVE-2021-30995,7.8,2022-02-16,,Apple macOS fclonefileat Time-Of-Check Time-Of-Use Privilege Escalation Vulnerability,,Apple,2021-09-24,2022-02-16,145
ZDI-22-359,ZDI-CAN-15199,Apple,CVE-2021-30939,3.3,2022-02-16,,Apple macOS ImageIO DDS File Parsing Out-Of-Bounds Read Information Disclosure Vulnerability,,Apple,2021-09-08,2022-02-16,161
ZDI-22-358,ZDI-CAN-15171,Apple,CVE-2021-30979,7.8,2022-02-16,,Apple macOS ModelIO ABC File Parsing Heap-based Buffer Overflow Remote Code Execution Vulnerability,,Apple,2021-09-01,2022-02-16,168
ZDI-22-357,ZDI-CAN-14385,Apple,CVE-2021-30919,7.8,2022-02-16,,Apple macOS CoreGraphics PDF File Parsing Out-Of-Bounds Write Remote Code Execution Vulnerability,,Apple,2021-07-13,2022-02-16,218
ZDI-22-356,ZDI-CAN-14515,Apple,CVE-2021-30928,3.3,2022-02-16,,Apple macOS CoreGraphics PDF File Parsing Out-Of-Bounds Read Information Disclosure Vulnerability,,Apple,2021-07-07,2022-02-16,224
ZDI-22-355,ZDI-CAN-14040,Apple,CVE-2021-30832,7.8,2022-02-16,,Apple macOS CVMServer Use-After-Free Privilege Escalation Vulnerability,,Apple,2021-06-04,2022-02-16,257
ZDI-22-354,ZDI-CAN-13804,Apple,CVE-2021-30825,3.3,2022-02-16,,Apple macOS CoreML MLMODEL File Parsing Out-Of-Bounds Read Information Disclosure Vulnerability,,Apple,2021-06-04,2022-02-16,257
ZDI-22-353,ZDI-CAN-13806,Apple,CVE-2021-30785,7.8,2022-02-16,,Apple macOS ImageIO PICT File Parsing Heap-based Buffer Overflow Remote Code Execution Vulnerability,,Apple,2021-04-30,2022-02-16,292
ZDI-22-352,ZDI-CAN-16027,Microsoft,CVE-2022-22005,8.8,2022-02-15,,Microsoft SharePoint Chart Deserialization of Untrusted Data Remote Code Execution Vulnerability,,Microsoft,2021-12-15,2022-02-15,62
ZDI-22-343,ZDI-CAN-15245,Adobe,CVE-2022-23200,3.3,2022-02-15,,Adobe FrameMaker PostScript File Parsing Out-Of-Bounds Read Information Disclosure Vulnerability,,Adobe,2021-09-15,2022-02-15,153
ZDI-22-342,ZDI-CAN-15277,Adobe,CVE-2022-23204,3.3,2022-02-15,,Adobe Premiere Rush JPEG File Parsing Out-Of-Bounds Read Information Disclosure Vulnerability,,Adobe,2021-09-15,2022-02-15,153
ZDI-22-317,ZDI-CAN-15296,Microsoft,CVE-2022-22002,6.1,2022-02-11,,Microsoft Windows User Profile Picture Link Following Denial-of-Service Vulnerability,,Microsoft,2021-10-27,2022-02-11,107
ZDI-22-079,ZDI-CAN-14371,Adobe,CVE-2021-43746,3.3,2022-01-17,,Adobe Illustrator SVG File Parsing Out-Of-Bounds Read Information Disclosure Vulnerability,,Adobe,2021-06-30,2022-01-17,201
ZDI-22-074,ZDI-CAN-14978,Microsoft,CVE-2021-42309,8.8,2022-01-14,,Microsoft SharePoint Server-Side Control Improper Input Validation Remote Code Execution Vulnerability,,Microsoft,2021-09-03,2022-01-14,133
ZDI-22-072,ZDI-CAN-15148,Adobe,CVE-2021-45053,7.8,2022-01-13,,Adobe InCopy JPEG2000 Parsing Out-Of-Bounds Write Remote Code Execution Vulnerability,,Adobe,2021-09-10,2022-01-13,125
ZDI-22-071,ZDI-CAN-15151,Adobe,CVE-2021-45054,3.3,2022-01-13,,Adobe InCopy JPEG2000 Parsing Use-After-Free Information Disclosure Vulnerability,,Adobe,2021-09-10,2022-01-13,125
ZDI-22-070,ZDI-CAN-15234,Adobe,CVE-2021-45055,7.8,2022-01-13,,Adobe InCopy TIF File Parsing Out-Of-Bounds Read Remote Code Execution Vulnerability,,Adobe,2021-09-15,2022-01-13,120
ZDI-22-069,ZDI-CAN-15233,Adobe,CVE-2021-45056,7.8,2022-01-13,,Adobe InCopy JPEG File Parsing Out-Of-Bounds Write Remote Code Execution Vulnerability,,Adobe,2021-09-15,2022-01-13,120
ZDI-22-068,ZDI-CAN-15232,Adobe,CVE-2021-45058,7.8,2022-01-13,,Adobe InDesign JPEG File Parsing Out-Of-Bounds Write Remote Code Execution Vulnerability,,Adobe,2021-09-15,2022-01-13,120
ZDI-22-067,ZDI-CAN-15150,Adobe,CVE-2021-45059,3.3,2022-01-13,,Adobe InDesign JPEG2000 Parsing Use-After-Free Information Disclosure Vulnerability,,Adobe,2021-09-10,2022-01-13,125
ZDI-22-066,ZDI-CAN-15144,Adobe,CVE-2021-45057,7.8,2022-01-13,,Adobe InDesign JPEG2000 Parsing Out-Of-Bounds Write Remote Code Execution Vulnerability,,Adobe,2021-09-10,2022-01-13,125
ZDI-22-065,ZDI-CAN-15152,Adobe,CVE-2021-45051,3.3,2022-01-13,,Adobe Bridge JPEG2000 Parsing Use-After-Free Information Disclosure Vulnerability,,Adobe,2021-09-10,2022-01-13,125
ZDI-22-064,ZDI-CAN-15142,Adobe,CVE-2021-45052,3.3,2022-01-13,,Adobe Bridge TIF File Parsing Out-Of-Bounds Read Information Disclosure Vulnerability,,Adobe,2021-09-03,2022-01-13,132
ZDI-22-063,ZDI-CAN-15146,Adobe,CVE-2021-44743,7.8,2022-01-13,,Adobe Bridge JPEG2000 Parsing Out-Of-Bounds Write Remote Code Execution Vulnerability,,Adobe,2021-09-10,2022-01-13,125
ZDI-22-062,ZDI-CAN-15244,Adobe,CVE-2021-44700,3.3,2022-01-13,,Adobe Illustrator JPEG File Parsing Out-Of-Bounds Read Information Disclosure Vulnerability,,Adobe,2021-09-15,2022-01-13,120
ZDI-22-061,ZDI-CAN-15143,Adobe,CVE-2021-43752,3.3,2022-01-13,,Adobe Illustrator TIF File Parsing Out-Of-Bounds Read Information Disclosure Vulnerability,,Adobe,2021-09-03,2022-01-13,132
ZDI-22-060,ZDI-CAN-15698,Adobe,CVE-2021-45060,7.8,2022-01-13,,Adobe Acrobat Reader DC TTF Font Parsing Out-Of-Bounds Read Remote Code Execution Vulnerability,,Adobe,2021-12-08,2022-01-13,36
ZDI-22-059,ZDI-CAN-15902,Adobe,CVE-2021-45063,3.3,2022-01-13,,Adobe Acrobat Reader DC JP2 File Parsing Use-After-Free Information Disclosure Vulnerability,,Adobe,2021-12-01,2022-01-13,43
ZDI-22-058,ZDI-CAN-15900,Adobe,CVE-2021-45068,7.8,2022-01-13,,Adobe Acrobat Reader DC Font Parsing Out-Of-Bounds Write Remote Code Execution Vulnerability,,Adobe,2021-12-01,2022-01-13,43
ZDI-22-057,ZDI-CAN-15196,Adobe,CVE-2021-44701,7.8,2022-01-13,,Adobe Acrobat Reader DC AcroForm Use-After-Free Remote Code Execution Vulnerability,,Adobe,2021-10-06,2022-01-13,99
ZDI-22-056,ZDI-CAN-15903,Adobe,CVE-2021-45061,7.8,2022-01-13,,Adobe Acrobat Reader DC Font Parsing Out-Of-Bounds Write Remote Code Execution Vulnerability,,Adobe,2021-12-01,2022-01-13,43
ZDI-22-055,ZDI-CAN-15586,Adobe,CVE-2021-45064,7.8,2022-01-13,,Adobe Acrobat Reader DC AcroForm Use-After-Free Remote Code Execution Vulnerability,,Adobe,2021-12-01,2022-01-13,43
ZDI-22-054,ZDI-CAN-15901,Adobe,CVE-2021-45062,7.8,2022-01-13,,Adobe Acrobat Reader DC Font Parsing Use-After-Free Remote Code Execution Vulnerability,,Adobe,2021-12-01,2022-01-13,43
ZDI-22-052,ZDI-CAN-15212,Microsoft,CVE-2022-21899,5.5,2022-01-13,,Microsoft Windows EFI Partition Incorrect Authorization Denial-of-Service Vulnerability,,Microsoft,2021-10-01,2022-01-13,104
ZDI-22-051,ZDI-CAN-15188,Microsoft,CVE-2022-21876,5.5,2022-01-13,,Microsoft Windows DirectComposition Out-Of-Bounds Read Information Disclosure Vulnerability,,Microsoft,2021-09-22,2022-01-13,113
ZDI-22-050,ZDI-CAN-15331,Microsoft,CVE-2022-21895,7.8,2022-01-13,,Microsoft Windows User Profile Service Directory Junction Privilege Escalation Vulnerability,,Microsoft,2021-10-06,2022-01-13,99
ZDI-22-049,ZDI-CAN-14660,Microsoft,CVE-2022-21838,7.0,2022-01-13,,Microsoft Windows SilentCleanup Link Following Local Privilege Escalation Vulnerability,,Microsoft,2021-09-03,2022-01-13,132
ZDI-22-048,ZDI-CAN-14957,Microsoft,CVE-2022-21877,5.6,2022-01-13,,Microsoft Windows Storage Spaces Out-Of-Bounds Read Information Disclosure Vulnerability,,Microsoft,2021-10-06,2022-01-13,99
ZDI-22-019,ZDI-CAN-14955,Microsoft,CVE-2021-43238,5.5,2022-01-06,,Microsoft Windows Remote Access Connection Manager Service Link Following Denial-of-Service Vulnerability,,Microsoft,2021-09-03,2022-01-06,125
ZDI-22-018,ZDI-CAN-14770,Microsoft,CVE-2021-43237,7.0,2022-01-06,,Microsoft Windows Update Assistant Link Following Local Privilege Escalation Vulnerability,,Microsoft,2021-09-03,2022-01-06,125
ZDI-23-1914,ZDI-CAN-21536,Google,,7.5,2024-06-06,,Google Chromium JIT Compilation Memory Corruption Remote Code Execution Vulnerability,,Google,2023-06-30,2024-06-06,342
ZDI-23-1792,ZDI-CAN-21865,Microsoft,CVE-2023-36804,8.8,2023-12-15,,Microsoft Windows win32kfull UMPDDrvCopyBits Use-After-Free Local Privilege Escalation Vulnerability,,Microsoft,2023-08-03,2023-12-15,134
ZDI-23-1791,ZDI-CAN-18968,Microsoft,CVE-2023-33146,7.8,2023-12-14,,Microsoft Excel SKP File Parsing Memory Corruption Remote Code Execution Vulnerability,,Microsoft,2022-09-22,2023-12-14,448
ZDI-23-1790,ZDI-CAN-19241,Microsoft,CVE-2023-33146,7.8,2023-12-14,,Microsoft Excel SKP File Parsing Stack-based Buffer Overflow Remote Code Execution Vulnerability,,Microsoft,2022-10-26,2023-12-14,414
ZDI-23-1789,ZDI-CAN-20358,Microsoft,CVE-2023-33146,3.3,2023-12-14,,Microsoft Excel SKP File Parsing Uninitialized Variable Information Disclosure Vulnerability,,Microsoft,2023-02-08,2023-12-14,309
ZDI-23-1788,ZDI-CAN-19177,Microsoft,CVE-2023-33146,7.8,2023-12-14,,Microsoft Excel SKP File Parsing Use-After-Free Remote Code Execution Vulnerability,,Microsoft,2022-10-20,2023-12-14,420
ZDI-23-1787,ZDI-CAN-19178,Microsoft,CVE-2023-33146,7.8,2023-12-14,,Microsoft Excel SKP File Parsing Out-Of-Bounds Read Remote Code Execution Vulnerability,,Microsoft,2022-10-20,2023-12-14,420
ZDI-23-1786,ZDI-CAN-18056,Microsoft,,7.8,2023-12-14,,Microsoft Word SKP File Parsing Memory Corruption Remote Code Execution Vulnerability,,Microsoft,2022-08-25,2023-12-14,476
ZDI-23-1785,ZDI-CAN-18514,Microsoft,,7.8,2023-12-14,,Microsoft Office SKP File Parsing Heap-based Buffer Overflow Remote Code Execution Vulnerability,,Microsoft,2022-10-06,2023-12-14,434
ZDI-23-1784,ZDI-CAN-18976,Microsoft,,3.3,2023-12-14,,Microsoft Word SKP File Parsing Use-After-Free Information Disclosure Vulnerability,,Microsoft,2022-09-22,2023-12-14,448
ZDI-23-1783,ZDI-CAN-22172,Adobe,CVE-2023-48632,7.8,2023-12-14,,Adobe After Effects AEP File Parsing Out-Of-Bounds Write Remote Code Execution Vulnerability,,Adobe,2023-09-20,2023-12-14,85
ZDI-23-1782,ZDI-CAN-22174,Adobe,CVE-2023-48635,3.3,2023-12-14,,Adobe After Effects AEP File Parsing Out-Of-Bounds Read Information Disclosure Vulnerability,,Adobe,2023-09-20,2023-12-14,85
ZDI-23-1781,ZDI-CAN-22175,Adobe,CVE-2023-48634,7.8,2023-12-14,,Adobe After Effects AEP File Parsing Memory Corruption Remote Code Execution Vulnerability,,Adobe,2023-09-20,2023-12-14,85
ZDI-23-1780,ZDI-CAN-22249,Adobe,CVE-2023-47078,3.3,2023-12-14,2024-02-15,Adobe Dimension USD File Parsing Out-Of-Bounds Read Information Disclosure Vulnerability,,Adobe,2023-09-27,2023-12-14,78
ZDI-23-1779,ZDI-CAN-22284,Adobe,CVE-2023-47062,3.3,2023-12-14,,Adobe Dimension GLTF File Parsing Out-Of-Bounds Read Information Disclosure Vulnerability,,Adobe,2023-10-03,2023-12-14,72
ZDI-23-1778,ZDI-CAN-22279,Adobe,CVE-2023-47079,3.3,2023-12-14,,Adobe Dimension USD File Parsing Out-Of-Bounds Read Information Disclosure Vulnerability,,Adobe,2023-10-03,2023-12-14,72
ZDI-23-1777,ZDI-CAN-22278,Adobe,CVE-2023-47061,3.3,2023-12-14,,Adobe Dimension GLB File Parsing Out-Of-Bounds Read Information Disclosure Vulnerability,,Adobe,2023-10-03,2023-12-14,72
ZDI-23-1776,ZDI-CAN-21791,Adobe,CVE-2023-44362,3.3,2023-12-14,,Adobe Prelude MP4 File Uninitialized Variable Information Disclosure Vulnerability,,Adobe,2023-07-20,2023-12-14,147
ZDI-23-1775,ZDI-CAN-21812,Adobe,CVE-2023-47074,7.8,2023-12-14,2024-02-15,Adobe Illustrator JP2 File Parsing Out-Of-Bounds Read Remote Code Execution Vulnerability,,Adobe,2023-07-27,2023-12-14,140
ZDI-23-1774,ZDI-CAN-22006,Adobe,CVE-2023-47075,7.8,2023-12-14,,Adobe Illustrator JP2 File Parsing Use-After-Free Remote Code Execution Vulnerability,,Adobe,2023-08-29,2023-12-14,107
ZDI-23-1771,ZDI-CAN-19120,Microsoft,CVE-2022-26804,7.8,2023-12-13,,Microsoft Excel SKP File Parsing Use-After-Free Remote Code Execution Vulnerability,,Microsoft,2022-10-13,2023-12-13,426
ZDI-23-1770,ZDI-CAN-19176,Microsoft,,7.8,2023-12-13,,Microsoft Office Visio EMF File Parsing Memory Corruption Remote Code Execution Vulnerability,,Microsoft,2022-10-18,2023-12-13,421
ZDI-23-1769,ZDI-CAN-19099,Microsoft,,8.8,2023-12-13,,Microsoft Skype Cross-Site Scripting Remote Code Execution Vulnerability,,Microsoft,2022-10-20,2023-12-13,419
ZDI-23-1768,ZDI-CAN-19625,Microsoft,,7.8,2023-12-13,,Microsoft Word SKP File Parsing Out-Of-Bounds Write Remote Code Execution Vulnerability,,Microsoft,2022-11-30,2023-12-13,378
ZDI-23-1767,ZDI-CAN-20812,Microsoft,,7.1,2023-12-13,,Microsoft Teams Isolated Webview Prototype Pollution Privilege Escalation Vulnerability,,Microsoft,2023-05-19,2023-12-13,208
ZDI-23-1763,ZDI-CAN-21505,Apple,CVE-2023-42826,7.8,2023-12-07,,Apple macOS Hydra Parsing Out-Of-Bounds Write Remote Code Execution Vulnerability,,Apple,2023-06-27,2023-12-07,163
ZDI-23-1761,ZDI-CAN-22563,Adobe,CVE-2023-44371,7.8,2023-12-05,,Adobe Acrobat Reader DC Font Parsing Use-After-Free Remote Code Execution Vulnerability,,Adobe,2023-11-07,2023-12-05,28
ZDI-23-1760,ZDI-CAN-22567,Adobe,CVE-2023-44371,7.8,2023-12-05,,Adobe Acrobat Reader DC Font Parsing Use-After-Free Remote Code Execution Vulnerability,,Adobe,2023-11-07,2023-12-05,28
ZDI-23-1759,ZDI-CAN-22562,Adobe,CVE-2023-44371,7.8,2023-12-05,,Adobe Acrobat Reader DC Font Parsing Use-After-Free Remote Code Execution Vulnerability,,Adobe,2023-11-07,2023-12-05,28
ZDI-23-1758,ZDI-CAN-22564,Adobe,CVE-2023-44371,7.8,2023-12-05,,Adobe Acrobat Reader DC Font Parsing Out-Of-Bounds Write Remote Code Execution Vulnerability,,Adobe,2023-11-07,2023-12-05,28
ZDI-23-1757,ZDI-CAN-22568,Adobe,CVE-2023-44371,7.8,2023-12-05,,Adobe Acrobat Reader DC Font Parsing Out-Of-Bounds Read Remote Code Execution Vulnerability,,Adobe,2023-11-07,2023-12-05,28
ZDI-23-1751,ZDI-CAN-22600,Adobe,CVE-2023-44371,7.8,2023-11-27,,Adobe Acrobat Reader DC Font Parsing Out-Of-Bounds Read Remote Code Execution Vulnerability,,Adobe,2023-11-09,2023-11-27,18
ZDI-23-1750,ZDI-CAN-22599,Adobe,CVE-2023-44371,7.8,2023-11-27,,Adobe Acrobat Reader DC Font Parsing Use-After-Free Remote Code Execution Vulnerability,,Adobe,2023-11-09,2023-11-27,18
ZDI-23-1749,ZDI-CAN-22566,Adobe,CVE-2023-44371,3.3,2023-11-27,,Adobe Acrobat Reader DC Font Parsing Out-Of-Bounds Read Information Disclosure Vulnerability,,Adobe,2023-11-07,2023-11-27,20
ZDI-23-1748,ZDI-CAN-22292,Adobe,CVE-2023-44371,7.8,2023-11-27,,Adobe Acrobat Reader DC Annotation Use-After-Free Remote Code Execution Vulnerability,,Adobe,2023-11-01,2023-11-27,26
ZDI-23-1747,ZDI-CAN-22612,Adobe,CVE-2023-44371,7.8,2023-11-27,,Adobe Acrobat Reader DC Font Parsing Memory Corruption Remote Code Execution Vulnerability,,Adobe,2023-11-09,2023-11-27,18
ZDI-23-1746,ZDI-CAN-22601,Adobe,CVE-2023-44371,7.8,2023-11-27,,Adobe Acrobat Reader DC Font Parsing Memory Corruption Remote Code Execution Vulnerability,,Adobe,2023-11-09,2023-11-27,18
ZDI-23-1745,ZDI-CAN-22598,Adobe,CVE-2023-44371,7.8,2023-11-27,,Adobe Acrobat Reader DC Font Parsing Out-Of-Bounds Read Remote Code Execution Vulnerability,,Adobe,2023-11-09,2023-11-27,18
ZDI-23-1744,ZDI-CAN-22597,Adobe,CVE-2023-44371,7.8,2023-11-27,,Adobe Acrobat Reader DC Font Parsing Out-Of-Bounds Write Remote Code Execution Vulnerability,,Adobe,2023-11-09,2023-11-27,18
ZDI-23-1743,ZDI-CAN-22602,Adobe,CVE-2023-44371,7.8,2023-11-27,,Adobe Acrobat Reader DC Font Parsing Memory Corruption Remote Code Execution Vulnerability,,Adobe,2023-11-09,2023-11-27,18
ZDI-23-1742,ZDI-CAN-22603,Adobe,CVE-2023-44371,7.8,2023-11-27,,Adobe Acrobat Reader DC Font Parsing Memory Corruption Remote Code Execution Vulnerability,,Adobe,2023-11-09,2023-11-27,18
ZDI-23-1741,ZDI-CAN-22605,Adobe,CVE-2023-44371,7.8,2023-11-27,,Adobe Acrobat Reader DC Font Parsing Use-After-Free Remote Code Execution Vulnerability,,Adobe,2023-11-09,2023-11-27,18
ZDI-23-1740,ZDI-CAN-22604,Adobe,CVE-2023-44371,7.8,2023-11-27,,Adobe Acrobat Reader DC Font Parsing Memory Corruption Remote Code Execution Vulnerability,,Adobe,2023-11-09,2023-11-27,18
ZDI-23-1739,ZDI-CAN-22606,Adobe,CVE-2023-44371,7.8,2023-11-27,,Adobe Acrobat Reader DC Font Parsing Out-Of-Bounds Write Remote Code Execution Vulnerability,,Adobe,2023-11-09,2023-11-27,18
ZDI-23-1738,ZDI-CAN-22607,Adobe,CVE-2023-44371,7.8,2023-11-27,,Adobe Acrobat Reader DC Font Parsing Use-After-Free Remote Code Execution Vulnerability,,Adobe,2023-11-09,2023-11-27,18
ZDI-23-1737,ZDI-CAN-22608,Adobe,CVE-2023-44371,7.8,2023-11-27,,Adobe Acrobat Reader DC Font Parsing Out-Of-Bounds Read Remote Code Execution Vulnerability,,Adobe,2023-11-09,2023-11-27,18
ZDI-23-1736,ZDI-CAN-22609,Adobe,CVE-2023-44371,7.8,2023-11-27,,Adobe Acrobat Reader DC Font Parsing Use-After-Free Remote Code Execution Vulnerability,,Adobe,2023-11-09,2023-11-27,18
ZDI-23-1714,ZDI-CAN-21666,Adobe,CVE-2023-44325,3.3,2023-11-15,,Adobe Animate FLA File Parsing Out-Of-Bounds Read Information Disclosure Vulnerability,,Adobe,2023-07-11,2023-11-15,127
ZDI-23-1713,ZDI-CAN-21509,Adobe,CVE-2023-44337,7.8,2023-11-15,,Adobe Acrobat Reader DC Font Parsing Out-Of-Bounds Read Remote Code Execution Vulnerability,,Adobe,2023-07-06,2023-11-15,132
ZDI-23-1712,ZDI-CAN-21493,Adobe,CVE-2023-44338,7.8,2023-11-15,,Adobe Acrobat Reader DC Annotation Out-Of-Bounds Read Remote Code Execution Vulnerability,,Adobe,2023-07-13,2023-11-15,125
ZDI-23-1711,ZDI-CAN-21424,Adobe,CVE-2023-44340,3.3,2023-11-15,,Adobe Acrobat Reader DC PDF File Parsing Out-Of-Bounds Read Information Disclosure Vulnerability,,Adobe,2023-07-13,2023-11-15,125
ZDI-23-1710,ZDI-CAN-21422,Adobe,CVE-2023-44339,3.3,2023-11-15,,Adobe Acrobat Reader DC AcroForm value Out-Of-Bounds Read Information Disclosure Vulnerability,,Adobe,2023-07-13,2023-11-15,125
ZDI-23-1709,ZDI-CAN-22041,Adobe,CVE-2023-44361,3.3,2023-11-15,,Adobe Acrobat Reader DC AcroForm Doc Object Use-After-Free Information Disclosure Vulnerability,,Adobe,2023-08-31,2023-11-15,76
ZDI-23-1708,ZDI-CAN-21999,Adobe,CVE-2023-44371,7.8,2023-11-15,,Adobe Acrobat Reader DC Font Parsing Memory Corruption Remote Code Execution Vulnerability,,Adobe,2023-08-22,2023-11-15,85
ZDI-23-1707,ZDI-CAN-21998,Adobe,CVE-2023-44371,7.8,2023-11-15,,Adobe Acrobat Reader DC Font Parsing Use-After-Free Remote Code Execution Vulnerability,,Adobe,2023-08-22,2023-11-15,85
ZDI-23-1706,ZDI-CAN-21989,Adobe,CVE-2023-44371,7.8,2023-11-15,,Adobe Acrobat Reader DC Font Parsing Use-After-Free Remote Code Execution Vulnerability,,Adobe,2023-08-22,2023-11-15,85
ZDI-23-1705,ZDI-CAN-21971,Adobe,CVE-2023-44358,3.3,2023-11-15,,Adobe Acrobat Reader DC Font Parsing Out-Of-Bounds Read Information Disclosure Vulnerability,,Adobe,2023-08-17,2023-11-15,90
ZDI-23-1704,ZDI-CAN-21957,Adobe,CVE-2023-44371,7.8,2023-11-15,,Adobe Acrobat Reader DC Font Parsing Memory Corruption Remote Code Execution Vulnerability,,Adobe,2023-08-16,2023-11-15,91
ZDI-23-1703,ZDI-CAN-21956,Adobe,CVE-2023-44356,3.3,2023-11-15,,Adobe Acrobat Reader DC Font Parsing Out-Of-Bounds Read Information Disclosure Vulnerability,,Adobe,2023-08-16,2023-11-15,91
ZDI-23-1702,ZDI-CAN-21955,Adobe,CVE-2023-44371,7.8,2023-11-15,,Adobe Acrobat Reader DC Font Parsing Use-After-Free Remote Code Execution Vulnerability,,Adobe,2023-08-16,2023-11-15,91
ZDI-23-1701,ZDI-CAN-21949,Adobe,CVE-2023-44371,7.8,2023-11-15,,Adobe Acrobat Reader DC Font Parsing Heap-based Buffer Overflow Remote Code Execution Vulnerability,,Adobe,2023-08-16,2023-11-15,91
ZDI-23-1700,ZDI-CAN-21947,Adobe,CVE-2023-44371,7.8,2023-11-15,,Adobe Acrobat Reader DC Font Parsing Use-After-Free Remote Code Execution Vulnerability,,Adobe,2023-08-16,2023-11-15,91
ZDI-23-1699,ZDI-CAN-21946,Adobe,CVE-2023-44371,7.8,2023-11-15,,Adobe Acrobat Reader DC Font Parsing Memory Corruption Remote Code Execution Vulnerability,,Adobe,2023-08-16,2023-11-15,91
ZDI-23-1698,ZDI-CAN-21945,Adobe,CVE-2023-44371,7.8,2023-11-15,,Adobe Acrobat Reader DC Font Parsing Out-Of-Bounds Write Remote Code Execution Vulnerability,,Adobe,2023-08-16,2023-11-15,91
ZDI-23-1697,ZDI-CAN-21936,Adobe,CVE-2023-44359,7.8,2023-11-15,,Adobe Acrobat Reader DC Font Parsing Use-After-Free Remote Code Execution Vulnerability,,Adobe,2023-08-16,2023-11-15,91
ZDI-23-1696,ZDI-CAN-21935,Adobe,CVE-2023-44371,7.8,2023-11-15,,Adobe Acrobat Reader DC Font Parsing Out-Of-Bounds Write Remote Code Execution Vulnerability,,Adobe,2023-08-16,2023-11-15,91
ZDI-23-1695,ZDI-CAN-21934,Adobe,CVE-2023-44371,7.8,2023-11-15,,Adobe Acrobat Reader DC Font Parsing Heap-based Buffer Overflow Remote Code Execution Vulnerability,,Adobe,2023-08-16,2023-11-15,91
ZDI-23-1694,ZDI-CAN-21933,Adobe,CVE-2023-44371,7.8,2023-11-15,,Adobe Acrobat Reader DC Font Parsing Out-Of-Bounds Write Remote Code Execution Vulnerability,,Adobe,2023-08-16,2023-11-15,91
ZDI-23-1693,ZDI-CAN-21932,Adobe,CVE-2023-44371,3.3,2023-11-15,,Adobe Acrobat Reader DC Font Parsing Out-Of-Bounds Read Information Disclosure Vulnerability,,Adobe,2023-08-16,2023-11-15,91
ZDI-23-1692,ZDI-CAN-21931,Adobe,CVE-2023-44365,7.8,2023-11-15,,Adobe Acrobat Reader DC Font Parsing Uninitialized Variable Remote Code Execution Vulnerability,,Adobe,2023-08-16,2023-11-15,91
ZDI-23-1691,ZDI-CAN-21930,Adobe,CVE-2023-44357,3.3,2023-11-15,,Adobe Acrobat Reader DC Font Parsing Out-Of-Bounds Read Information Disclosure Vulnerability,,Adobe,2023-08-16,2023-11-15,91
ZDI-23-1690,ZDI-CAN-21929,Adobe,CVE-2023-44367,7.8,2023-11-15,,Adobe Acrobat Reader DC Font Parsing Use-After-Free Remote Code Execution Vulnerability,,Adobe,2023-08-16,2023-11-15,91
ZDI-23-1689,ZDI-CAN-21928,Adobe,CVE-2023-44366,7.8,2023-11-15,,Adobe Acrobat Reader DC Font Parsing Out-Of-Bounds Write Remote Code Execution Vulnerability,,Adobe,2023-08-16,2023-11-15,91
ZDI-23-1688,ZDI-CAN-21925,Adobe,CVE-2023-44348,3.3,2023-11-15,,Adobe Acrobat Reader DC Font Parsing Out-Of-Bounds Read Information Disclosure Vulnerability,,Adobe,2023-08-10,2023-11-15,97
ZDI-23-1687,ZDI-CAN-21882,Adobe,CVE-2023-44360,3.3,2023-11-15,,Adobe Acrobat Reader DC PDF File Parsing Out-Of-Bounds Read Information Disclosure Vulnerability,,Adobe,2023-08-17,2023-11-15,90
ZDI-23-1686,ZDI-CAN-21866,Adobe,CVE-2023-44326,3.3,2023-11-15,,Adobe Dimension GLTF File Parsing Out-Of-Bounds Read Information Disclosure Vulnerability,,Adobe,2023-08-03,2023-11-15,104
ZDI-23-1685,ZDI-CAN-21798,Adobe,CVE-2023-44329,3.3,2023-11-15,,Adobe Bridge MP4 File Parsing Uninitialized Variable Information Disclosure Vulnerability,,Adobe,2023-07-20,2023-11-15,118
ZDI-23-1684,ZDI-CAN-21797,Adobe,CVE-2023-44328,3.3,2023-11-15,,Adobe Bridge MP4 File Parsing Use-After-Free Information Disclosure Vulnerability,,Adobe,2023-07-20,2023-11-15,118
ZDI-23-1683,ZDI-CAN-21793,Adobe,CVE-2023-44327,3.3,2023-11-15,,Adobe Bridge MP4 File Uninitialized Variable Information Disclosure Vulnerability,,Adobe,2023-07-20,2023-11-15,118
ZDI-23-1682,ZDI-CAN-21792,Adobe,CVE-2023-47060,3.3,2023-11-15,,Adobe Premiere Pro MP4 File Uninitialized Variable Information Disclosure Vulnerability,,Adobe,2023-07-20,2023-11-15,118
ZDI-23-1681,ZDI-CAN-21767,Adobe,CVE-2023-47059,7.8,2023-11-15,,Adobe Premiere Pro MP4 File Parsing Out-Of-Bounds Read Remote Code Execution Vulnerability,,Adobe,2023-07-18,2023-11-15,120
ZDI-23-1680,ZDI-CAN-21766,Adobe,CVE-2023-47058,7.8,2023-11-15,,Adobe Premiere Pro MP4 File Parsing Out-Of-Bounds Read Remote Code Execution Vulnerability,,Adobe,2023-07-18,2023-11-15,120
ZDI-23-1679,ZDI-CAN-21765,Adobe,CVE-2023-47055,7.8,2023-11-15,,Adobe Premiere Pro M4A File Parsing Use-After-Free Remote Code Execution Vulnerability,,Adobe,2023-07-18,2023-11-15,120
ZDI-23-1678,ZDI-CAN-21764,Adobe,CVE-2023-47057,7.8,2023-11-15,,Adobe Premiere Pro MP4 File Parsing Out-Of-Bounds Write Remote Code Execution Vulnerability,,Adobe,2023-07-18,2023-11-15,120
ZDI-23-1677,ZDI-CAN-21763,Adobe,CVE-2023-47056,7.8,2023-11-15,,Adobe Premiere Pro MP4 File Parsing Heap-based Buffer Overflow Remote Code Execution Vulnerability,,Adobe,2023-07-18,2023-11-15,120
ZDI-23-1676,ZDI-CAN-21709,Adobe,CVE-2023-47073,7.8,2023-11-15,,Adobe After Effects MP4 File Parsing Out-Of-Bounds Write Remote Code Execution Vulnerability,,Adobe,2023-08-10,2023-11-15,97
ZDI-23-1675,ZDI-CAN-21708,Adobe,CVE-2023-47070,7.8,2023-11-15,,Adobe After Effects MP4 File Parsing Out-Of-Bounds Write Remote Code Execution Vulnerability,,Adobe,2023-07-13,2023-11-15,125
ZDI-23-1674,ZDI-CAN-21706,Adobe,CVE-2023-47067,7.8,2023-11-15,,Adobe After Effects MP4 File Parsing Out-Of-Bounds Read Remote Code Execution Vulnerability,,Adobe,2023-07-13,2023-11-15,125
ZDI-23-1673,ZDI-CAN-21705,Adobe,CVE-2023-47066,7.8,2023-11-15,,Adobe After Effects MP4 File Parsing Out-Of-Bounds Read Remote Code Execution Vulnerability,,Adobe,2023-07-13,2023-11-15,125
ZDI-23-1672,ZDI-CAN-21704,Adobe,CVE-2023-47071,3.3,2023-11-15,,Adobe After Effects MP4 File Parsing Out-Of-Bounds Read Information Disclosure Vulnerability,,Adobe,2023-07-13,2023-11-15,125
ZDI-23-1671,ZDI-CAN-21703,Adobe,CVE-2023-47069,7.8,2023-11-15,,Adobe After Effects M4A File Parsing Out-Of-Bounds Read Remote Code Execution Vulnerability,,Adobe,2023-07-13,2023-11-15,125
ZDI-23-1670,ZDI-CAN-21702,Adobe,CVE-2023-47068,7.8,2023-11-15,,Adobe After Effects MP4 File Parsing Out-Of-Bounds Read Remote Code Execution Vulnerability,,Adobe,2023-07-13,2023-11-15,125
ZDI-23-1669,ZDI-CAN-21790,Adobe,CVE-2023-47072,3.3,2023-11-15,,Adobe After Effects MP4 File Uninitialized Variable Information Disclosure Vulnerability,,Adobe,2023-07-20,2023-11-15,118
ZDI-23-1668,ZDI-CAN-21789,Adobe,CVE-2023-47044,3.3,2023-11-15,,Adobe Media Encoder MP4 File Uninitialized Variable Information Disclosure Vulnerability,,Adobe,2023-07-20,2023-11-15,118
ZDI-23-1667,ZDI-CAN-21699,Adobe,CVE-2023-47043,7.8,2023-11-15,,Adobe Media Encoder MP4 File Parsing Out-Of-Bounds Read Remote Code Execution Vulnerability,,Adobe,2023-07-13,2023-11-15,125
ZDI-23-1666,ZDI-CAN-21698,Adobe,CVE-2023-47040,7.8,2023-11-15,,Adobe Media Encoder MP4 File Parsing Out-Of-Bounds Read Remote Code Execution Vulnerability,,Adobe,2023-07-13,2023-11-15,125
ZDI-23-1665,ZDI-CAN-21697,Adobe,CVE-2023-47041,7.8,2023-11-15,,Adobe Media Encoder MP4 File Parsing Out-Of-Bounds Write Remote Code Execution Vulnerability,,Adobe,2023-07-13,2023-11-15,125
ZDI-23-1664,ZDI-CAN-21696,Adobe,CVE-2023-47042,7.8,2023-11-15,,Adobe Media Encoder MP4 File Parsing Heap-based Buffer Overflow Remote Code Execution Vulnerability,,Adobe,2023-07-13,2023-11-15,125
ZDI-23-1663,ZDI-CAN-21782,Adobe,CVE-2023-47054,3.3,2023-11-15,,Adobe Audition MP4 File Parsing Uninitialized Variable Information Disclosure Vulnerability,,Adobe,2023-07-20,2023-11-15,118
ZDI-23-1662,ZDI-CAN-21690,Adobe,CVE-2023-47049,7.8,2023-11-15,,Adobe Audition MP4 File Parsing Out-Of-Bounds Read Remote Code Execution Vulnerability,,Adobe,2023-07-11,2023-11-15,127
ZDI-23-1661,ZDI-CAN-21689,Adobe,CVE-2023-47053,3.3,2023-11-15,,Adobe Audition MP4 File Parsing Uninitialized Variable Information Disclosure Vulnerability,,Adobe,2023-07-11,2023-11-15,127
ZDI-23-1660,ZDI-CAN-21688,Adobe,CVE-2023-47048,7.8,2023-11-15,,Adobe Audition MP4 File Parsing Out-Of-Bounds Read Remote Code Execution Vulnerability,,Adobe,2023-07-11,2023-11-15,127
ZDI-23-1659,ZDI-CAN-21687,Adobe,CVE-2023-47052,3.3,2023-11-15,,Adobe Audition MP4 File Parsing Out-Of-Bounds Read Information Disclosure Vulnerability,,Adobe,2023-07-11,2023-11-15,127
ZDI-23-1658,ZDI-CAN-21686,Adobe,CVE-2023-47050,7.8,2023-11-15,,Adobe Audition M4A File Parsing Out-Of-Bounds Read Remote Code Execution Vulnerability,,Adobe,2023-07-11,2023-11-15,127
ZDI-23-1657,ZDI-CAN-21685,Adobe,CVE-2023-47047,7.8,2023-11-15,,Adobe Audition MP4 File Parsing Uninitialized Variable Remote Code Execution Vulnerability,,Adobe,2023-07-11,2023-11-15,127
ZDI-23-1656,ZDI-CAN-21684,Adobe,CVE-2023-47046,7.8,2023-11-15,,Adobe Audition MP4 File Parsing Out-Of-Bounds Write Remote Code Execution Vulnerability,,Adobe,2023-07-11,2023-11-15,127
ZDI-23-1655,ZDI-CAN-21683,Adobe,CVE-2023-47051,7.8,2023-11-15,,Adobe Audition MP4 File Parsing Heap-based Buffer Overflow Remote Code Execution Vulnerability,,Adobe,2023-07-11,2023-11-15,127
ZDI-23-1654,ZDI-CAN-21344,Adobe,CVE-2023-44324,9.8,2023-11-15,,Adobe FrameMaker Publishing Server Authentication Bypass Vulnerability,,Adobe,2023-07-20,2023-11-15,118
ZDI-23-1653,ZDI-CAN-21305,Adobe,CVE-2023-22274,8.2,2023-11-15,,Adobe RoboHelp Server UpdateCommandStream XML External Entity Processing Information Disclosure Vulnerability,,Adobe,2023-07-13,2023-11-15,125
ZDI-23-1652,ZDI-CAN-21307,Adobe,CVE-2023-22273,7.2,2023-11-15,,Adobe RoboHelp Server OnPublishFile Directory Traversal Remote Code Execution Vulnerability,,Adobe,2023-07-11,2023-11-15,127
ZDI-23-1651,ZDI-CAN-21308,Adobe,CVE-2023-22268,6.5,2023-11-15,,Adobe RoboHelp Server getRHSGroupsForRoles SQL Injection Information Disclosure Vulnerability,,Adobe,2023-07-11,2023-11-15,127
ZDI-23-1650,ZDI-CAN-21309,Adobe,CVE-2023-22272,7.5,2023-11-15,,Adobe RoboHelp Server resolveDistinguishedName LDAP Injection Information Disclosure Vulnerability,,Adobe,2023-07-11,2023-11-15,127
ZDI-23-1649,ZDI-CAN-21306,Adobe,CVE-2023-22275,7.5,2023-11-15,,Adobe RoboHelp Server GetNewUserId SQL Injection Information Disclosure Vulnerability,,Adobe,2023-07-18,2023-11-15,120
ZDI-23-1646,ZDI-CAN-21462,Microsoft,CVE-2023-38181,8.8,2023-11-15,,Microsoft Exchange GsmWriter Deserialization of Untrusted Data NTLM Relay Vulnerability,,Microsoft,2023-06-27,2023-11-15,141
ZDI-23-1645,ZDI-CAN-21861,Microsoft,CVE-2023-36804,8.8,2023-11-15,,Microsoft Windows win32kfull UMPDDrvBitBlt Use-After-Free Local Privilege Escalation Vulnerability,,Microsoft,2023-08-03,2023-11-15,104
ZDI-23-1644,ZDI-CAN-21864,Microsoft,CVE-2023-36804,8.8,2023-11-15,,Microsoft Windows win32kfull UMPDDrvStretchBltROP Use-After-Free Local Privilege Escalation Vulnerability,,Microsoft,2023-08-03,2023-11-15,104
ZDI-23-1643,ZDI-CAN-21863,Microsoft,CVE-2023-36804,8.8,2023-11-15,,Microsoft Windows win32kfull UMPDDrvStretchBlt Use-After-Free Local Privilege Escalation Vulnerability,,Microsoft,2023-08-03,2023-11-15,104
ZDI-23-1642,ZDI-CAN-21681,Microsoft,CVE-2023-36804,8.8,2023-11-15,,Microsoft Windows win32kfull UMPDDrvPlgBlt Use-After-Free Local Privilege Escalation Vulnerability,,Microsoft,2023-08-03,2023-11-15,104
ZDI-23-1641,ZDI-CAN-22002,Microsoft,CVE-2023-36039,8.8,2023-11-15,,Microsoft Exchange FederationTrust Deserialization of Untrusted Data NTLM Relay Vulnerability,,Microsoft,2023-08-22,2023-11-15,85
ZDI-23-1640,ZDI-CAN-21958,Microsoft,CVE-2023-36050,8.8,2023-11-15,,Microsoft Exchange TransportConfigContainer Deserialization of Untrusted Data Information Disclosure Vulnerability,,Microsoft,2023-08-16,2023-11-15,91
ZDI-23-1639,ZDI-CAN-21960,Microsoft,CVE-2023-36049,7.6,2023-11-15,,Microsoft .NET FormatFtpCommand CRLF Injection Arbitrary File Write and Deletion Vulnerability,,Microsoft,2023-08-16,2023-11-15,91
ZDI-23-1638,ZDI-CAN-21843,Microsoft,CVE-2023-36045,7.8,2023-11-15,,Microsoft Office Word FBX File Parsing Memory Corruption Remote Code Execution Vulnerability,,Microsoft,2023-09-13,2023-11-15,63
ZDI-23-1637,ZDI-CAN-21983,Microsoft,CVE-2023-36035,8.8,2023-11-15,,Microsoft Exchange IsUNCPath Improper Input Validation NTLM Relay Vulnerability,,Microsoft,2023-08-25,2023-11-15,82
ZDI-23-1605,ZDI-CAN-21358,Apple,CVE-2023-42856,3.3,2023-11-14,,Apple macOS Hydra ABC File Parsing Out-Of-Bounds Read Information Disclosure Vulnerability,,Apple,2023-06-21,2023-11-14,146
ZDI-23-1604,ZDI-CAN-21692,Apple,CVE-2023-42856,3.3,2023-11-14,,Apple macOS Hydra Out-Of-Bounds Read Information Disclosure Vulnerability,,Apple,2023-07-18,2023-11-14,119
ZDI-23-1603,ZDI-CAN-21502,Apple,CVE-2023-42856,3.3,2023-11-14,,Apple macOS Hydra Parsing Out-Of-Bounds Read Information Disclosure Vulnerability,,Apple,2023-06-27,2023-11-14,140
ZDI-23-1602,ZDI-CAN-21504,Apple,CVE-2023-42856,3.3,2023-11-14,,Apple macOS Hydra ABC File Parsing Out-Of-Bounds Read Information Disclosure Vulnerability,,Apple,2023-06-27,2023-11-14,140
ZDI-23-1601,ZDI-CAN-21518,Apple,CVE-2023-42856,3.3,2023-11-14,,Apple macOS Hydra Parsing Out-Of-Bounds Read Information Disclosure Vulnerability,,Apple,2023-06-27,2023-11-14,140
ZDI-23-1588,ZDI-CAN-22282,Microsoft,,8.8,2023-11-06,,Microsoft Azure US Accelarators Synapse SAS Token Incorrect Permission Assignment Authentication Bypass Vulnerability,,Microsoft,2023-10-03,2023-11-06,34
ZDI-23-1587,ZDI-CAN-21862,Microsoft,CVE-2023-36804,8.8,2023-11-06,,Microsoft Windows win32kfull UMPDDrvCopyBits Use-After-Free Local Privilege Escalation Vulnerability,,Microsoft,2023-08-03,2023-11-06,95
ZDI-23-1583,ZDI-CAN-22148,Google,,8.8,2023-11-06,2023-11-07,Google Chromium Vulkan SwiftShader Double Free Remote Code Execution Vulnerability,,Google,2023-09-14,2023-11-06,53
ZDI-23-1581,ZDI-CAN-22101,Microsoft,,7.1,2023-11-02,,(0Day) Microsoft Exchange CreateAttachmentFromUri Server-Side Request Forgery Information Disclosure Vulnerability,,Microsoft,2023-09-08,2023-11-02,55
ZDI-23-1580,ZDI-CAN-22100,Microsoft,,7.1,2023-11-02,,(0Day) Microsoft Exchange DownloadDataFromOfficeMarketPlace Server-Side Request Forgery Information Disclosure Vulnerability,,Microsoft,2023-09-08,2023-11-02,55
ZDI-23-1579,ZDI-CAN-22090,Microsoft,,7.1,2023-11-02,,(0Day) Microsoft Exchange DownloadDataFromUri Server-Side Request Forgery Information Disclosure Vulnerability,,Microsoft,2023-09-08,2023-11-02,55
ZDI-23-1578,ZDI-CAN-22079,Microsoft,,7.5,2023-11-02,,(0Day) Microsoft Exchange ChainedSerializationBinder Deserialization of Untrusted Data Remote Code Execution Vulnerability,,Microsoft,2023-09-07,2023-11-02,56
ZDI-23-1555,ZDI-CAN-21605,Microsoft,CVE-2023-38159,8.8,2023-10-11,,Microsoft Windows DirectX GpuMmu Race Condition Local Privilege Escalation Vulnerability,,Microsoft,2023-07-20,2023-10-11,83
ZDI-23-1554,ZDI-CAN-21342,Microsoft,CVE-2023-36731,8.8,2023-10-11,,Microsoft Windows bStretch Improper Input Validation Local Privilege Escalation Vulnerability,,Microsoft,2023-07-06,2023-10-11,97
ZDI-23-1553,ZDI-CAN-21427,Microsoft,CVE-2023-36732,8.8,2023-10-11,,Microsoft Windows DEVLOCKBLTOBJ Race Condition Local Privilege Escalation Vulnerability,,Microsoft,2023-07-06,2023-10-11,97
ZDI-23-1552,ZDI-CAN-21248,Microsoft,CVE-2023-36594,7.8,2023-10-11,,Microsoft Windows UMPDDrvPlgBlt Type Confusion Local Privilege Escalation Vulnerability,,Microsoft,2023-06-29,2023-10-11,104
ZDI-23-1551,ZDI-CAN-21250,Microsoft,CVE-2023-36594,7.8,2023-10-11,,Microsoft Windows UMPDDrvStretchBlt Type Confusion Local Privilege Escalation Vulnerability,,Microsoft,2023-06-29,2023-10-11,104
ZDI-23-1550,ZDI-CAN-21249,Microsoft,CVE-2023-36594,7.8,2023-10-11,,Microsoft Windows UMPDDrvBitBlt Type Confusion Local Privilege Escalation Vulnerability,,Microsoft,2023-06-29,2023-10-11,104
ZDI-23-1549,ZDI-CAN-21251,Microsoft,CVE-2023-36594,7.8,2023-10-11,,Microsoft Windows UMPDDrvStretchBltROP Type Confusion Local Privilege Escalation Vulnerability,,Microsoft,2023-06-29,2023-10-11,104
ZDI-23-1548,ZDI-CAN-21209,Microsoft,CVE-2023-36594,7.8,2023-10-11,,Microsoft Windows UMPDDrvCopyBits Type Confusion Local Privilege Escalation Vulnerability,,Microsoft,2023-06-29,2023-10-11,104
ZDI-23-1547,ZDI-CAN-21207,Microsoft,CVE-2023-36594,7.8,2023-10-11,,Microsoft Windows UMPDDrvStretchBlt Type Confusion Local Privilege Escalation Vulnerability,,Microsoft,2023-06-29,2023-10-11,104
ZDI-23-1546,ZDI-CAN-21208,Microsoft,CVE-2023-36594,7.8,2023-10-11,,Microsoft Windows UMPDDrvStretchBltROP Type Confusion Local Privilege Escalation Vulnerability,,Microsoft,2023-06-29,2023-10-11,104
ZDI-23-1545,ZDI-CAN-21161,Microsoft,CVE-2023-36594,7.8,2023-10-11,,Microsoft Windows IsSurfaceLockable Type Confusion Local Privilege Escalation Vulnerability,,Microsoft,2023-06-29,2023-10-11,104
ZDI-23-1544,ZDI-CAN-21204,Microsoft,CVE-2023-36594,7.8,2023-10-11,,Microsoft Windows UMPDDrvPlgBlt Type Confusion Local Privilege Escalation Vulnerability,,Microsoft,2023-06-29,2023-10-11,104
ZDI-23-1543,ZDI-CAN-21205,Microsoft,CVE-2023-36594,7.8,2023-10-11,,Microsoft Windows UMPDDrvBitBlt Type Confusion Local Privilege Escalation Vulnerability,,Microsoft,2023-06-29,2023-10-11,104
ZDI-23-1542,ZDI-CAN-21206,Microsoft,CVE-2023-36594,7.8,2023-10-11,,Microsoft Windows UMPDDrvCopyBits Type Confusion Local Privilege Escalation Vulnerability,,Microsoft,2023-06-29,2023-10-11,104
ZDI-23-1541,ZDI-CAN-20751,Microsoft,,7.5,2023-10-11,,(Pwn2Own) Microsoft Teams Incorrect Privilege Assignment Local Privilege Escalation Vulnerability,,Microsoft,2023-04-05,2023-10-11,189
ZDI-23-1540,ZDI-CAN-20720,Microsoft,,5.0,2023-10-11,,(Pwn2Own) Microsoft Teams Cross-Site Scripting Remote Code Execution Vulnerability,,Microsoft,2023-04-05,2023-10-11,189
ZDI-23-1539,ZDI-CAN-21257,Adobe,CVE-2023-26370,7.8,2023-10-11,,Adobe Photoshop PSD File Parsing Uninitialized Variable Remote Code Execution Vulnerability,,Adobe,2023-06-07,2023-10-11,126
ZDI-23-1538,ZDI-CAN-21403,Adobe,CVE-2023-38217,3.3,2023-10-11,,Adobe Bridge Font Parsing Out-Of-Bounds Read Information Disclosure Vulnerability,,Adobe,2023-06-13,2023-10-11,120
ZDI-23-1537,ZDI-CAN-21404,Adobe,CVE-2023-38216,3.3,2023-10-11,,Adobe Bridge Font Parsing Use-After-Free Information Disclosure Vulnerability,,Adobe,2023-06-13,2023-10-11,120
ZDI-23-1535,ZDI-CAN-21007,Microsoft,CVE-2023-36804,8.8,2023-10-06,,Microsoft Windows UMPDDrvStretchBltROP Use-After-Free Local Privilege Escalation Vulnerability,,Microsoft,2023-06-07,2023-10-06,121
ZDI-23-1534,ZDI-CAN-21029,Microsoft,CVE-2023-36804,8.8,2023-10-06,,Microsoft Windows UMPDDrvLineTo Use-After-Free Local Privilege Escalation Vulnerability,,Microsoft,2023-06-07,2023-10-06,121
ZDI-23-1528,ZDI-CAN-22264,Microsoft,,10.0,2023-10-05,,Microsoft PC Manager SAS Token Incorrect Permission Assignment Authentication Bypass Vulnerability,,Microsoft,2023-09-28,2023-10-05,7
ZDI-23-1527,ZDI-CAN-22263,Microsoft,,10.0,2023-10-05,,Microsoft PC Manager SAS Token Incorrect Permission Assignment Authentication Bypass Vulnerability,,Microsoft,2023-09-28,2023-10-05,7
ZDI-23-1497,ZDI-CAN-16895,Apple,CVE-2022-26773,7.8,2023-10-04,,Apple iTunes Incorrect Permission Assignment Privilege Escalation Vulnerability,,Apple,2022-06-22,2023-10-04,469
ZDI-23-1494,ZDI-CAN-21167,Apple,CVE-2023-38600,8.8,2023-09-29,,Apple Safari TypedArray copyWithin Integer Underflow Remote Code Execution Vulnerability,,Apple,2023-05-23,2023-09-29,129
ZDI-23-1467,ZDI-CAN-18594,Mozilla,,5.4,2023-09-27,,Mozilla Firefox JIT Boolean Conversion Uninitialized Variable Remote Code Execution Vulnerability,,Mozilla,2022-08-31,2023-09-27,392
ZDI-23-1466,ZDI-CAN-18380,Microsoft,CVE-2022-35825,3.3,2023-09-27,,Microsoft Visual Studio FBX File Parsing Out-Of-Bounds Read Information Disclosure Vulnerability,,Microsoft,2022-08-25,2023-09-27,398
ZDI-23-1465,ZDI-CAN-18378,Microsoft,CVE-2022-35825,3.3,2023-09-27,,Microsoft Visual Studio FBX File Parsing Out-Of-Bounds Read Information Disclosure Vulnerability,,Microsoft,2022-08-25,2023-09-27,398
ZDI-23-1464,ZDI-CAN-18377,Microsoft,CVE-2022-35825,3.3,2023-09-27,,Microsoft Visual Studio FBX File Parsing Out-Of-Bounds Read Information Disclosure Vulnerability,,Microsoft,2022-08-25,2023-09-27,398
ZDI-23-1463,ZDI-CAN-18375,Microsoft,CVE-2022-35825,7.8,2023-09-27,,Microsoft Visual Studio FBX File Parsing Out-Of-Bounds Read Remote Code Execution Vulnerability,,Microsoft,2022-08-25,2023-09-27,398
ZDI-23-1462,ZDI-CAN-18363,Microsoft,CVE-2022-35825,7.8,2023-09-27,,Microsoft Visual Studio FBX File Parsing Heap-based Buffer Overflow Remote Code Execution Vulnerability,,Microsoft,2022-08-25,2023-09-27,398
ZDI-23-1461,ZDI-CAN-18362,Microsoft,CVE-2022-35825,7.8,2023-09-27,,Microsoft Visual Studio FBX File Parsing Heap-based Buffer Overflow Remote Code Execution Vulnerability,,Microsoft,2022-08-25,2023-09-27,398
ZDI-23-1460,ZDI-CAN-18361,Microsoft,CVE-2022-35825,7.8,2023-09-27,,Microsoft Visual Studio FBX File Parsing Out-Of-Bounds Write Remote Code Execution Vulnerability,,Microsoft,2022-08-25,2023-09-27,398
ZDI-23-1459,ZDI-CAN-18321,Microsoft,CVE-2022-35825,7.8,2023-09-27,,Microsoft Visual Studio DAE File Parsing Out-Of-Bounds Write Remote Code Execution Vulnerability,,Microsoft,2022-08-25,2023-09-27,398
ZDI-23-1448,ZDI-CAN-21488,Microsoft,CVE-2023-36745,7.5,2023-09-19,,Microsoft Exchange SharedTypeResolver Deserialization of Untrusted Data Remote Code Execution Vulnerability,,Microsoft,2023-07-11,2023-09-19,70
ZDI-23-1447,ZDI-CAN-21487,Microsoft,CVE-2023-36757,6.5,2023-09-19,,Microsoft Exchange ExFileLog Deserialization of Untrusted Data Denial-of-Service Vulnerability,,Microsoft,2023-06-27,2023-09-19,84
ZDI-23-1446,ZDI-CAN-20618,Microsoft,CVE-2023-36805,7.8,2023-09-19,,Microsoft Windows Untrusted Script Execution Remote Code Execution Vulnerability,,Microsoft,2023-06-01,2023-09-19,110
ZDI-23-1445,ZDI-CAN-21031,Microsoft,CVE-2023-38161,8.8,2023-09-19,,Microsoft Windows UMPDDrvRealizeBrush Use-After-Free Local Privilege Escalation Vulnerability,,Microsoft,2023-06-07,2023-09-19,104
ZDI-23-1421,ZDI-CAN-21615,Microsoft,CVE-2023-27909,7.8,2023-09-12,,Microsoft Office Word FBX File Parsing Out-Of-Bounds Write Remote Code Execution Vulnerability,,Microsoft,2023-08-03,2023-09-12,40
ZDI-23-1420,ZDI-CAN-21614,Microsoft,CVE-2023-36744,6.5,2023-09-12,,Microsoft Exchange DumpDataReader Deserialization of Untrusted Data Arbitrary File Write Vulnerability,,Microsoft,2023-07-11,2023-09-12,63
ZDI-23-1419,ZDI-CAN-21498,Microsoft,CVE-2023-36756,8.8,2023-09-12,,Microsoft Exchange ApprovedApplicationCollection Deserialization of Untrusted Data Remote Code Execution Vulnerability,,Microsoft,2023-06-27,2023-09-12,77
ZDI-23-1418,ZDI-CAN-21490,Microsoft,CVE-2023-36777,7.1,2023-09-12,,Microsoft Exchange ProjectInstance Deserialization of Untrusted Data Information Disclosure Vulnerability,,Microsoft,2023-06-27,2023-09-12,77
ZDI-23-1417,ZDI-CAN-21489,Microsoft,CVE-2023-36777,7.1,2023-09-12,,Microsoft Exchange Project Deserialization of Untrusted Data Information Disclosure Vulnerability,,Microsoft,2023-06-27,2023-09-12,77
ZDI-23-1416,ZDI-CAN-21073,Microsoft,CVE-2023-36770,5.3,2023-09-12,,Microsoft 3D Builder GLB File Parsing Out-Of-Bounds Write Remote Code Execution Vulnerability,,Microsoft,2023-05-05,2023-09-12,130
ZDI-23-1415,ZDI-CAN-21072,Microsoft,CVE-2023-36773,5.3,2023-09-12,,Microsoft 3D Builder WRL File Parsing Out-Of-Bounds Write Remote Code Execution Vulnerability,,Microsoft,2023-05-05,2023-09-12,130
ZDI-23-1414,ZDI-CAN-21071,Microsoft,CVE-2023-36771,5.3,2023-09-12,,Microsoft 3D Builder PLY File Parsing Out-Of-Bounds Write Remote Code Execution Vulnerability,,Microsoft,2023-05-05,2023-09-12,130
ZDI-23-1413,ZDI-CAN-21070,Microsoft,CVE-2023-36772,5.3,2023-09-12,,Microsoft 3D Builder WRL File Parsing Out-Of-Bounds Write Remote Code Execution Vulnerability,,Microsoft,2023-05-05,2023-09-12,130
ZDI-23-1412,ZDI-CAN-21069,Microsoft,CVE-2023-36772,5.3,2023-09-12,,Microsoft 3D Builder WRL File Parsing Memory Corruption Remote Code Execution Vulnerability,,Microsoft,2023-05-05,2023-09-12,130
ZDI-23-1411,ZDI-CAN-21068,Microsoft,CVE-2023-36772,5.3,2023-09-12,,Microsoft 3D Builder PLY File Parsing Memory Corruption Remote Code Execution Vulnerability,,Microsoft,2023-05-05,2023-09-12,130
ZDI-23-1410,ZDI-CAN-21028,Microsoft,CVE-2023-36804,8.8,2023-09-12,,Microsoft Windows UMPDDrvStrokePath Use-After-Free Local Privilege Escalation Vulnerability,,Microsoft,2023-06-07,2023-09-12,97
ZDI-23-1409,ZDI-CAN-21027,Microsoft,CVE-2023-36804,8.8,2023-09-12,,Microsoft Windows UMPDDrvStrokeAndFillPath Use-After-Free Local Privilege Escalation Vulnerability,,Microsoft,2023-06-07,2023-09-12,97
ZDI-23-1408,ZDI-CAN-21009,Microsoft,CVE-2023-36804,8.8,2023-09-12,,Microsoft Windows UMPDDrvStrokeAndFillPath Use-After-Free Local Privilege Escalation Vulnerability,,Microsoft,2023-06-07,2023-09-12,97
ZDI-23-1407,ZDI-CAN-21008,Microsoft,CVE-2023-36804,8.8,2023-09-12,,Microsoft Windows UMPDDrvBitBlt Use-After-Free Local Privilege Escalation Vulnerability,,Microsoft,2023-06-07,2023-09-12,97
ZDI-23-1406,ZDI-CAN-21003,Microsoft,CVE-2023-36804,8.8,2023-09-12,,Microsoft Windows UMPDDrvFillPath Use-After-Free Local Privilege Escalation Vulnerability,,Microsoft,2023-06-07,2023-09-12,97
ZDI-23-1405,ZDI-CAN-20989,Microsoft,CVE-2023-38144,6.4,2023-09-12,,Microsoft Windows CLFS Out-Of-Bounds Read Information Disclosure Vulnerability,,Microsoft,2023-05-23,2023-09-12,112
ZDI-23-1404,ZDI-CAN-20975,Microsoft,CVE-2023-38143,2.8,2023-09-12,,Microsoft Windows CLFS Out-Of-Bounds Read Information Disclosure Vulnerability,,Microsoft,2023-06-13,2023-09-12,91
ZDI-23-1403,ZDI-CAN-20695,Microsoft,CVE-2023-38155,7.0,2023-09-12,,Microsoft Azure DevOps Server MachinePropertyBag Deserialization of Untrusted Data Local Privilege Escalation Vulnerability,,Microsoft,2023-05-05,2023-09-12,130
ZDI-23-1282,ZDI-CAN-21201,Microsoft,,7.5,2023-08-30,,Microsoft Teams Pluginhost Prototype Pollution Privilege Escalation Vulnerability,,Microsoft,2023-05-19,2023-08-30,103
ZDI-23-1229,ZDI-CAN-20661,Adobe,CVE-2023-26371,3.3,2023-08-25,,Adobe Dimension USD File Parsing Out-Of-Bounds Read Information Disclosure Vulnerability,,Adobe,2023-04-06,2023-08-25,141
ZDI-23-1226,ZDI-CAN-20043,Apple,CVE-2023-32384,7.8,2023-08-25,,Apple macOS ImageIO EXR File Parsing Out-Of-Bounds Write Remote Code Execution Vulnerability,,Apple,2023-02-08,2023-08-25,198
ZDI-23-1225,ZDI-CAN-20027,Apple,CVE-2023-32372,3.3,2023-08-25,,Apple macOS EXR Image Parsing Out-Of-Bounds Read Information Disclosure Vulnerability,,Apple,2023-01-18,2023-08-25,219
ZDI-23-1183,ZDI-CAN-18971,Microsoft,CVE-2023-33146,7.8,2023-08-24,,Microsoft Excel SKP File Parsing Use-After-Free Remote Code Execution Vulnerability,,Microsoft,2022-09-22,2023-08-24,336
ZDI-23-1182,ZDI-CAN-18970,Microsoft,CVE-2023-33146,7.8,2023-08-24,,Microsoft Excel SKP File Parsing Use-After-Free Remote Code Execution Vulnerability,,Microsoft,2022-09-22,2023-08-24,336
ZDI-23-1181,ZDI-CAN-18969,Microsoft,CVE-2023-33146,7.8,2023-08-24,,Microsoft Excel SKP File Parsing Use-After-Free Remote Code Execution Vulnerability,,Microsoft,2022-09-22,2023-08-24,336
ZDI-23-1180,ZDI-CAN-18966,Microsoft,CVE-2023-33146,7.8,2023-08-24,,Microsoft Excel SKP File Parsing Out-Of-Bounds Write Remote Code Execution Vulnerability,,Microsoft,2022-09-22,2023-08-24,336
ZDI-23-1179,ZDI-CAN-18967,Microsoft,CVE-2023-33146,7.8,2023-08-24,,Microsoft Excel SKP File Parsing Use-After-Free Remote Code Execution Vulnerability,,Microsoft,2022-09-22,2023-08-24,336
ZDI-23-1159,ZDI-CAN-19367,Apple,CVE-2023-27939,3.3,2023-08-22,,Apple macOS KTX Image Parsing Out-Of-Bounds Read Information Disclosure Vulnerability,,Apple,2022-12-16,2023-08-22,249
ZDI-23-1112,ZDI-CAN-21597,Microsoft,CVE-2023-35359,7.0,2023-08-15,,Microsoft Windows Error Reporting Local Privilege Escalation Vulnerability,,Microsoft,2023-08-03,2023-08-15,12
ZDI-23-1111,ZDI-CAN-20746,Adobe,CVE-2023-29320,7.8,2023-08-15,2024-03-20,(Pwn2Own) Adobe Acrobat Reader DC Protected API Restrictions Bypass Vulnerability,,Adobe,2023-03-30,2023-08-15,138
ZDI-23-1110,ZDI-CAN-20744,Adobe,CVE-2023-26406,7.8,2023-08-15,,(Pwn2Own) Adobe Acrobat Reader DC Net.HTTP.request URL Restriction Bypass Vulnerability,,Adobe,2023-03-30,2023-08-15,138
ZDI-23-1109,ZDI-CAN-20747,Adobe,CVE-2023-26408,7.8,2023-08-15,,(Pwn2Own) Adobe Acrobat Reader DC AnnotsString Prototype Pollution API Restrictions Bypass Vulnerability,,Adobe,2023-03-30,2023-08-15,138
ZDI-23-1108,ZDI-CAN-20743,Adobe,CVE-2023-26405,7.8,2023-08-15,,(Pwn2Own) Adobe Acrobat Reader DC Net.HTTP.request Exposed Dangerous Method Sandbox Escape,,Adobe,2023-03-30,2023-08-15,138
ZDI-23-1107,ZDI-CAN-20712,Adobe,CVE-2023-26405,5.3,2023-08-15,,(Pwn2Own) Adobe Acrobat Reader DC Object Prototype Pollution API Restrictions Bypass,,Adobe,2023-03-30,2023-08-15,138
ZDI-23-1106,ZDI-CAN-20745,Adobe,CVE-2023-26407,7.0,2023-08-15,,(Pwn2Own) Adobe Acrobat Reader DC Net.HTTP.request Remote Code Execution Vulnerability,,Adobe,2023-08-15,2023-08-15,0
ZDI-23-1102,ZDI-CAN-20474,Adobe,CVE-2023-26361,4.9,2023-08-14,,Adobe ColdFusion copydirectory Directory Traversal Information Disclosure Vulnerability,,Adobe,2023-02-21,2023-08-14,174
ZDI-23-1101,ZDI-CAN-20240,Adobe,,7.8,2023-08-14,,Adobe Substance 3D Stager SKP File Parsing Stack-based Buffer Overflow Remote Code Execution Vulnerability,,Adobe,2023-01-26,2023-08-14,200
ZDI-23-1100,ZDI-CAN-20244,Adobe,,7.8,2023-08-14,,Adobe Substance 3D Stager SKP File Parsing Stack-based Buffer Overflow Remote Code Execution Vulnerability,,Adobe,2023-01-26,2023-08-14,200
ZDI-23-1099,ZDI-CAN-20247,Adobe,,7.8,2023-08-14,,Adobe Substance 3D Stager SKP File Parsing Use-After-Free Remote Code Execution Vulnerability,,Adobe,2023-01-26,2023-08-14,200
ZDI-23-1098,ZDI-CAN-20238,Adobe,,7.8,2023-08-14,,Adobe Substance 3D Stager SKP File Parsing Use-After-Free Remote Code Execution Vulnerability,,Adobe,2023-01-26,2023-08-14,200
ZDI-23-1097,ZDI-CAN-20277,Adobe,,3.3,2023-08-14,,Adobe Substance 3D Stager SKP File Parsing Uninitialized Variable Information Disclosure Vulnerability,,Adobe,2023-01-26,2023-08-14,200
ZDI-23-1096,ZDI-CAN-21078,Adobe,CVE-2023-38211,7.8,2023-08-14,,Adobe Dimension GLB File Parsing Use-After-Free Remote Code Execution Vulnerability,,Adobe,2023-05-04,2023-08-14,102
ZDI-23-1095,ZDI-CAN-21093,Adobe,CVE-2023-38212,7.8,2023-08-14,,Adobe Dimension GLB File Parsing Heap-based Buffer Overflow Remote Code Execution Vulnerability,,Adobe,2023-05-10,2023-08-14,96
ZDI-23-1094,ZDI-CAN-21094,Adobe,CVE-2023-38213,3.3,2023-08-14,,Adobe Dimension GLB File Parsing Out-Of-Bounds Read Information Disclosure Vulnerability,,Adobe,2023-05-10,2023-08-14,96
ZDI-23-1093,ZDI-CAN-21337,Adobe,CVE-2023-38233,7.8,2023-08-14,,Adobe Acrobat Reader DC Font Parsing Out-Of-Bounds Write Remote Code Execution Vulnerability,,Adobe,2023-06-07,2023-08-14,68
ZDI-23-1092,ZDI-CAN-21317,Adobe,CVE-2023-38228,7.8,2023-08-14,,Adobe Acrobat Reader DC Font Parsing Use-After-Free Remote Code Execution Vulnerability,,Adobe,2023-06-01,2023-08-14,74
ZDI-23-1091,ZDI-CAN-21334,Adobe,CVE-2023-38231,7.8,2023-08-14,,Adobe Acrobat Reader DC Font Parsing Out-Of-Bounds Write Remote Code Execution Vulnerability,,Adobe,2023-06-07,2023-08-14,68
ZDI-23-1090,ZDI-CAN-21449,Adobe,CVE-2023-38247,3.3,2023-08-14,,Adobe Acrobat Reader DC PDF File Parsing Out-Of-Bounds Read Information Disclosure Vulnerability,,Adobe,2023-07-13,2023-08-14,32
ZDI-23-1089,ZDI-CAN-21359,Adobe,CVE-2023-38234,7.8,2023-08-14,,Adobe Acrobat Reader DC Font Parsing Uninitialized Variable Remote Code Execution Vulnerability,,Adobe,2023-06-07,2023-08-14,68
ZDI-23-1088,ZDI-CAN-21318,Adobe,CVE-2023-38230,3.3,2023-08-14,,Adobe Acrobat Reader DC Font Parsing Use-After-Free Information Disclosure Vulnerability,,Adobe,2023-06-01,2023-08-14,74
ZDI-23-1087,ZDI-CAN-21356,Adobe,CVE-2023-38235,3.3,2023-08-14,,Adobe Acrobat Reader DC Font Parsing Out-Of-Bounds Read Information Disclosure Vulnerability,,Adobe,2023-06-07,2023-08-14,68
ZDI-23-1086,ZDI-CAN-21310,Adobe,CVE-2023-38229,3.3,2023-08-14,,Adobe Acrobat Reader DC Font Parsing Out-Of-Bounds Read Information Disclosure Vulnerability,,Adobe,2023-06-01,2023-08-14,74
ZDI-23-1085,ZDI-CAN-21357,Adobe,CVE-2023-38232,3.3,2023-08-14,,Adobe Acrobat Reader DC Font Parsing Out-Of-Bounds Read Information Disclosure Vulnerability,,Adobe,2023-06-07,2023-08-14,68
ZDI-23-1084,ZDI-CAN-21494,Adobe,CVE-2023-38248,3.3,2023-08-14,,Adobe Acrobat Reader DC PDF Parsing Out-Of-Bounds Read Information Disclosure Vulnerability,,Adobe,2023-07-13,2023-08-14,32
ZDI-23-1083,ZDI-CAN-20970,Adobe,CVE-2023-29303,3.3,2023-08-14,,Adobe Acrobat Reader DC AcroForm Annotation Use-After-Free Information Disclosure Vulnerability,,Adobe,2023-05-03,2023-08-14,103
ZDI-23-1082,ZDI-CAN-21103,Adobe,CVE-2023-38222,7.8,2023-08-14,,Adobe Acrobat Reader DC AcroForm spawnPageFromTemplate Use-After-Free Remote Code Execution Vulnerability,,Adobe,2023-05-24,2023-08-14,82
ZDI-23-1081,ZDI-CAN-21252,Adobe,CVE-2023-38243,3.3,2023-08-14,,Adobe Acrobat Reader DC JBIG2 File Parsing Use-After-Free Information Disclosure Vulnerability,,Adobe,2023-06-08,2023-08-14,67
ZDI-23-1080,ZDI-CAN-21241,Adobe,CVE-2023-38227,7.8,2023-08-14,,Adobe Acrobat Reader DC Font Parsing Use-After-Free Remote Code Execution Vulnerability,,Adobe,2023-05-26,2023-08-14,80
ZDI-23-1079,ZDI-CAN-21240,Adobe,CVE-2023-38226,7.8,2023-08-14,,Adobe Acrobat Reader DC Font Parsing Uninitialized Variable Remote Code Execution Vulnerability,,Adobe,2023-05-26,2023-08-14,80
ZDI-23-1078,ZDI-CAN-21242,Adobe,CVE-2023-38239,3.3,2023-08-14,,Adobe Acrobat Reader DC Font Parsing Out-Of-Bounds Read Information Disclosure Vulnerability,,Adobe,2023-05-26,2023-08-14,80
ZDI-23-1077,ZDI-CAN-21118,Adobe,CVE-2023-38225,7.8,2023-08-14,,Adobe Acrobat Reader DC AcroForm Use-After-Free Remote Code Execution Vulnerability,,Adobe,2023-05-24,2023-08-14,82
ZDI-23-1076,ZDI-CAN-21122,Adobe,CVE-2023-38224,7.8,2023-08-14,,Adobe Acrobat Reader DC Annotation Use-After-Free Remote Code Execution Vulnerability,,Adobe,2023-05-24,2023-08-14,82
ZDI-23-1075,ZDI-CAN-21063,Adobe,CVE-2023-38223,7.8,2023-08-14,,Adobe Acrobat Reader DC Font Parsing Uninitialized Variable Remote Code Execution Vulnerability,,Adobe,2023-05-24,2023-08-14,82
ZDI-23-1074,ZDI-CAN-21387,Adobe,CVE-2023-38242,3.3,2023-08-14,,Adobe Acrobat Reader DC Font Parsing Out-Of-Bounds Read Information Disclosure Vulnerability,,Adobe,2023-06-08,2023-08-14,67
ZDI-23-1073,ZDI-CAN-21246,Adobe,CVE-2023-38241,3.3,2023-08-14,,Adobe Acrobat Reader DC Font Parsing Out-Of-Bounds Read Information Disclosure Vulnerability,,Adobe,2023-05-26,2023-08-14,80
ZDI-23-1072,ZDI-CAN-21245,Adobe,CVE-2023-38240,3.3,2023-08-14,,Adobe Acrobat Reader DC Font Parsing Out-Of-Bounds Read Information Disclosure Vulnerability,,Adobe,2023-05-26,2023-08-14,80
ZDI-23-1071,ZDI-CAN-21244,Adobe,CVE-2023-38237,3.3,2023-08-14,,Adobe Acrobat Reader DC Font Parsing Out-Of-Bounds Read Information Disclosure Vulnerability,,Adobe,2023-05-26,2023-08-14,80
ZDI-23-1070,ZDI-CAN-21243,Adobe,CVE-2023-38238,3.3,2023-08-14,,Adobe Acrobat Reader DC Font Parsing Use-After-Free Information Disclosure Vulnerability,,Adobe,2023-05-26,2023-08-14,80
ZDI-23-1069,ZDI-CAN-21247,Adobe,CVE-2023-38236,3.3,2023-08-14,,Adobe Acrobat Reader DC Font Parsing Out-Of-Bounds Read Information Disclosure Vulnerability,,Adobe,2023-05-26,2023-08-14,80
ZDI-23-1068,ZDI-CAN-21371,Adobe,CVE-2023-38244,3.3,2023-08-14,,Adobe Acrobat Reader DC Font Parsing Out-Of-Bounds Read Information Disclosure Vulnerability,,Adobe,2023-06-08,2023-08-14,67
ZDI-23-1067,ZDI-CAN-20977,Microsoft,CVE-2023-36900,8.8,2023-08-14,,Microsoft Windows CLFS Incorrect Integer Conversion Local Privilege Escalation Vulnerability,,Microsoft,2023-05-23,2023-08-14,83
ZDI-23-1066,ZDI-CAN-20988,Microsoft,CVE-2023-35387,6.2,2023-08-14,,Microsoft Windows Bluetooth AVDTP Protocol Integer Underflow Information Disclosure Vulnerability,,Microsoft,2023-05-01,2023-08-14,105
ZDI-23-1056,ZDI-CAN-20771,Microsoft,,4.4,2023-08-09,2023-08-09,(0Day) Microsoft Azure Machine Learning Compute Instance certificate Exposure of Resource to Wrong Sphere Information Disclosure Vulnerability,,Microsoft,2023-04-07,2023-08-09,124
ZDI-23-1044,ZDI-CAN-20784,Microsoft,,9.9,2023-08-08,2024-05-31,(0Day) Microsoft GitHub Dev-Containers Improper Privilege Management Privilege Escalation Vulnerability,,Microsoft,2023-04-06,2023-08-08,124
ZDI-23-1020,ZDI-CAN-19331,Apple,CVE-2023-32358,8.8,2023-08-04,,Apple Safari PDF Plugin Type Confusion Remote Code Execution Vulnerability,,Apple,2022-11-21,2023-08-04,256
ZDI-23-1019,ZDI-CAN-21503,Apple,CVE-2023-38421,3.3,2023-08-04,,Apple macOS Hydra Parsing Out-Of-Bounds Read Information Disclosure Vulnerability,,Apple,2023-06-27,2023-08-04,38
ZDI-23-1018,ZDI-CAN-19555,Apple,CVE-2023-28198,4.3,2023-08-04,,Apple Safari DFG Fixup Phase Use-After-Free Information Disclosure Vulnerability,,Apple,2022-12-29,2023-08-04,218
ZDI-23-913,ZDI-CAN-17704,Microsoft,CVE-2023-32050,7.0,2023-07-12,,Microsoft Windows Installer Service Time-Of-Check Time-Of-Use Local Privilege Escalation Vulnerability,,Microsoft,2022-07-22,2023-07-12,355
ZDI-23-890,ZDI-CAN-20722,Microsoft,CVE-2023-29539,8.8,2023-06-16,,(Pwn2Own) Microsoft Windows UMPDDrvEnablePDEV Improper Input Validation Local Privilege Escalation Vulnerability,,Microsoft,2023-03-30,2023-06-16,78
ZDI-23-888,ZDI-CAN-20963,Adobe,CVE-2023-21618,7.8,2023-06-16,,Adobe Substance 3D Designer SBS File Parsing Uninitialized Variable Remote Code Execution Vulnerability,,Adobe,2023-04-26,2023-06-16,51
ZDI-23-887,ZDI-CAN-21089,Microsoft,CVE-2023-29363,5.3,2023-06-16,,Microsoft Windows PGM Invalid Transmission Group Size Denial-of-Service Vulnerability,,Microsoft,2023-06-01,2023-06-16,15
ZDI-23-886,ZDI-CAN-20736,Microsoft,CVE-2023-29361,8.8,2023-06-16,,(Pwn2Own) Microsoft Windows cldflt Use-After-Free Local Privilege Escalation Vulnerability,,Microsoft,2023-03-30,2023-06-16,78
ZDI-23-885,ZDI-CAN-20735,Microsoft,CVE-2023-29360,8.8,2023-06-16,,(Pwn2Own) Microsoft Windows mskssrv Driver Untrusted Pointer Dereference Local Privilege Escalation Vulnerability,,Microsoft,2023-04-05,2023-06-16,72
ZDI-23-884,ZDI-CAN-20748,Microsoft,CVE-2023-24954,4.3,2023-06-16,2023-06-20,(Pwn2Own) Microsoft SharePoint userphoto Information Disclosure Vulnerability,,Microsoft,2023-03-30,2023-06-16,78
ZDI-23-883,ZDI-CAN-20749,Microsoft,CVE-2023-24955,8.8,2023-06-16,2023-06-20,(Pwn2Own) Microsoft SharePoint GenerateProxyAssembly Code Injection Remote Code Execution Vulnerability,,Microsoft,2023-03-30,2023-06-16,78
ZDI-23-882,ZDI-CAN-20716,Microsoft,CVE-2023-29357,9.8,2023-06-16,2024-10-25,(Pwn2Own) Microsoft SharePoint ValidateTokenIssuer Improper Verification of Cryptographic Signature Authentication Bypass Vulnerability,,Microsoft,2023-03-30,2023-06-16,78
ZDI-23-881,ZDI-CAN-20807,Microsoft,CVE-2023-32031,8.8,2023-06-16,,Microsoft Exchange Command Class Deserialization of Untrusted Data Remote Code Execution Vulnerability,,Microsoft,2023-03-31,2023-06-16,77
ZDI-23-880,ZDI-CAN-19402,Microsoft,CVE-2023-28312,5.5,2023-06-16,,Microsoft Azure Machine Learning Service DSIMountAgent Missing Authentication Information Disclosure Vulnerability,,Microsoft,2022-12-16,2023-06-16,182
ZDI-23-845,ZDI-CAN-20714,Apple,CVE-2023-32413,7.8,2023-06-08,,(Pwn2Own) Apple macOS /dev/fd Race Condition Local Privilege Escalation Vulnerability,,Apple,2023-03-30,2023-06-08,70
ZDI-23-844,ZDI-CAN-20222,Apple,CVE-2023-32375,3.3,2023-06-08,,Apple macOS Hydra USD Parsing Out-Of-Bounds Read Information Disclosure Vulnerability,,Apple,2023-01-20,2023-06-08,139
ZDI-23-754,ZDI-CAN-18521,Microsoft,CVE-2023-27911,7.8,2023-05-31,2023-09-12,(0Day) Microsoft 3D Viewer FBX File Parsing Heap-based Buffer Overflow Remote Code Execution Vulnerability,,Microsoft,2022-08-25,2023-05-31,279
ZDI-23-753,ZDI-CAN-19052,Microsoft,,3.3,2023-05-31,2023-05-31,(0Day) Microsoft 3D Viewer PLY File Parsing Out-Of-Bounds Read Information Disclosure Vulnerability,,Microsoft,2022-09-30,2023-05-31,243
ZDI-23-740,ZDI-CAN-17070,Adobe,CVE-2022-44515,3.3,2023-05-25,,Adobe Acrobat Reader DC Font Parsing Out-Of-Bounds Read Information Disclosure Vulnerability,,Adobe,2022-04-06,2023-05-25,414
ZDI-23-739,ZDI-CAN-17064,Adobe,CVE-2022-44514,7.8,2023-05-25,,Adobe Acrobat Reader DC Font Parsing Use-After-Free Remote Code Execution Vulnerability,,Adobe,2022-04-06,2023-05-25,414
ZDI-23-738,ZDI-CAN-16957,Adobe,CVE-2022-44513,7.8,2023-05-25,,Adobe Acrobat Reader DC Font Parsing Out-Of-Bounds Write Remote Code Execution Vulnerability,,Adobe,2022-04-01,2023-05-25,419
ZDI-23-737,ZDI-CAN-16951,Adobe,CVE-2022-44512,7.8,2023-05-25,,Adobe Acrobat Reader DC Font Parsing Out-Of-Bounds Write Remote Code Execution Vulnerability,,Adobe,2022-04-01,2023-05-25,419
ZDI-23-736,ZDI-CAN-16875,Adobe,CVE-2022-44520,7.8,2023-05-25,,Adobe Acrobat Reader DC Highlight Annotation noView Use-After-Free Remote Code Execution Vulnerability,,Adobe,2022-03-16,2023-05-25,435
ZDI-23-735,ZDI-CAN-16874,Adobe,CVE-2022-44519,3.3,2023-05-25,,Adobe Acrobat Reader DC Annotation Highlight popupOpen Use-After-Free Information Disclosure Vulnerability,,Adobe,2022-03-16,2023-05-25,435
ZDI-23-734,ZDI-CAN-16873,Adobe,CVE-2022-44518,7.8,2023-05-25,,Adobe Acrobat Reader DC Annotation Highlight delay Use-After-Free Remote Code Execution Vulnerability,,Adobe,2022-03-16,2023-05-25,435
ZDI-23-733,ZDI-CAN-16872,Adobe,CVE-2022-44517,3.3,2023-05-25,,Adobe Acrobat Reader DC Annotation fillColor Out-Of-Bounds Read Information Disclosure Vulnerability,,Adobe,2022-03-16,2023-05-25,435
ZDI-23-732,ZDI-CAN-16871,Adobe,CVE-2022-44516,3.3,2023-05-25,,Adobe Acrobat Reader DC Annotation lineWidth Out-Of-Bounds Read Information Disclosure Vulnerability,,Adobe,2022-03-16,2023-05-25,435
ZDI-23-731,ZDI-CAN-19606,Adobe,,7.8,2023-05-25,,Adobe Dimension SKP File Parsing Use-After-Free Remote Code Execution Vulnerability,,Adobe,2022-11-30,2023-05-25,176
ZDI-23-730,ZDI-CAN-19617,Adobe,,7.8,2023-05-25,,Adobe Dimension SKP File Parsing Stack-based Buffer Overflow Remote Code Execution Vulnerability,,Adobe,2022-11-30,2023-05-25,176
ZDI-23-729,ZDI-CAN-19620,Adobe,,7.8,2023-05-25,,Adobe Dimension SKP File Parsing Stack-based Buffer Overflow Remote Code Execution Vulnerability,,Adobe,2022-11-30,2023-05-25,176
ZDI-23-728,ZDI-CAN-19621,Adobe,,3.3,2023-05-25,,Adobe Dimension SKP File Parsing Use-After-Free Information Disclosure Vulnerability,,Adobe,2022-11-30,2023-05-25,176
ZDI-23-727,ZDI-CAN-19605,Adobe,,7.8,2023-05-25,,Adobe Dimension SKP File Parsing Stack-based Buffer Overflow Remote Code Execution Vulnerability,,Adobe,2022-11-30,2023-05-25,176
ZDI-23-722,ZDI-CAN-16184,Microsoft,CVE-2022-34691,8.4,2023-05-24,,Microsoft Windows Active Directory Certificate Services Improper Authorization Privilege Escalation Vulnerability,,Microsoft,2022-02-04,2023-05-24,474
ZDI-23-650,ZDI-CAN-19349,Apple,CVE-2023-23519,3.3,2023-05-17,,Apple macOS KTX Image Parsing Out-Of-Bounds Read Information Disclosure Vulnerability,,Apple,2022-12-16,2023-05-17,152
ZDI-23-649,ZDI-CAN-19348,Apple,CVE-2023-27929,3.3,2023-05-17,,Apple macOS KTX Image Parsing Out-Of-Bounds Read Information Disclosure Vulnerability,,Apple,2022-11-23,2023-05-17,175
ZDI-23-648,ZDI-CAN-17662,Apple,CVE-2022-42798,3.3,2023-05-17,,Apple macOS AudioToolbox CAF File Parsing Out-Of-Bounds Read Information Disclosure Vulnerability,,Apple,2022-07-26,2023-05-17,295
ZDI-23-647,ZDI-CAN-17338,Apple,CVE-2022-32922,8.8,2023-05-17,,Apple Safari PDFPluginAnnotation Use-After-Free Remote Code Execution Vulnerability,,Apple,2022-07-07,2023-05-17,314
ZDI-23-646,ZDI-CAN-17329,Apple,CVE-2022-32912,4.3,2023-05-17,2024-07-08,Apple WebKit WebGL2 drawRangeElements Out-Of-Bounds Read Information Disclosure Vulnerability,,Apple,2022-06-24,2023-05-17,327
ZDI-23-645,ZDI-CAN-17359,Apple,CVE-2022-32797,3.3,2023-05-17,,Apple macOS AppleScript UASIsConstant SCPT File Parsing Out-Of-Bounds Read Information Disclosure Vulnerability,,Apple,2022-06-06,2023-05-17,345
ZDI-23-644,ZDI-CAN-17199,Apple,CVE-2023-27938,3.3,2023-05-17,,Apple GarageBand MIDI File Parsing Out-Of-Bounds Read Information Disclosure Vulnerability,,Apple,2022-04-27,2023-05-17,385
ZDI-23-635,ZDI-CAN-17949,Microsoft,CVE-2022-44697,6.5,2023-05-17,,Microsoft Windows win32kfull Null Pointer Dereference Denial-of-Service Vulnerability,,Microsoft,2022-08-19,2023-05-17,271
ZDI-23-624,ZDI-CAN-20261,Adobe,,3.3,2023-05-12,,Adobe Substance 3D Stager SKP File Parsing Out-Of-Bounds Read Information Disclosure Vulnerability,,Adobe,2023-01-26,2023-05-12,106
ZDI-23-623,ZDI-CAN-20260,Adobe,,3.3,2023-05-12,,Adobe Substance 3D Stager SKP File Parsing Out-Of-Bounds Read Information Disclosure Vulnerability,,Adobe,2023-01-26,2023-05-12,106
ZDI-23-622,ZDI-CAN-20251,Adobe,,7.8,2023-05-12,,Adobe Substance 3D Stager SKP File Parsing Out-Of-Bounds Read Remote Code Execution Vulnerability,,Adobe,2023-01-26,2023-05-12,106
ZDI-23-621,ZDI-CAN-20250,Adobe,,7.8,2023-05-12,,Adobe Substance 3D Stager SKP File Parsing Out-Of-Bounds Write Remote Code Execution Vulnerability,,Adobe,2023-01-26,2023-05-12,106
ZDI-23-620,ZDI-CAN-20249,Adobe,,7.8,2023-05-12,,Adobe Substance 3D Stager SKP File Parsing Use-After-Free Remote Code Execution Vulnerability,,Adobe,2023-01-26,2023-05-12,106
ZDI-23-619,ZDI-CAN-20248,Adobe,,7.8,2023-05-12,,Adobe Substance 3D Stager SKP File Parsing Memory Corruption Remote Code Execution Vulnerability,,Adobe,2023-01-26,2023-05-12,106
ZDI-23-618,ZDI-CAN-20246,Adobe,,7.8,2023-05-12,,Adobe Substance 3D Stager SKP File Parsing Use-After-Free Remote Code Execution Vulnerability,,Adobe,2023-01-26,2023-05-12,106
ZDI-23-617,ZDI-CAN-20245,Adobe,,7.8,2023-05-12,,Adobe Substance 3D Stager SKP File Parsing Use-After-Free Remote Code Execution Vulnerability,,Adobe,2023-01-26,2023-05-12,106
ZDI-23-616,ZDI-CAN-20243,Adobe,,7.8,2023-05-12,,Adobe Substance 3D Stager SKP File Parsing Out-Of-Bounds Write Remote Code Execution Vulnerability,,Adobe,2023-01-26,2023-05-12,106
ZDI-23-615,ZDI-CAN-20242,Adobe,,7.8,2023-05-12,,Adobe Substance 3D Stager SKP File Parsing Out-Of-Bounds Write Remote Code Execution Vulnerability,,Adobe,2023-01-26,2023-05-12,106
ZDI-23-614,ZDI-CAN-20241,Adobe,,7.8,2023-05-12,,Adobe Substance 3D Stager SKP File Parsing Use-After-Free Remote Code Execution Vulnerability,,Adobe,2023-01-26,2023-05-12,106
ZDI-23-613,ZDI-CAN-20239,Adobe,,7.8,2023-05-12,,Adobe Substance 3D Stager SKP File Parsing Stack-based Buffer Overflow Remote Code Execution Vulnerability,,Adobe,2023-01-26,2023-05-12,106
ZDI-23-609,ZDI-CAN-19393,Adobe,,3.3,2023-05-12,,Adobe Dimension SKP File Parsing Out-Of-Bounds Read Information Disclosure Vulnerability,,Adobe,2022-11-04,2023-05-12,189
ZDI-23-608,ZDI-CAN-19256,Adobe,,7.8,2023-05-12,,Adobe Dimension SKP File Parsing Stack-based Buffer Overflow Remote Code Execution Vulnerability,,Adobe,2022-11-01,2023-05-12,192
ZDI-23-607,ZDI-CAN-19289,Adobe,,7.8,2023-05-12,,Adobe Dimension SKP File Parsing Use-After-Free Remote Code Execution Vulnerability,,Adobe,2022-10-28,2023-05-12,196
ZDI-23-606,ZDI-CAN-19288,Adobe,,7.8,2023-05-12,,Adobe Dimension SKP File Parsing Stack-based Buffer Overflow Remote Code Execution Vulnerability,,Adobe,2022-10-28,2023-05-12,196
ZDI-23-605,ZDI-CAN-19245,Adobe,,7.8,2023-05-12,,Adobe Dimension SKP File Parsing Stack-based Buffer Overflow Remote Code Execution Vulnerability,,Adobe,2022-10-26,2023-05-12,198
ZDI-23-604,ZDI-CAN-19246,Adobe,,7.8,2023-05-12,,Adobe Dimension SKP File Parsing Out-Of-Bounds Write Remote Code Execution Vulnerability,,Adobe,2022-10-26,2023-05-12,198
ZDI-23-603,ZDI-CAN-19247,Adobe,,7.8,2023-05-12,,Adobe Dimension SKP File Parsing Out-Of-Bounds Write Remote Code Execution Vulnerability,,Adobe,2022-10-26,2023-05-12,198
ZDI-23-602,ZDI-CAN-19248,Adobe,,7.8,2023-05-12,,Adobe Dimension SKP File Parsing Use-After-Free Remote Code Execution Vulnerability,,Adobe,2022-10-26,2023-05-12,198
ZDI-23-601,ZDI-CAN-19249,Adobe,,7.8,2023-05-12,,Adobe Dimension SKP File Parsing Use-After-Free Remote Code Execution Vulnerability,,Adobe,2022-10-26,2023-05-12,198
ZDI-23-600,ZDI-CAN-19250,Adobe,,3.3,2023-05-12,,Adobe Dimension SKP File Parsing Out-Of-Bounds Read Information Disclosure Vulnerability,,Adobe,2022-10-26,2023-05-12,198
ZDI-23-599,ZDI-CAN-19251,Adobe,,7.8,2023-05-12,,Adobe Dimension SKP File Parsing Out-Of-Bounds Read Remote Code Execution Vulnerability,,Adobe,2022-10-26,2023-05-12,198
ZDI-23-598,ZDI-CAN-19244,Adobe,,3.3,2023-05-12,,Adobe Dimension SKP File Parsing Out-Of-Bounds Read Information Disclosure Vulnerability,,Adobe,2022-10-26,2023-05-12,198
ZDI-23-597,ZDI-CAN-19110,Adobe,,7.8,2023-05-12,,Adobe Dimension SKP File Parsing Use-After-Free Remote Code Execution Vulnerability,,Adobe,2022-10-13,2023-05-12,211
ZDI-23-596,ZDI-CAN-19121,Adobe,,7.8,2023-05-12,,Adobe Dimension SKP File Parsing Use-After-Free Remote Code Execution Vulnerability,,Adobe,2022-10-12,2023-05-12,212
ZDI-23-595,ZDI-CAN-18962,Adobe,,7.8,2023-05-12,,Adobe Dimension SKP File Parsing Use-After-Free Remote Code Execution Vulnerability,,Adobe,2022-09-28,2023-05-12,226
ZDI-23-594,ZDI-CAN-18619,Adobe,,7.8,2023-05-12,,Adobe Dimension SKP File Parsing Use-After-Free Remote Code Execution Vulnerability,,Adobe,2022-09-02,2023-05-12,252
ZDI-23-593,ZDI-CAN-18618,Adobe,,7.8,2023-05-12,,Adobe Dimension SKP File Parsing Use-After-Free Remote Code Execution Vulnerability,,Adobe,2022-09-02,2023-05-12,252
ZDI-23-592,ZDI-CAN-20276,Adobe,,3.3,2023-05-12,,Adobe Dimension SKP File Parsing Uninitialized Variable Information Disclosure Vulnerability,,Adobe,2023-01-26,2023-05-12,106
ZDI-23-573,ZDI-CAN-20044,Microsoft,CVE-2023-24949,6.5,2023-05-10,,Microsoft Windows PE Parsing Integer Overflow Denial-of-Service Vulnerability,,Microsoft,2023-02-08,2023-05-10,91
ZDI-23-572,ZDI-CAN-20167,Microsoft,,3.3,2023-05-10,,Microsoft Office Visio DXF File Parsing Out-Of-Bounds Read Information Disclosure Vulnerability,,Microsoft,2023-01-20,2023-05-10,110
ZDI-23-571,ZDI-CAN-20375,Microsoft,CVE-2023-24950,8.0,2023-05-10,,Microsoft SharePoint AdRotator Improper Input Validation NTLM Relay Vulnerability,,Microsoft,2023-02-10,2023-05-10,89
ZDI-23-570,ZDI-CAN-20370,Adobe,CVE-2023-29277,3.3,2023-05-10,,Adobe Substance 3D Painter USD File Parsing Out-Of-Bounds Read Information Disclosure Vulnerability,,Adobe,2023-02-08,2023-05-10,91
ZDI-23-569,ZDI-CAN-20371,Adobe,CVE-2023-29278,3.3,2023-05-10,,Adobe Substance 3D Painter GLTF File Parsing Uninitialized Variable Information Disclosure Vulnerability,,Adobe,2023-02-08,2023-05-10,91
ZDI-23-568,ZDI-CAN-20372,Adobe,CVE-2023-29280,3.3,2023-05-10,,Adobe Substance 3D Painter PLY File Parsing Out-Of-Bounds Read Information Disclosure Vulnerability,,Adobe,2023-02-09,2023-05-10,90
ZDI-23-567,ZDI-CAN-20368,Adobe,CVE-2023-29279,3.3,2023-05-10,,Adobe Substance 3D Painter USD File Parsing Out-Of-Bounds Read Information Disclosure Vulnerability,,Adobe,2023-02-09,2023-05-10,90
ZDI-23-566,ZDI-CAN-20369,Adobe,CVE-2023-29286,3.3,2023-05-10,,Adobe Substance 3D Painter USD File Parsing Uninitialized Variable Information Disclosure Vulnerability,,Adobe,2023-02-07,2023-05-10,92
ZDI-23-565,ZDI-CAN-20359,Adobe,CVE-2023-29282,7.8,2023-05-10,,Adobe Substance 3D Painter USD File Parsing Out-Of-Bounds Write Remote Code Execution Vulnerability,,Adobe,2023-02-09,2023-05-10,90
ZDI-23-564,ZDI-CAN-20360,Adobe,CVE-2023-29285,7.8,2023-05-10,,Adobe Substance 3D Painter USD File Parsing Out-Of-Bounds Write Remote Code Execution Vulnerability,,Adobe,2023-02-09,2023-05-10,90
ZDI-23-563,ZDI-CAN-20361,Adobe,CVE-2023-29283,7.8,2023-05-10,,Adobe Substance 3D Painter USD File Parsing Heap-based Buffer Overflow Remote Code Execution Vulnerability,,Adobe,2023-02-09,2023-05-10,90
ZDI-23-562,ZDI-CAN-20362,Adobe,CVE-2023-29276,7.8,2023-05-10,,Adobe Substance 3D Painter USD File Parsing Out-Of-Bounds Write Remote Code Execution Vulnerability,,Adobe,2023-02-08,2023-05-10,91
ZDI-23-561,ZDI-CAN-20363,Adobe,CVE-2023-29275,7.8,2023-05-10,,Adobe Substance 3D Painter USD File Parsing Out-Of-Bounds Read Remote Code Execution Vulnerability,,Adobe,2023-02-08,2023-05-10,91
ZDI-23-560,ZDI-CAN-20364,Adobe,CVE-2023-29281,7.8,2023-05-10,,Adobe Substance 3D Painter USD File Parsing Out-Of-Bounds Read Remote Code Execution Vulnerability,,Adobe,2023-02-09,2023-05-10,90
ZDI-23-559,ZDI-CAN-20365,Adobe,CVE-2023-29284,7.8,2023-05-10,,Adobe Substance 3D Painter USDA File Parsing Stack-based Buffer Overflow Remote Code Execution Vulnerability,,Adobe,2023-02-09,2023-05-10,90
ZDI-23-558,ZDI-CAN-20366,Adobe,CVE-2023-29274,7.8,2023-05-10,,Adobe Substance 3D Painter USDC File Parsing Out-Of-Bounds Read Remote Code Execution Vulnerability,,Adobe,2023-02-08,2023-05-10,91
ZDI-23-557,ZDI-CAN-20367,Adobe,CVE-2023-29273,7.8,2023-05-10,,Adobe Substance 3D Painter USDC File Parsing Out-Of-Bounds Read Remote Code Execution Vulnerability,,Adobe,2023-02-07,2023-05-10,92
ZDI-23-546,ZDI-CAN-16664,Microsoft,CVE-2022-29108,8.8,2023-05-04,,Microsoft SharePoint Chart Deserialization of Untrusted Data Remote Code Execution Vulnerability,,Microsoft,2022-03-04,2023-05-04,426
ZDI-23-481,ZDI-CAN-19242,Microsoft,CVE-2022-26804,7.8,2023-04-24,,Microsoft Excel SKP File Parsing Use-After-Free Remote Code Execution Vulnerability,,Microsoft,2022-10-26,2023-04-24,180
ZDI-23-480,ZDI-CAN-19180,Microsoft,,7.8,2023-04-24,,Microsoft Excel SKP File Parsing Use-After-Free Remote Code Execution Vulnerability,,Microsoft,2022-10-20,2023-04-24,186
ZDI-23-479,ZDI-CAN-19179,Microsoft,,7.8,2023-04-24,,Microsoft Excel SKP File Parsing Out-Of-Bounds Read Remote Code Execution Vulnerability,,Microsoft,2022-10-20,2023-04-24,186
ZDI-23-478,ZDI-CAN-18374,Microsoft,CVE-2022-44692,7.8,2023-04-24,,Microsoft Excel 3MF File Parsing Use-After-Free Remote Code Execution Vulnerability,,Microsoft,2022-08-23,2023-04-24,244
ZDI-23-477,ZDI-CAN-18372,Microsoft,CVE-2022-44692,7.8,2023-04-24,,Microsoft Excel 3MF File Parsing Use-After-Free Remote Code Execution Vulnerability,,Microsoft,2022-08-23,2023-04-24,244
ZDI-23-476,ZDI-CAN-18079,Microsoft,CVE-2022-44697,6.5,2023-04-24,,Microsoft Windows win32kfull Null Pointer Dereference Denial-of-Service Vulnerability,,Microsoft,2022-08-23,2023-04-24,244
ZDI-23-475,ZDI-CAN-18078,Microsoft,CVE-2022-44697,6.5,2023-04-24,,Microsoft Windows win32kfull Null Pointer Dereference Denial-of-Service Vulnerability,,Microsoft,2022-08-19,2023-04-24,248
ZDI-23-474,ZDI-CAN-18077,Microsoft,CVE-2022-44697,6.5,2023-04-24,,Microsoft Windows win32kfull Null Pointer Dereference Denial-of-Service Vulnerability,,Microsoft,2022-08-19,2023-04-24,248
ZDI-23-473,ZDI-CAN-18076,Microsoft,CVE-2022-44697,6.5,2023-04-24,,Microsoft Windows win32kfull Null Pointer Dereference Denial-of-Service Vulnerability,,Microsoft,2022-08-19,2023-04-24,248
ZDI-23-472,ZDI-CAN-18075,Microsoft,CVE-2022-44697,6.5,2023-04-24,,Microsoft Windows win32kfull Null Pointer Dereference Denial-of-Service Vulnerability,,Microsoft,2022-08-19,2023-04-24,248
ZDI-23-471,ZDI-CAN-18074,Microsoft,CVE-2022-44697,6.5,2023-04-24,,Microsoft Windows win32kfull Null Pointer Dereference Denial-of-Service Vulnerability,,Microsoft,2022-08-19,2023-04-24,248
ZDI-23-470,ZDI-CAN-18073,Microsoft,CVE-2022-44697,6.5,2023-04-24,,Microsoft Windows win32kfull Null Pointer Dereference Denial-of-Service Vulnerability,,Microsoft,2022-08-19,2023-04-24,248
ZDI-23-469,ZDI-CAN-18072,Microsoft,CVE-2022-44697,6.5,2023-04-24,,Microsoft Windows win32kfull Null Pointer Dereference Denial-of-Service Vulnerability,,Microsoft,2022-08-19,2023-04-24,248
ZDI-23-468,ZDI-CAN-18071,Microsoft,CVE-2022-44697,6.5,2023-04-24,,Microsoft Windows win32kfull Null Pointer Dereference Denial-of-Service Vulnerability,,Microsoft,2022-08-19,2023-04-24,248
ZDI-23-467,ZDI-CAN-17967,Microsoft,CVE-2022-44697,6.5,2023-04-24,,Microsoft Windows win32kfull Null Pointer Dereference Denial-of-Service Vulnerability,,Microsoft,2022-08-18,2023-04-24,249
ZDI-23-466,ZDI-CAN-17954,Microsoft,CVE-2022-44697,6.5,2023-04-24,,Microsoft Windows win32kfull Null Pointer Dereference Denial-of-Service Vulnerability,,Microsoft,2022-08-19,2023-04-24,248
ZDI-23-465,ZDI-CAN-17952,Microsoft,CVE-2022-44697,6.5,2023-04-24,,Microsoft Windows win32kfull Null Pointer Dereference Denial-of-Service Vulnerability,,Microsoft,2022-08-19,2023-04-24,248
ZDI-23-464,ZDI-CAN-17951,Microsoft,CVE-2022-44697,6.5,2023-04-24,,Microsoft Windows win32kfull Null Pointer Dereference Denial-of-Service Vulnerability,,Microsoft,2022-08-19,2023-04-24,248
ZDI-23-463,ZDI-CAN-17950,Microsoft,CVE-2022-44697,6.5,2023-04-24,,Microsoft Windows win32kfull Null Pointer Dereference Denial-of-Service Vulnerability,,Microsoft,2022-08-19,2023-04-24,248
ZDI-23-462,ZDI-CAN-16761,Microsoft,CVE-2022-24542,8.8,2023-04-24,,Microsoft Windows win32kfull UMPDDrvEscape Use-After-Free Local Privilege Escalation Vulnerability,,Microsoft,2022-03-30,2023-04-24,390
ZDI-23-461,ZDI-CAN-16763,Microsoft,CVE-2022-24542,8.8,2023-04-24,,Microsoft Windows win32kfull UMPDDrvLineTo Use-After-Free Local Privilege Escalation Vulnerability,,Microsoft,2022-03-30,2023-04-24,390
ZDI-23-460,ZDI-CAN-16759,Microsoft,CVE-2022-24542,8.8,2023-04-24,,Microsoft Windows win32kfull UMPDDrvNextBand Use-After-Free Local Privilege Escalation Vulnerability,,Microsoft,2022-03-30,2023-04-24,390
ZDI-23-459,ZDI-CAN-16758,Microsoft,CVE-2022-24542,8.8,2023-04-24,,Microsoft Windows win32kfull UMPDDrvQueryPerBandInfo Use-After-Free Local Privilege Escalation Vulnerability,,Microsoft,2022-03-30,2023-04-24,390
ZDI-23-436,ZDI-CAN-18891,Adobe,CVE-2023-21577,3.3,2023-04-12,,Adobe Photoshop Font Parsing Out-Of-Bounds Read Information Disclosure Vulnerability,,Adobe,2022-09-22,2023-04-12,202
ZDI-23-435,ZDI-CAN-19833,Adobe,CVE-2023-26424,7.8,2023-04-12,,Adobe Acrobat Reader DC PDF Parsing Use-After-Free Remote Code Execution Vulnerability,,Adobe,2023-01-20,2023-04-12,82
ZDI-23-434,ZDI-CAN-20583,Adobe,CVE-2023-26417,7.8,2023-04-12,,Adobe Acrobat Reader DC Popup Use-After-Free Remote Code Execution Vulnerability,,Adobe,2023-03-15,2023-04-12,28
ZDI-23-433,ZDI-CAN-20176,Adobe,CVE-2023-26422,7.8,2023-04-12,,Adobe Acrobat Reader DC AcroForm deleteItemAt Use-After-Free Remote Code Execution Vulnerability,,Adobe,2023-02-08,2023-04-12,63
ZDI-23-432,ZDI-CAN-20160,Adobe,CVE-2023-26423,7.8,2023-04-12,,Adobe Acrobat Reader DC AcroForm insertItemAt Use-After-Free Remote Code Execution Vulnerability,,Adobe,2023-02-08,2023-04-12,63
ZDI-23-431,ZDI-CAN-20227,Adobe,CVE-2023-26420,7.8,2023-04-12,,Adobe Acrobat Reader DC AcroForm addField Use-After-Free Remote Code Execution Vulnerability,,Adobe,2023-02-09,2023-04-12,62
ZDI-23-430,ZDI-CAN-19832,Adobe,CVE-2023-26421,7.8,2023-04-12,,Adobe Acrobat Reader DC Doc Object Integer Underflow Remote Code Execution Vulnerability,,Adobe,2023-02-08,2023-04-12,63
ZDI-23-429,ZDI-CAN-20274,Adobe,CVE-2023-26419,7.8,2023-04-12,,Adobe Acrobat Reader DC AcroForm removeField Use-After-Free Remote Code Execution Vulnerability,,Adobe,2023-02-09,2023-04-12,62
ZDI-23-428,ZDI-CAN-20311,Adobe,CVE-2023-26418,7.8,2023-04-12,,Adobe Acrobat Reader DC AcroForm exportAsFDFStr Use-After-Free Remote Code Execution Vulnerability,,Adobe,2023-02-09,2023-04-12,62
ZDI-23-427,ZDI-CAN-19854,Adobe,CVE-2023-26425,7.8,2023-04-12,,Adobe Acrobat Reader DC Annotation Out-Of-Bounds Read Remote Code Execution Vulnerability,,Adobe,2023-01-20,2023-04-12,82
ZDI-23-426,ZDI-CAN-20318,Adobe,CVE-2023-26416,7.8,2023-04-12,,Adobe Substance 3D Designer DAE File Parsing Heap-based Buffer Overflow Remote Code Execution Vulnerability,,Adobe,2023-01-26,2023-04-12,76
ZDI-23-425,ZDI-CAN-20317,Adobe,CVE-2023-26415,7.8,2023-04-12,,Adobe Substance 3D Designer DAE File Parsing Out-Of-Bounds Write Remote Code Execution Vulnerability,,Adobe,2023-01-26,2023-04-12,76
ZDI-23-424,ZDI-CAN-20315,Adobe,CVE-2023-26413,7.8,2023-04-12,,Adobe Substance 3D Designer USD File Parsing Heap-based Buffer Overflow Remote Code Execution Vulnerability,,Adobe,2023-01-26,2023-04-12,76
ZDI-23-423,ZDI-CAN-20312,Adobe,CVE-2023-26411,7.8,2023-04-12,,Adobe Substance 3D Designer USDC File Parsing Out-Of-Bounds Read Remote Code Execution Vulnerability,,Adobe,2023-01-26,2023-04-12,76
ZDI-23-422,ZDI-CAN-20259,Adobe,CVE-2023-26403,3.3,2023-04-12,,Adobe Substance 3D Stager USD File Parsing Out-Of-Bounds Read Information Disclosure Vulnerability,,Adobe,2023-01-26,2023-04-12,76
ZDI-23-421,ZDI-CAN-20258,Adobe,CVE-2023-26389,7.8,2023-04-12,,Adobe Substance 3D Stager USDC File Parsing Out-Of-Bounds Read Remote Code Execution Vulnerability,,Adobe,2023-01-26,2023-04-12,76
ZDI-23-420,ZDI-CAN-20256,Adobe,CVE-2023-26391,7.8,2023-04-12,,Adobe Substance 3D Stager USD File Parsing Out-Of-Bounds Read Remote Code Execution Vulnerability,,Adobe,2023-01-26,2023-04-12,76
ZDI-23-419,ZDI-CAN-20255,Adobe,CVE-2023-26390,7.8,2023-04-12,,Adobe Substance 3D Stager USDA File Parsing Stack-based Buffer Overflow Remote Code Execution Vulnerability,,Adobe,2023-01-26,2023-04-12,76
ZDI-23-418,ZDI-CAN-20237,Adobe,CVE-2023-26402,7.8,2023-04-12,,Adobe Substance 3D Stager USD File Parsing Out-Of-Bounds Read Remote Code Execution Vulnerability,,Adobe,2023-01-26,2023-04-12,76
ZDI-23-417,ZDI-CAN-20236,Adobe,CVE-2023-26394,7.8,2023-04-12,,Adobe Substance 3D Stager USD File Parsing Heap-based Buffer Overflow Remote Code Execution Vulnerability,,Adobe,2023-01-26,2023-04-12,76
ZDI-23-416,ZDI-CAN-20235,Adobe,CVE-2023-26392,7.8,2023-04-12,,Adobe Substance 3D Stager USD File Parsing Use-After-Free Remote Code Execution Vulnerability,,Adobe,2023-01-26,2023-04-12,76
ZDI-23-415,ZDI-CAN-20234,Adobe,CVE-2023-26393,7.8,2023-04-12,,Adobe Substance 3D Stager USD File Parsing Out-Of-Bounds Read Remote Code Execution Vulnerability,,Adobe,2023-01-26,2023-04-12,76
ZDI-23-414,ZDI-CAN-20286,Adobe,CVE-2023-26388,7.8,2023-04-12,,Adobe Substance 3D Stager USDZ File Parsing Memory Corruption Remote Code Execution Vulnerability,,Adobe,2023-01-26,2023-04-12,76
ZDI-23-413,ZDI-CAN-20279,Adobe,CVE-2023-26384,7.8,2023-04-12,,Adobe Substance 3D Stager USD File Parsing Use-After-Free Remote Code Execution Vulnerability,,Adobe,2023-01-26,2023-04-12,76
ZDI-23-412,ZDI-CAN-20267,Adobe,CVE-2023-26385,3.3,2023-04-12,,Adobe Substance 3D Stager USD File Parsing Out-Of-Bounds Read Information Disclosure Vulnerability,,Adobe,2023-01-26,2023-04-12,76
ZDI-23-411,ZDI-CAN-20266,Adobe,CVE-2023-26386,3.3,2023-04-12,,Adobe Substance 3D Stager USDC File Parsing Uninitialized Variable Information Disclosure Vulnerability,,Adobe,2023-01-26,2023-04-12,76
ZDI-23-410,ZDI-CAN-20287,Adobe,CVE-2023-26383,7.8,2023-04-12,,Adobe Substance 3D Stager USDA File Parsing Stack-based Buffer Overflow Remote Code Execution Vulnerability,,Adobe,2023-01-26,2023-04-12,76
ZDI-23-409,ZDI-CAN-20309,Adobe,CVE-2023-26410,7.8,2023-04-12,,Adobe Substance 3D Designer USD File Parsing Use-After-Free Remote Code Execution Vulnerability,,Adobe,2023-01-26,2023-04-12,76
ZDI-23-408,ZDI-CAN-20265,Adobe,CVE-2023-26387,3.3,2023-04-12,,Adobe Substance 3D Stager USDC File Parsing Uninitialized Variable Information Disclosure Vulnerability,,Adobe,2023-01-26,2023-04-12,76
ZDI-23-407,ZDI-CAN-20316,Adobe,CVE-2023-26414,7.8,2023-04-12,,Adobe Substance 3D Designer USD File Parsing Use-After-Free Remote Code Execution Vulnerability,,Adobe,2023-01-26,2023-04-12,76
ZDI-23-406,ZDI-CAN-20314,Adobe,CVE-2023-26412,7.8,2023-04-12,,Adobe Substance 3D Designer USDA File Parsing Stack-based Buffer Overflow Remote Code Execution Vulnerability,,Adobe,2023-01-26,2023-04-12,76
ZDI-23-405,ZDI-CAN-20313,Adobe,CVE-2023-26409,7.8,2023-04-12,,Adobe Substance 3D Designer USD File Parsing Out-Of-Bounds Read Remote Code Execution Vulnerability,,Adobe,2023-01-26,2023-04-12,76
ZDI-23-404,ZDI-CAN-20310,Adobe,CVE-2023-26398,7.8,2023-04-12,,Adobe Substance 3D Designer USDC File Parsing Out-Of-Bounds Read Remote Code Execution Vulnerability,,Adobe,2023-01-26,2023-04-12,76
ZDI-23-403,ZDI-CAN-20231,Adobe,CVE-2023-26375,3.3,2023-04-12,,Adobe Dimension USD File Parsing Out-Of-Bounds Read Information Disclosure Vulnerability,,Adobe,2023-01-20,2023-04-12,82
ZDI-23-402,ZDI-CAN-20284,Adobe,CVE-2023-26372,7.8,2023-04-12,,Adobe Dimension USDZ File Parsing Out-Of-Bounds Write Remote Code Execution Vulnerability,,Adobe,2023-01-26,2023-04-12,76
ZDI-23-401,ZDI-CAN-20278,Adobe,CVE-2023-26401,3.3,2023-04-12,,Adobe Dimension USD File Parsing Out-Of-Bounds Read Information Disclosure Vulnerability,,Adobe,2023-01-26,2023-04-12,76
ZDI-23-400,ZDI-CAN-20143,Adobe,CVE-2023-26404,3.3,2023-04-12,,Adobe Dimension USD File Parsing Out-Of-Bounds Read Information Disclosure Vulnerability,,Adobe,2023-01-20,2023-04-12,82
ZDI-23-399,ZDI-CAN-20233,Adobe,CVE-2023-26379,3.3,2023-04-12,,Adobe Dimension USD File Parsing Out-Of-Bounds Read Information Disclosure Vulnerability,,Adobe,2023-01-20,2023-04-12,82
ZDI-23-398,ZDI-CAN-20232,Adobe,CVE-2023-26400,3.3,2023-04-12,,Adobe Dimension USD File Parsing Out-Of-Bounds Read Information Disclosure Vulnerability,,Adobe,2023-01-20,2023-04-12,82
ZDI-23-397,ZDI-CAN-20148,Adobe,CVE-2023-26378,3.3,2023-04-12,,Adobe Dimension USD File Parsing Out-Of-Bounds Read Information Disclosure Vulnerability,,Adobe,2023-01-20,2023-04-12,82
ZDI-23-396,ZDI-CAN-20156,Adobe,CVE-2023-26382,3.3,2023-04-12,,Adobe Dimension USD File Parsing Out-Of-Bounds Read Information Disclosure Vulnerability,,Adobe,2023-01-20,2023-04-12,82
ZDI-23-395,ZDI-CAN-20155,Adobe,CVE-2023-26376,3.3,2023-04-12,,Adobe Dimension USD File Parsing Out-Of-Bounds Read Information Disclosure Vulnerability,,Adobe,2023-01-20,2023-04-12,82
ZDI-23-394,ZDI-CAN-20151,Adobe,CVE-2023-26377,3.3,2023-04-12,,Adobe Dimension USD File Parsing Out-Of-Bounds Read Information Disclosure Vulnerability,,Adobe,2023-01-20,2023-04-12,82
ZDI-23-393,ZDI-CAN-20150,Adobe,CVE-2023-26380,3.3,2023-04-12,,Adobe Dimension USD File Parsing Out-Of-Bounds Read Information Disclosure Vulnerability,,Adobe,2023-01-20,2023-04-12,82
ZDI-23-392,ZDI-CAN-20147,Adobe,CVE-2023-26381,3.3,2023-04-12,,Adobe Dimension USD File Parsing Out-Of-Bounds Read Information Disclosure Vulnerability,,Adobe,2023-01-20,2023-04-12,82
ZDI-23-391,ZDI-CAN-20045,Adobe,CVE-2023-26374,7.8,2023-04-12,,Adobe Dimension USD File Parsing Out-Of-Bounds Read Remote Code Execution Vulnerability,,Adobe,2023-01-11,2023-04-12,91
ZDI-23-390,ZDI-CAN-18255,Adobe,CVE-2023-21582,7.8,2023-04-12,,Adobe Digital Editions PDF File Parsing Out-Of-Bounds Write Remote Code Execution Vulnerability,,Adobe,2022-08-08,2023-04-12,247
ZDI-23-385,ZDI-CAN-20725,Microsoft,CVE-2023-28285,7.8,2023-04-11,,Microsoft Office Word SKP File Parsing Use-After-Free Remote Code Execution Vulnerability,,Microsoft,2023-03-16,2023-04-11,26
ZDI-23-384,ZDI-CAN-20574,Microsoft,CVE-2023-28311,7.8,2023-04-11,,Microsoft Office Word DOCX File Parsing Out-Of-Bounds Write Remote Code Execution Vulnerability,,Microsoft,2023-03-15,2023-04-11,27
ZDI-23-383,ZDI-CAN-20475,Microsoft,CVE-2023-28227,7.6,2023-04-11,,Microsoft Windows Bluetooth BNEP Protocol Out-Of-Bounds Write Remote Code Execution Vulnerability,,Microsoft,2023-03-10,2023-04-11,32
ZDI-23-382,ZDI-CAN-20506,Microsoft,CVE-2023-28288,7.1,2023-04-11,,Microsoft SharePoint WSSXmlUrlResolver Server-Side Request Forgery Vulnerability,,Microsoft,2023-02-14,2023-04-11,56
ZDI-23-381,ZDI-CAN-19598,Microsoft,CVE-2023-28267,4.3,2023-04-11,,Microsoft Windows Remote Desktop Connection Uninitialized Variable Information Disclosure Vulnerability,,Microsoft,2023-01-10,2023-04-11,91
ZDI-23-380,ZDI-CAN-19403,Microsoft,CVE-2023-28312,6.5,2023-04-11,,Microsoft Azure Machine Learning Service DSIMountAgent Missing Authentication Information Disclosure Vulnerability,,Microsoft,2022-12-16,2023-04-11,116
ZDI-23-378,ZDI-CAN-18935,Microsoft,CVE-2023-21758,5.3,2023-03-31,,Microsoft Windows IKEEXT Service Vendor ID Null Pointer Dereference Denial-of-Service Vulnerability,,Microsoft,2022-12-02,2023-03-31,119
ZDI-23-376,ZDI-CAN-19243,Microsoft,,3.3,2023-03-31,,Microsoft Excel SKP File Parsing Out-Of-Bounds Read Information Disclosure Vulnerability,,Microsoft,2022-10-26,2023-03-31,156
ZDI-23-375,ZDI-CAN-19010,Microsoft,,3.3,2023-03-31,,Microsoft 3D Builder GLB File Parsing Out-Of-Bounds Read Information Disclosure Vulnerability,,Microsoft,2022-09-30,2023-03-31,182
ZDI-23-374,ZDI-CAN-19006,Microsoft,,6.6,2023-03-31,,Microsoft 3D Builder WRL File Parsing Out-Of-Bounds Read Remote Code Execution Vulnerability,,Microsoft,2022-09-30,2023-03-31,182
ZDI-23-373,ZDI-CAN-19028,Microsoft,,6.6,2023-03-31,,Microsoft Print 3D WRL File Parsing Out-Of-Bounds Read Remote Code Execution Vulnerability,,Microsoft,2022-09-30,2023-03-31,182
ZDI-23-372,ZDI-CAN-19012,Microsoft,,3.3,2023-03-31,,Microsoft 3D Builder GLB File Parsing Use-After-Free Information Disclosure Vulnerability,,Microsoft,2022-09-30,2023-03-31,182
ZDI-23-371,ZDI-CAN-19011,Microsoft,,3.3,2023-03-31,,Microsoft 3D Builder GLTF File Parsing Out-Of-Bounds Read Information Disclosure Vulnerability,,Microsoft,2022-10-04,2023-03-31,178
ZDI-23-370,ZDI-CAN-19031,Microsoft,CVE-2023-23378,3.3,2023-03-31,,Microsoft Print 3D OBJ File Parsing Out-Of-Bounds Read Information Disclosure Vulnerability,,Microsoft,2022-10-04,2023-03-31,178
ZDI-23-369,ZDI-CAN-19030,Microsoft,CVE-2023-23378,6.6,2023-03-31,,Microsoft Print 3D WRL File Parsing Out-Of-Bounds Write Remote Code Execution Vulnerability,,Microsoft,2022-09-30,2023-03-31,182
ZDI-23-368,ZDI-CAN-19021,Microsoft,CVE-2023-23390,6.6,2023-03-31,,Microsoft Print 3D OBJ File Parsing Memory Corruption Remote Code Execution Vulnerability,,Microsoft,2022-09-30,2023-03-31,182
ZDI-23-367,ZDI-CAN-19020,Microsoft,CVE-2023-23378,6.6,2023-03-31,,Microsoft Print 3D OBJ File Parsing Memory Corruption Remote Code Execution Vulnerability,,Microsoft,2022-10-04,2023-03-31,178
ZDI-23-366,ZDI-CAN-19133,Microsoft,CVE-2023-21782,5.3,2023-03-31,,Microsoft 3D Builder GLB File Parsing Out-Of-Bounds Read Remote Code Execution Vulnerability,,Microsoft,2022-10-13,2023-03-31,169
ZDI-23-365,ZDI-CAN-19132,Microsoft,CVE-2023-21780,3.3,2023-03-31,,Microsoft 3D Builder GLTF File Parsing Out-Of-Bounds Read Information Disclosure Vulnerability,,Microsoft,2022-10-13,2023-03-31,169
ZDI-23-364,ZDI-CAN-19034,Microsoft,,6.6,2023-03-31,,Microsoft 3D Builder PLY File Parsing Out-Of-Bounds Read Remote Code Execution Vulnerability,,Microsoft,2022-09-30,2023-03-31,182
ZDI-23-363,ZDI-CAN-19019,Microsoft,,3.3,2023-03-31,,Microsoft 3D Builder OBJ File Parsing Out-Of-Bounds Read Information Disclosure Vulnerability,,Microsoft,2022-09-30,2023-03-31,182
ZDI-23-362,ZDI-CAN-19013,Microsoft,,3.3,2023-03-31,,Microsoft 3D Builder GLTF File Parsing Out-Of-Bounds Read Information Disclosure Vulnerability,,Microsoft,2022-09-30,2023-03-31,182
ZDI-23-361,ZDI-CAN-19002,Microsoft,,6.6,2023-03-31,,Microsoft 3D Builder PLY File Parsing Use-After-Free Remote Code Execution Vulnerability,,Microsoft,2022-09-30,2023-03-31,182
ZDI-23-360,ZDI-CAN-18997,Microsoft,,6.6,2023-03-31,,Microsoft 3D Builder GLTF File Parsing Memory Corruption Remote Code Execution Vulnerability,,Microsoft,2022-09-30,2023-03-31,182
ZDI-23-321,ZDI-CAN-19506,Adobe,CVE-2023-26356,3.3,2023-03-16,,Adobe Dimension USD File Parsing Out-Of-Bounds Read Information Disclosure Vulnerability,,Adobe,2022-11-18,2023-03-16,118
ZDI-23-320,ZDI-CAN-19512,Adobe,CVE-2023-26355,3.3,2023-03-16,,Adobe Dimension USD File Parsing Out-Of-Bounds Read Information Disclosure Vulnerability,,Adobe,2022-11-18,2023-03-16,118
ZDI-23-319,ZDI-CAN-19519,Adobe,CVE-2023-26354,3.3,2023-03-16,,Adobe Dimension USD File Parsing Out-Of-Bounds Read Information Disclosure Vulnerability,,Adobe,2022-11-18,2023-03-16,118
ZDI-23-318,ZDI-CAN-19511,Adobe,CVE-2023-26353,3.3,2023-03-16,,Adobe Dimension USD File Parsing Out-Of-Bounds Read Information Disclosure Vulnerability,,Adobe,2022-11-18,2023-03-16,118
ZDI-23-317,ZDI-CAN-19509,Adobe,CVE-2023-26352,3.3,2023-03-16,,Adobe Dimension USD File Parsing Out-Of-Bounds Read Information Disclosure Vulnerability,,Adobe,2022-11-18,2023-03-16,118
ZDI-23-316,ZDI-CAN-19507,Adobe,CVE-2023-26351,3.3,2023-03-16,,Adobe Dimension USD File Parsing Out-Of-Bounds Read Information Disclosure Vulnerability,,Adobe,2022-11-18,2023-03-16,118
ZDI-23-315,ZDI-CAN-19510,Adobe,CVE-2023-26350,3.3,2023-03-16,,Adobe Dimension USD File Parsing Out-Of-Bounds Read Information Disclosure Vulnerability,,Adobe,2022-11-18,2023-03-16,118
ZDI-23-314,ZDI-CAN-20218,Adobe,CVE-2023-26349,3.3,2023-03-16,,Adobe Dimension USDZ File Parsing Use-After-Free Information Disclosure Vulnerability,,Adobe,2023-01-26,2023-03-16,49
ZDI-23-313,ZDI-CAN-19518,Adobe,CVE-2023-26348,3.3,2023-03-16,,Adobe Dimension USD File Parsing Out-Of-Bounds Read Information Disclosure Vulnerability,,Adobe,2022-11-16,2023-03-16,120
ZDI-23-312,ZDI-CAN-19495,Adobe,CVE-2023-26346,3.3,2023-03-16,,Adobe Dimension USD File Parsing Out-Of-Bounds Read Information Disclosure Vulnerability,,Adobe,2022-11-11,2023-03-16,125
ZDI-23-311,ZDI-CAN-19494,Adobe,CVE-2023-26345,3.3,2023-03-16,,Adobe Dimension USD File Parsing Out-Of-Bounds Read Information Disclosure Vulnerability,,Adobe,2022-11-11,2023-03-16,125
ZDI-23-310,ZDI-CAN-19467,Adobe,CVE-2023-26344,3.3,2023-03-16,,Adobe Dimension USD File Parsing Uninitialized Variable Information Disclosure Vulnerability,,Adobe,2022-11-09,2023-03-16,127
ZDI-23-309,ZDI-CAN-19465,Adobe,CVE-2023-26343,3.3,2023-03-16,,Adobe Dimension USD File Parsing Out-Of-Bounds Read Information Disclosure Vulnerability,,Adobe,2022-11-09,2023-03-16,127
ZDI-23-308,ZDI-CAN-19413,Adobe,CVE-2023-26342,3.3,2023-03-16,,Adobe Dimension GLB File Parsing Out-Of-Bounds Read Information Disclosure Vulnerability,,Adobe,2022-11-04,2023-03-16,132
ZDI-23-307,ZDI-CAN-19391,Adobe,CVE-2023-26341,3.3,2023-03-16,,Adobe Dimension USD File Parsing Out-Of-Bounds Read Information Disclosure Vulnerability,,Adobe,2022-11-04,2023-03-16,132
ZDI-23-306,ZDI-CAN-19387,Adobe,CVE-2023-26340,3.3,2023-03-16,,Adobe Dimension OBJ File Parsing Out-Of-Bounds Read Information Disclosure Vulnerability,,Adobe,2022-11-04,2023-03-16,132
ZDI-23-305,ZDI-CAN-19388,Adobe,CVE-2023-26339,3.3,2023-03-16,,Adobe Dimension OBJ File Parsing Out-Of-Bounds Read Information Disclosure Vulnerability,,Adobe,2022-11-04,2023-03-16,132
ZDI-23-304,ZDI-CAN-19410,Adobe,CVE-2023-26338,3.3,2023-03-16,,Adobe Dimension USD File Parsing Out-Of-Bounds Read Information Disclosure Vulnerability,,Adobe,2022-11-04,2023-03-16,132
ZDI-23-303,ZDI-CAN-20285,Adobe,CVE-2023-26337,7.8,2023-03-16,,Adobe Dimension USDA File Parsing Stack-based Buffer Overflow Remote Code Execution Vulnerability,,Adobe,2023-01-26,2023-03-16,49
ZDI-23-302,ZDI-CAN-20275,Adobe,CVE-2023-26336,7.8,2023-03-16,,Adobe Dimension USD File Parsing Use-After-Free Remote Code Execution Vulnerability,,Adobe,2023-01-26,2023-03-16,49
ZDI-23-301,ZDI-CAN-20215,Adobe,CVE-2023-26335,7.8,2023-03-16,,Adobe Dimension USDC File Parsing Out-Of-Bounds Read Remote Code Execution Vulnerability,,Adobe,2023-01-20,2023-03-16,55
ZDI-23-300,ZDI-CAN-20149,Adobe,CVE-2023-26334,3.3,2023-03-16,,Adobe Dimension USD File Parsing Uninitialized Pointer Information Disclosure Vulnerability,,Adobe,2023-01-20,2023-03-16,55
ZDI-23-299,ZDI-CAN-20214,Adobe,CVE-2023-26333,7.8,2023-03-16,,Adobe Dimension USDC File Parsing Out-Of-Bounds Read Remote Code Execution Vulnerability,,Adobe,2023-01-20,2023-03-16,55
ZDI-23-298,ZDI-CAN-20144,Adobe,CVE-2023-26332,3.3,2023-03-16,,Adobe Dimension USD File Parsing Out-Of-Bounds Read Information Disclosure Vulnerability,,Adobe,2023-01-20,2023-03-16,55
ZDI-23-297,ZDI-CAN-20145,Adobe,CVE-2023-26331,3.3,2023-03-16,,Adobe Dimension USD File Parsing Out-Of-Bounds Read Information Disclosure Vulnerability,,Adobe,2023-01-20,2023-03-16,55
ZDI-23-296,ZDI-CAN-20146,Adobe,CVE-2023-26330,7.8,2023-03-16,,Adobe Dimension USD File Parsing Out-Of-Bounds Write Remote Code Execution Vulnerability,,Adobe,2023-01-20,2023-03-16,55
ZDI-23-295,ZDI-CAN-20213,Adobe,CVE-2023-26329,3.3,2023-03-16,,Adobe Dimension OBJ File Parsing Out-Of-Bounds Read Information Disclosure Vulnerability,,Adobe,2023-01-20,2023-03-16,55
ZDI-23-294,ZDI-CAN-20212,Adobe,CVE-2023-26328,7.8,2023-03-16,,Adobe Dimension USD File Parsing Out-Of-Bounds Write Remote Code Execution Vulnerability,,Adobe,2023-01-20,2023-03-16,55
ZDI-23-293,ZDI-CAN-20217,Adobe,CVE-2023-26327,3.3,2023-03-16,,Adobe Dimension GLTF File Parsing Out-Of-Bounds Read Information Disclosure Vulnerability,,Adobe,2023-01-20,2023-03-16,55
ZDI-23-292,ZDI-CAN-20216,Adobe,CVE-2023-25907,7.8,2023-03-16,,Adobe Dimension USD File Parsing Out-Of-Bounds Read Remote Code Execution Vulnerability,,Adobe,2023-01-20,2023-03-16,55
ZDI-23-291,ZDI-CAN-20046,Adobe,CVE-2023-25906,7.8,2023-03-16,,Adobe Dimension USD File Parsing Out-Of-Bounds Read Remote Code Execution Vulnerability,,Adobe,2023-01-11,2023-03-16,64
ZDI-23-290,ZDI-CAN-19560,Adobe,CVE-2023-25902,7.8,2023-03-16,,Adobe Dimension USD File Parsing Out-Of-Bounds Read Remote Code Execution Vulnerability,,Adobe,2022-11-18,2023-03-16,118
ZDI-23-289,ZDI-CAN-19508,Adobe,CVE-2023-25901,7.8,2023-03-16,,Adobe Dimension USD File Parsing Memory Corruption Remote Code Execution Vulnerability,,Adobe,2022-11-18,2023-03-16,118
ZDI-23-288,ZDI-CAN-19559,Adobe,CVE-2023-25900,7.8,2023-03-16,,Adobe Dimension USD File Parsing Out-Of-Bounds Read Remote Code Execution Vulnerability,,Adobe,2022-11-18,2023-03-16,118
ZDI-23-287,ZDI-CAN-19522,Adobe,CVE-2023-25899,7.8,2023-03-16,,Adobe Dimension USD File Parsing Use-After-Free Remote Code Execution Vulnerability,,Adobe,2022-11-18,2023-03-16,118
ZDI-23-286,ZDI-CAN-19521,Adobe,CVE-2023-25898,7.8,2023-03-16,,Adobe Dimension USD File Parsing Heap-based Buffer Overflow Remote Code Execution Vulnerability,,Adobe,2022-11-18,2023-03-16,118
ZDI-23-285,ZDI-CAN-19520,Adobe,CVE-2023-25897,7.8,2023-03-16,,Adobe Dimension USD File Parsing Heap-based Buffer Overflow Remote Code Execution Vulnerability,,Adobe,2022-11-18,2023-03-16,118
ZDI-23-284,ZDI-CAN-19541,Adobe,CVE-2023-25896,7.8,2023-03-16,,Adobe Dimension USD File Parsing Use-After-Free Remote Code Execution Vulnerability,,Adobe,2022-11-16,2023-03-16,120
ZDI-23-283,ZDI-CAN-19540,Adobe,CVE-2023-25895,7.8,2023-03-16,,Adobe Dimension USD File Parsing Heap-based Buffer Overflow Remote Code Execution Vulnerability,,Adobe,2022-11-16,2023-03-16,120
ZDI-23-282,ZDI-CAN-19543,Adobe,CVE-2023-25894,7.8,2023-03-16,,Adobe Dimension USD File Parsing Use-After-Free Remote Code Execution Vulnerability,,Adobe,2022-11-16,2023-03-16,120
ZDI-23-281,ZDI-CAN-19539,Adobe,CVE-2023-25893,7.8,2023-03-16,,Adobe Dimension USD File Parsing Use-After-Free Remote Code Execution Vulnerability,,Adobe,2022-11-16,2023-03-16,120
ZDI-23-280,ZDI-CAN-19523,Adobe,CVE-2023-25892,7.8,2023-03-16,,Adobe Dimension USD File Parsing Out-Of-Bounds Read Remote Code Execution Vulnerability,,Adobe,2022-11-16,2023-03-16,120
ZDI-23-279,ZDI-CAN-19542,Adobe,CVE-2023-25891,7.8,2023-03-16,,Adobe Dimension USD File Parsing Out-Of-Bounds Read Remote Code Execution Vulnerability,,Adobe,2022-11-16,2023-03-16,120
ZDI-23-278,ZDI-CAN-19493,Adobe,CVE-2023-25890,7.8,2023-03-16,,Adobe Dimension USD File Parsing Heap-based Buffer Overflow Remote Code Execution Vulnerability,,Adobe,2022-11-11,2023-03-16,125
ZDI-23-277,ZDI-CAN-19466,Adobe,CVE-2023-25889,7.8,2023-03-16,,Adobe Dimension USD File Parsing Out-Of-Bounds Read Remote Code Execution Vulnerability,,Adobe,2022-11-09,2023-03-16,127
ZDI-23-276,ZDI-CAN-19451,Adobe,CVE-2023-25888,7.8,2023-03-16,,Adobe Dimension USD File Parsing Out-Of-Bounds Read Remote Code Execution Vulnerability,,Adobe,2022-11-09,2023-03-16,127
ZDI-23-275,ZDI-CAN-19450,Adobe,CVE-2023-25887,7.8,2023-03-16,,Adobe Dimension USD File Parsing Out-Of-Bounds Read Remote Code Execution Vulnerability,,Adobe,2022-11-09,2023-03-16,127
ZDI-23-274,ZDI-CAN-19452,Adobe,CVE-2023-25886,7.8,2023-03-16,,Adobe Dimension USD File Parsing Out-Of-Bounds Read Remote Code Execution Vulnerability,,Adobe,2022-11-09,2023-03-16,127
ZDI-23-273,ZDI-CAN-19480,Adobe,CVE-2023-25885,7.8,2023-03-16,,Adobe Dimension USD File Parsing Heap-based Buffer Overflow Remote Code Execution Vulnerability,,Adobe,2022-11-09,2023-03-16,127
ZDI-23-272,ZDI-CAN-19411,Adobe,CVE-2023-25884,7.8,2023-03-16,,Adobe Dimension GLTF File Parsing Out-Of-Bounds Read Remote Code Execution Vulnerability,,Adobe,2022-11-04,2023-03-16,132
ZDI-23-271,ZDI-CAN-19386,Adobe,CVE-2023-25883,7.8,2023-03-16,,Adobe Dimension FBX File Parsing Heap-based Buffer Overflow Remote Code Execution Vulnerability,,Adobe,2022-11-04,2023-03-16,132
ZDI-23-270,ZDI-CAN-19385,Adobe,CVE-2023-25882,7.8,2023-03-16,,Adobe Dimension OBJ File Parsing Heap-based Buffer Overflow Remote Code Execution Vulnerability,,Adobe,2022-11-04,2023-03-16,132
ZDI-23-269,ZDI-CAN-19390,Adobe,CVE-2023-25881,7.8,2023-03-16,,Adobe Dimension OBJ File Parsing Memory Corruption Remote Code Execution Vulnerability,,Adobe,2022-11-04,2023-03-16,132
ZDI-23-268,ZDI-CAN-19412,Adobe,CVE-2023-25880,7.8,2023-03-16,,Adobe Dimension GLTF File Parsing Out-Of-Bounds Write Remote Code Execution Vulnerability,,Adobe,2022-11-04,2023-03-16,132
ZDI-23-267,ZDI-CAN-19389,Adobe,CVE-2023-25879,7.8,2023-03-16,,Adobe Dimension OBJ File Parsing Memory Corruption Remote Code Execution Vulnerability,,Adobe,2022-11-04,2023-03-16,132
ZDI-23-266,ZDI-CAN-20031,Adobe,CVE-2023-25905,7.8,2023-03-16,,Adobe Dimension OBJ File Parsing Out-Of-Bounds Write Remote Code Execution Vulnerability,,Adobe,2023-01-07,2023-03-16,68
ZDI-23-265,ZDI-CAN-20325,Adobe,CVE-2023-25872,7.8,2023-03-16,,Adobe Substance 3D Stager SVG File Parsing Heap-based Buffer Overflow Remote Code Execution Vulnerability,,Adobe,2023-01-26,2023-03-16,49
ZDI-23-264,ZDI-CAN-20324,Adobe,CVE-2023-25871,7.8,2023-03-16,,Adobe Substance 3D Stager SVG File Parsing Use-After-Free Remote Code Execution Vulnerability,,Adobe,2023-01-26,2023-03-16,49
ZDI-23-263,ZDI-CAN-20268,Adobe,CVE-2023-25878,3.3,2023-03-16,,Adobe Substance 3D Stager OBJ File Parsing Out-Of-Bounds Read Information Disclosure Vulnerability,,Adobe,2023-01-26,2023-03-16,49
ZDI-23-262,ZDI-CAN-20262,Adobe,CVE-2023-25877,3.3,2023-03-16,,Adobe Substance 3D Stager OBJ File Parsing Out-Of-Bounds Read Information Disclosure Vulnerability,,Adobe,2023-01-26,2023-03-16,49
ZDI-23-261,ZDI-CAN-20264,Adobe,CVE-2023-25876,3.3,2023-03-16,,Adobe Substance 3D Stager OBJ File Parsing Out-Of-Bounds Read Information Disclosure Vulnerability,,Adobe,2023-01-26,2023-03-16,49
ZDI-23-260,ZDI-CAN-20263,Adobe,CVE-2023-25875,3.3,2023-03-16,,Adobe Substance 3D Stager OBJ File Parsing Out-Of-Bounds Read Information Disclosure Vulnerability,,Adobe,2023-01-26,2023-03-16,49
ZDI-23-259,ZDI-CAN-20321,Adobe,CVE-2023-25874,7.8,2023-03-16,,Adobe Substance 3D Stager SVG File Parsing Heap-based Buffer Overflow Remote Code Execution Vulnerability,,Adobe,2023-01-26,2023-03-16,49
ZDI-23-258,ZDI-CAN-20323,Adobe,CVE-2023-25873,7.8,2023-03-16,,Adobe Substance 3D Stager SVG File Parsing Out-Of-Bounds Read Remote Code Execution Vulnerability,,Adobe,2023-01-26,2023-03-16,49
ZDI-23-257,ZDI-CAN-20319,Adobe,CVE-2023-25870,7.8,2023-03-16,,Adobe Substance 3D Stager SVG File Parsing Out-Of-Bounds Write Remote Code Execution Vulnerability,,Adobe,2023-01-26,2023-03-16,49
ZDI-23-256,ZDI-CAN-20322,Adobe,CVE-2023-25869,7.8,2023-03-16,,Adobe Substance 3D Stager SVG File Parsing Out-Of-Bounds Read Remote Code Execution Vulnerability,,Adobe,2023-01-26,2023-03-16,49
ZDI-23-255,ZDI-CAN-20320,Adobe,CVE-2023-25868,7.8,2023-03-16,,Adobe Substance 3D Stager SVG File Parsing Heap-based Buffer Overflow Remote Code Execution Vulnerability,,Adobe,2023-01-26,2023-03-16,49
ZDI-23-254,ZDI-CAN-20326,Adobe,CVE-2023-25867,7.8,2023-03-16,,Adobe Substance 3D Stager PCX File Parsing Memory Corruption Remote Code Execution Vulnerability,,Adobe,2023-01-26,2023-03-16,49
ZDI-23-253,ZDI-CAN-20253,Adobe,CVE-2023-25866,7.8,2023-03-16,,Adobe Substance 3D Stager OBJ File Parsing Out-Of-Bounds Write Remote Code Execution Vulnerability,,Adobe,2023-01-26,2023-03-16,49
ZDI-23-252,ZDI-CAN-20252,Adobe,CVE-2023-25865,7.8,2023-03-16,,Adobe Substance 3D Stager OBJ File Parsing Memory Corruption Remote Code Execution Vulnerability,,Adobe,2023-01-26,2023-03-16,49
ZDI-23-251,ZDI-CAN-20254,Adobe,CVE-2023-25864,7.8,2023-03-16,,Adobe Substance 3D Stager FBX File Parsing Heap-based Buffer Overflow Remote Code Execution Vulnerability,,Adobe,2023-01-26,2023-03-16,49
ZDI-23-250,ZDI-CAN-20257,Adobe,CVE-2023-25863,7.8,2023-03-16,,Adobe Substance 3D Stager USDC File Parsing Out-Of-Bounds Read Remote Code Execution Vulnerability,,Adobe,2023-01-26,2023-03-16,49
ZDI-23-249,ZDI-CAN-19318,Adobe,CVE-2023-25862,3.3,2023-03-16,,Adobe Illustrator Font Parsing Out-Of-Bounds Read Information Disclosure Vulnerability,,Adobe,2022-10-28,2023-03-16,139
ZDI-23-248,ZDI-CAN-19293,Adobe,CVE-2023-25861,7.8,2023-03-16,,Adobe Illustrator Font Parsing Out-Of-Bounds Write Remote Code Execution Vulnerability,,Adobe,2022-10-28,2023-03-16,139
ZDI-23-247,ZDI-CAN-19317,Adobe,CVE-2023-25860,7.8,2023-03-16,,Adobe Illustrator Font Parsing Out-Of-Bounds Write Remote Code Execution Vulnerability,,Adobe,2022-10-28,2023-03-16,139
ZDI-23-246,ZDI-CAN-19319,Adobe,CVE-2023-25859,7.8,2023-03-16,,Adobe Illustrator Font Parsing Memory Corruption Remote Code Execution Vulnerability,,Adobe,2022-10-28,2023-03-16,139
ZDI-23-243,ZDI-CAN-19261,Microsoft,CVE-2023-24861,8.8,2023-03-15,,Microsoft Windows win32kfull Bitmap Use-After-Free Local Privilege Escalation Vulnerability,,Microsoft,2022-11-30,2023-03-15,105
ZDI-23-242,ZDI-CAN-19954,Microsoft,CVE-2023-23410,7.8,2023-03-15,,Microsoft Windows http.sys Integer Overflow Local Privilege Escalation Vulnerability,,Microsoft,2023-01-04,2023-03-15,70
ZDI-23-234,ZDI-CAN-19029,Microsoft,CVE-2023-23378,6.6,2023-03-14,,Microsoft Print 3D WRL File Parsing Out-Of-Bounds Write Remote Code Execution Vulnerability,,Microsoft,2022-09-30,2023-03-14,165
ZDI-23-165,ZDI-CAN-19175,Microsoft,CVE-2023-21802,7.8,2023-02-24,,Microsoft Windows Media Player Color Conversion Integer Underflow Remote Code Execution Vulnerability,,Microsoft,2022-10-18,2023-02-24,129
ZDI-23-164,ZDI-CAN-18896,Microsoft,CVE-2023-21805,7.8,2023-02-24,,Microsoft Windows Untrusted Script Execution Remote Code Execution Vulnerability,,Microsoft,2022-11-03,2023-02-24,113
ZDI-23-163,ZDI-CAN-19103,Microsoft,CVE-2023-21822,8.8,2023-02-24,,Microsoft Windows win32kfull UMPD Use-After-Free Local Privilege Escalation Vulnerability,,Microsoft,2022-11-03,2023-02-24,113
ZDI-23-162,ZDI-CAN-18985,Microsoft,CVE-2023-21529,8.8,2023-02-24,,Microsoft Exchange MultiValuedProperty Exposed Dangerous Function Remote Code Execution Vulnerability,,Microsoft,2022-09-29,2023-02-24,148
ZDI-23-161,ZDI-CAN-18520,Microsoft,CVE-2023-23382,6.5,2023-02-24,,Microsoft Azure Machine Learning Service Cleartext Storage of Credentials Information Disclosure Vulnerability,,Microsoft,2022-08-23,2023-02-24,185
ZDI-23-160,ZDI-CAN-19025,Microsoft,CVE-2023-23378,6.6,2023-02-24,,Microsoft Print 3D PLY File Parsing Out-Of-Bounds Write Remote Code Execution Vulnerability,,Microsoft,2022-09-30,2023-02-24,147
ZDI-23-159,ZDI-CAN-19014,Microsoft,CVE-2023-23390,6.6,2023-02-24,,Microsoft 3D Builder OBJ File Parsing Memory Corruption Remote Code Execution Vulnerability,,Microsoft,2022-09-30,2023-02-24,147
ZDI-23-158,ZDI-CAN-19005,Microsoft,CVE-2023-23377,6.6,2023-02-24,,Microsoft 3D Builder WRL File Parsing Out-Of-Bounds Read Remote Code Execution Vulnerability,,Microsoft,2022-10-04,2023-02-24,143
ZDI-23-156,ZDI-CAN-19291,Adobe,CVE-2023-22229,7.8,2023-02-24,,Adobe Bridge Font Parsing Out-Of-Bounds Write Remote Code Execution Vulnerability,,Adobe,2022-10-31,2023-02-24,116
ZDI-23-155,ZDI-CAN-19296,Adobe,CVE-2023-21575,7.8,2023-02-24,,Adobe Photoshop Font Parsing Out-Of-Bounds Write Remote Code Execution Vulnerability,,Adobe,2022-10-28,2023-02-24,119
ZDI-23-154,ZDI-CAN-19292,Adobe,CVE-2023-21622,7.8,2023-02-24,,Adobe FrameMaker Font Parsing Out-Of-Bounds Write Remote Code Execution Vulnerability,,Adobe,2022-10-28,2023-02-24,119
ZDI-23-153,ZDI-CAN-19290,Adobe,CVE-2023-22238,7.8,2023-02-24,,Adobe After Effects Font Parsing Out-Of-Bounds Write Remote Code Execution Vulnerability,,Adobe,2022-10-28,2023-02-24,119
ZDI-23-152,ZDI-CAN-19321,Adobe,CVE-2023-21578,3.3,2023-02-24,,Adobe Photoshop Font Parsing Out-Of-Bounds Read Information Disclosure Vulnerability,,Adobe,2022-10-28,2023-02-24,119
ZDI-23-151,ZDI-CAN-19320,Adobe,CVE-2023-21576,7.8,2023-02-24,,Adobe Photoshop Font Parsing Out-Of-Bounds Write Remote Code Execution Vulnerability,,Adobe,2022-10-28,2023-02-24,119
ZDI-23-150,ZDI-CAN-19315,Adobe,CVE-2023-22237,7.8,2023-02-24,,Adobe After Effects Font Parsing Out-Of-Bounds Write Remote Code Execution Vulnerability,,Adobe,2022-10-28,2023-02-24,119
ZDI-23-149,ZDI-CAN-19322,Adobe,CVE-2023-21574,7.8,2023-02-24,,Adobe Photoshop Font Parsing Memory Corruption Remote Code Execution Vulnerability,,Adobe,2022-10-28,2023-02-24,119
ZDI-23-148,ZDI-CAN-19314,Adobe,CVE-2023-22228,7.8,2023-02-24,,Adobe Bridge Font Parsing Memory Corruption Remote Code Execution Vulnerability,,Adobe,2022-10-28,2023-02-24,119
ZDI-23-147,ZDI-CAN-19316,Adobe,CVE-2023-22239,7.8,2023-02-24,,Adobe After Effects Font Parsing Memory Corruption Remote Code Execution Vulnerability,,Adobe,2022-10-28,2023-02-24,119
ZDI-23-146,ZDI-CAN-19313,Adobe,CVE-2023-22231,3.3,2023-02-24,,Adobe Bridge Font Parsing Out-Of-Bounds Read Information Disclosure Vulnerability,,Adobe,2022-10-28,2023-02-24,119
ZDI-23-145,ZDI-CAN-19312,Adobe,CVE-2023-22227,7.8,2023-02-24,,Adobe Bridge Font Parsing Out-Of-Bounds Write Remote Code Execution Vulnerability,,Adobe,2022-10-28,2023-02-24,119
ZDI-23-144,ZDI-CAN-19311,Adobe,CVE-2023-21621,7.8,2023-02-24,,Adobe FrameMaker Font Parsing Memory Corruption Remote Code Execution Vulnerability,,Adobe,2022-10-28,2023-02-24,119
ZDI-23-143,ZDI-CAN-19310,Adobe,CVE-2023-21620,3.3,2023-02-24,,Adobe FrameMaker Font Parsing Out-Of-Bounds Read Information Disclosure Vulnerability,,Adobe,2022-10-28,2023-02-24,119
ZDI-23-142,ZDI-CAN-19309,Adobe,CVE-2023-21619,7.8,2023-02-24,,Adobe FrameMaker Font Parsing Out-Of-Bounds Write Remote Code Execution Vulnerability,,Adobe,2022-10-28,2023-02-24,119
ZDI-23-141,ZDI-CAN-18887,Adobe,CVE-2023-21584,3.3,2023-02-24,,Adobe FrameMaker Font Parsing Use-After-Free Information Disclosure Vulnerability,,Adobe,2022-09-22,2023-02-24,155
ZDI-23-140,ZDI-CAN-18886,Adobe,CVE-2023-21583,3.3,2023-02-24,,Adobe Bridge Font Parsing Out-Of-Bounds Read Information Disclosure Vulnerability,,Adobe,2022-09-22,2023-02-24,155
ZDI-23-139,ZDI-CAN-18885,Adobe,CVE-2023-22233,3.3,2023-02-24,,Adobe After Effects Font Parsing Out-Of-Bounds Read Information Disclosure Vulnerability,,Adobe,2022-09-22,2023-02-24,155
ZDI-23-113,ZDI-CAN-19045,Microsoft,CVE-2023-21532,8.8,2023-02-09,,Microsoft Windows win32kfull Bitmap Use-After-Free Privilege Escalation Vulnerability,,Microsoft,2022-11-03,2023-02-09,98
ZDI-23-110,ZDI-CAN-19517,Adobe,CVE-2023-22240,7.8,2023-02-09,,Adobe Acrobat Reader DC AcroForm Annotation Out-Of-Bounds Write Remote Code Execution Vulnerability,,Adobe,2022-11-30,2023-02-09,71
ZDI-23-109,ZDI-CAN-19516,Adobe,CVE-2023-22241,7.8,2023-02-09,,Adobe Acrobat Reader DC AcroForm Annotation Out-Of-Bounds Write Remote Code Execution Vulnerability,,Adobe,2022-11-30,2023-02-09,71
ZDI-23-108,ZDI-CAN-19515,Adobe,CVE-2023-22242,7.8,2023-02-09,,Adobe Acrobat Reader DC AcroForm Annotation Out-Of-Bounds Write Remote Code Execution Vulnerability,,Adobe,2022-11-30,2023-02-09,71
ZDI-23-097,ZDI-CAN-18565,Microsoft,,6.8,2023-02-07,,Microsoft Azure Machine Learning Service JWT Cleartext Storage of Credentials Information Disclosure Vulnerability,,Microsoft,2022-09-02,2023-02-07,158
ZDI-23-096,ZDI-CAN-19057,Microsoft,,6.5,2023-02-07,,Microsoft Azure Machine Learning Service Cleartext Storage of Credentials Information Disclosure Vulnerability,,Microsoft,2022-10-04,2023-02-07,126
ZDI-23-095,ZDI-CAN-19307,Microsoft,,6.5,2023-02-07,,Microsoft Azure Machine Learning Service Cleartext Storage of Credentials Information Disclosure Vulnerability,,Microsoft,2022-10-31,2023-02-07,99
ZDI-23-081,ZDI-CAN-18294,Adobe,CVE-2023-21581,3.3,2023-01-18,,Adobe Acrobat Reader DC Font Parsing Out-Of-Bounds Read Information Disclosure Vulnerability,,Adobe,2022-09-21,2023-01-18,119
ZDI-23-080,ZDI-CAN-19431,Adobe,CVE-2023-21603,3.3,2023-01-18,,Adobe Dimension USD File Parsing Out-Of-Bounds Read Information Disclosure Vulnerability,,Adobe,2022-11-09,2023-01-18,70
ZDI-23-079,ZDI-CAN-19392,Adobe,CVE-2023-21601,3.3,2023-01-18,,Adobe Dimension OBJ File Parsing Use-After-Free Information Disclosure Vulnerability,,Adobe,2022-11-04,2023-01-18,75
ZDI-23-078,ZDI-CAN-19294,Adobe,CVE-2023-21597,7.8,2023-01-18,,Adobe InCopy Font Parsing Out-Of-Bounds Write Remote Code Execution Vulnerability,,Adobe,2022-10-28,2023-01-18,82
ZDI-23-077,ZDI-CAN-19323,Adobe,CVE-2023-21595,7.8,2023-01-18,,Adobe InCopy Font Parsing Out-Of-Bounds Write Remote Code Execution Vulnerability,,Adobe,2022-10-28,2023-01-18,82
ZDI-23-076,ZDI-CAN-19324,Adobe,CVE-2023-21599,3.3,2023-01-18,,Adobe InCopy Font Parsing Out-Of-Bounds Read Information Disclosure Vulnerability,,Adobe,2022-10-28,2023-01-18,82
ZDI-23-075,ZDI-CAN-19347,Adobe,CVE-2023-21596,7.8,2023-01-18,,Adobe InCopy Font Parsing Memory Corruption Remote Code Execution Vulnerability,,Adobe,2022-10-28,2023-01-18,82
ZDI-23-074,ZDI-CAN-18889,Adobe,CVE-2023-21598,3.3,2023-01-18,,Adobe InCopy Font Parsing Use-After-Free Information Disclosure Vulnerability,,Adobe,2022-09-22,2023-01-18,118
ZDI-23-073,ZDI-CAN-18883,Adobe,CVE-2023-21594,7.8,2023-01-18,,Adobe InCopy Font Parsing Heap-based Buffer Overflow Remote Code Execution Vulnerability,,Adobe,2022-09-22,2023-01-18,118
ZDI-23-072,ZDI-CAN-19295,Adobe,CVE-2023-21590,7.8,2023-01-18,,Adobe InDesign Font Parsing Out-Of-Bounds Write Remote Code Execution Vulnerability,,Adobe,2022-10-28,2023-01-18,82
ZDI-23-071,ZDI-CAN-19352,Adobe,CVE-2023-21589,7.8,2023-01-18,,Adobe InDesign Font Parsing Out-Of-Bounds Write Remote Code Execution Vulnerability,,Adobe,2022-10-28,2023-01-18,82
ZDI-23-070,ZDI-CAN-19353,Adobe,CVE-2023-21592,3.3,2023-01-18,,Adobe InDesign Font Parsing Out-Of-Bounds Read Information Disclosure Vulnerability,,Adobe,2022-10-28,2023-01-18,82
ZDI-23-069,ZDI-CAN-19354,Adobe,CVE-2023-21588,7.8,2023-01-18,,Adobe InDesign Font Parsing Memory Corruption Remote Code Execution Vulnerability,,Adobe,2022-10-28,2023-01-18,82
ZDI-23-068,ZDI-CAN-18884,Adobe,CVE-2023-21587,7.8,2023-01-18,,Adobe InDesign Font Parsing Heap-based Buffer Overflow Remote Code Execution Vulnerability,,Adobe,2022-09-22,2023-01-18,118
ZDI-23-067,ZDI-CAN-18890,Adobe,CVE-2023-21591,3.3,2023-01-18,,Adobe InDesign Font Parsing Out-Of-Bounds Read Information Disclosure Vulnerability,,Adobe,2022-09-22,2023-01-18,118
ZDI-23-066,ZDI-CAN-19301,Adobe,CVE-2023-21607,7.8,2023-01-18,,Adobe Acrobat Reader DC Font Parsing Memory Corruption Remote Code Execution Vulnerability,,Adobe,2022-10-28,2023-01-18,82
ZDI-23-065,ZDI-CAN-19300,Adobe,CVE-2023-21613,3.3,2023-01-18,,Adobe Acrobat Reader DC Font Parsing Out-Of-Bounds Read Information Disclosure Vulnerability,,Adobe,2022-10-28,2023-01-18,82
ZDI-23-064,ZDI-CAN-19299,Adobe,CVE-2023-21614,3.3,2023-01-18,,Adobe Acrobat Reader DC Font Parsing Out-Of-Bounds Read Information Disclosure Vulnerability,,Adobe,2022-10-28,2023-01-18,82
ZDI-23-063,ZDI-CAN-19297,Adobe,CVE-2023-21606,7.8,2023-01-18,,Adobe Acrobat Reader DC Font Parsing Out-Of-Bounds Write Remote Code Execution Vulnerability,,Adobe,2022-10-28,2023-01-18,82
ZDI-23-062,ZDI-CAN-19469,Adobe,CVE-2023-21609,7.8,2023-01-18,,Adobe Acrobat Reader DC AcroForm Annotation Out-Of-Bounds Write Remote Code Execution Vulnerability,,Adobe,2022-11-23,2023-01-18,56
ZDI-23-061,ZDI-CAN-19240,Adobe,CVE-2023-21608,7.8,2023-01-18,,Adobe Acrobat Reader DC resetForm Use-After-Free Remote Code Execution Vulnerability,,Adobe,2022-11-04,2023-01-18,75
ZDI-23-060,ZDI-CAN-19036,Adobe,CVE-2023-21605,7.8,2023-01-18,,Adobe Acrobat Reader DC Font Parsing Heap-based Buffer Overflow Remote Code Execution Vulnerability,,Adobe,2022-10-26,2023-01-18,84
ZDI-23-059,ZDI-CAN-18897,Adobe,CVE-2023-21585,3.3,2023-01-18,,Adobe Acrobat Reader DC Font Parsing Out-Of-Bounds Read Information Disclosure Vulnerability,,Adobe,2022-09-22,2023-01-18,118
ZDI-23-058,ZDI-CAN-18293,Adobe,CVE-2023-21579,7.8,2023-01-18,,Adobe Acrobat Reader DC Font Parsing Integer Overflow Remote Code Execution Vulnerability,,Adobe,2022-09-21,2023-01-18,119
ZDI-23-051,ZDI-CAN-19622,Microsoft,CVE-2022-47211,7.8,2023-01-18,,Microsoft Word SKP File Parsing Stack-based Buffer Overflow Remote Code Execution Vulnerability,,Microsoft,2022-11-30,2023-01-18,49
ZDI-23-050,ZDI-CAN-19181,Microsoft,CVE-2022-47213,7.8,2023-01-18,,Microsoft Excel SKP File Parsing Use-After-Free Remote Code Execution Vulnerability,,Microsoft,2022-10-20,2023-01-18,90
ZDI-23-049,ZDI-CAN-19016,Microsoft,CVE-2023-21793,6.6,2023-01-18,,Microsoft 3D Builder OBJ File Parsing Out-Of-Bounds Write Remote Code Execution Vulnerability,,Microsoft,2022-09-30,2023-01-18,110
ZDI-23-048,ZDI-CAN-19126,Microsoft,CVE-2023-21792,5.3,2023-01-18,,Microsoft 3D Builder WRL File Parsing Out-Of-Bounds Write Remote Code Execution Vulnerability,,Microsoft,2022-10-13,2023-01-18,97
ZDI-23-047,ZDI-CAN-19125,Microsoft,CVE-2023-21792,5.3,2023-01-18,,Microsoft 3D Builder GLTF File Parsing Out-Of-Bounds Write Remote Code Execution Vulnerability,,Microsoft,2022-10-13,2023-01-18,97
ZDI-23-046,ZDI-CAN-19004,Microsoft,CVE-2023-21792,6.6,2023-01-18,,Microsoft 3D Builder WRL File Parsing Memory Corruption Remote Code Execution Vulnerability,,Microsoft,2022-09-30,2023-01-18,110
ZDI-23-045,ZDI-CAN-18990,Microsoft,CVE-2023-21792,6.6,2023-01-18,,Microsoft 3D Builder GLB File Parsing Out-Of-Bounds Write Remote Code Execution Vulnerability,,Microsoft,2022-09-30,2023-01-18,110
ZDI-23-044,ZDI-CAN-19027,Microsoft,CVE-2023-21792,6.6,2023-01-18,,Microsoft Print 3D WRL File Parsing Memory Corruption Remote Code Execution Vulnerability,,Microsoft,2022-09-30,2023-01-18,110
ZDI-23-043,ZDI-CAN-19035,Microsoft,CVE-2023-21792,6.6,2023-01-18,,Microsoft 3D Builder GLB File Parsing Heap-based Buffer Overflow Remote Code Execution Vulnerability,,Microsoft,2022-09-30,2023-01-18,110
ZDI-23-042,ZDI-CAN-19007,Microsoft,CVE-2023-21791,6.6,2023-01-18,,Microsoft 3D Builder WRL File Parsing Out-Of-Bounds Write Remote Code Execution Vulnerability,,Microsoft,2022-09-30,2023-01-18,110
ZDI-23-041,ZDI-CAN-19009,Microsoft,CVE-2023-21790,6.6,2023-01-18,,Microsoft 3D Builder WRL File Parsing Use-After-Free Remote Code Execution Vulnerability,,Microsoft,2022-09-30,2023-01-18,110
ZDI-23-040,ZDI-CAN-19129,Microsoft,CVE-2023-21789,5.3,2023-01-18,,Microsoft 3D Builder PLY File Parsing Memory Corruption Remote Code Execution Vulnerability,,Microsoft,2022-10-13,2023-01-18,97
ZDI-23-039,ZDI-CAN-19130,Microsoft,CVE-2023-21788,5.3,2023-01-18,,Microsoft 3D Builder OBJ File Parsing Memory Corruption Remote Code Execution Vulnerability,,Microsoft,2022-10-13,2023-01-18,97
ZDI-23-038,ZDI-CAN-19128,Microsoft,CVE-2023-21787,5.3,2023-01-18,,Microsoft 3D Builder WRL File Parsing Out-Of-Bounds Write Remote Code Execution Vulnerability,,Microsoft,2022-10-13,2023-01-18,97
ZDI-23-037,ZDI-CAN-19018,Microsoft,CVE-2023-21786,6.6,2023-01-18,,Microsoft 3D Builder WRL File Parsing Out-Of-Bounds Write Remote Code Execution Vulnerability,,Microsoft,2022-09-30,2023-01-18,110
ZDI-23-036,ZDI-CAN-19127,Microsoft,CVE-2023-21785,5.3,2023-01-18,,Microsoft 3D Builder WRL File Parsing Out-Of-Bounds Write Remote Code Execution Vulnerability,,Microsoft,2022-10-13,2023-01-18,97
ZDI-23-035,ZDI-CAN-19101,Microsoft,CVE-2023-21784,5.3,2023-01-18,,Microsoft 3D Builder PLY File Parsing Out-Of-Bounds Read Remote Code Execution Vulnerability,,Microsoft,2022-10-13,2023-01-18,97
ZDI-23-034,ZDI-CAN-19003,Microsoft,CVE-2023-21784,6.6,2023-01-18,,Microsoft 3D Builder PLY File Parsing Use-After-Free Remote Code Execution Vulnerability,,Microsoft,2022-09-30,2023-01-18,110
ZDI-23-033,ZDI-CAN-19026,Microsoft,CVE-2023-21784,6.6,2023-01-18,,Microsoft Print 3D PLY File Parsing Use-After-Free Remote Code Execution Vulnerability,,Microsoft,2022-09-30,2023-01-18,110
ZDI-23-032,ZDI-CAN-18998,Microsoft,CVE-2023-21783,6.6,2023-01-18,2023-03-10,Microsoft 3D Builder GLTF File Parsing Out-Of-Bounds Read Remote Code Execution Vulnerability,,Microsoft,2022-09-30,2023-01-18,110
ZDI-23-031,ZDI-CAN-19124,Microsoft,CVE-2023-21782,5.3,2023-01-18,,Microsoft 3D Builder PLY File Parsing Out-Of-Bounds Write Remote Code Execution Vulnerability,,Microsoft,2022-10-13,2023-01-18,97
ZDI-23-030,ZDI-CAN-19023,Microsoft,CVE-2023-21782,6.6,2023-01-18,,Microsoft Print 3D PLY File Parsing Out-Of-Bounds Write Remote Code Execution Vulnerability,,Microsoft,2022-09-30,2023-01-18,110
ZDI-23-029,ZDI-CAN-19022,Microsoft,CVE-2023-21782,6.6,2023-01-18,,Microsoft Print 3D PLY File Parsing Memory Corruption Remote Code Execution Vulnerability,,Microsoft,2022-09-30,2023-01-18,110
ZDI-23-028,ZDI-CAN-19015,Microsoft,CVE-2023-21782,6.6,2023-01-18,,Microsoft 3D Builder GLB File Parsing Use-After-Free Remote Code Execution Vulnerability,,Microsoft,2022-09-30,2023-01-18,110
ZDI-23-027,ZDI-CAN-19008,Microsoft,CVE-2023-21782,6.6,2023-01-18,,Microsoft 3D Builder WRL File Parsing Out-Of-Bounds Write Remote Code Execution Vulnerability,,Microsoft,2022-09-30,2023-01-18,110
ZDI-23-026,ZDI-CAN-19001,Microsoft,CVE-2023-21782,6.6,2023-01-18,,Microsoft 3D Builder PLY File Parsing Out-Of-Bounds Write Remote Code Execution Vulnerability,,Microsoft,2022-09-30,2023-01-18,110
ZDI-23-025,ZDI-CAN-19000,Microsoft,CVE-2023-21782,6.6,2023-01-18,,Microsoft 3D Builder PLY File Parsing Out-Of-Bounds Write Remote Code Execution Vulnerability,,Microsoft,2022-09-30,2023-01-18,110
ZDI-23-024,ZDI-CAN-18999,Microsoft,CVE-2023-21782,6.6,2023-01-18,,Microsoft 3D Builder PLY File Parsing Memory Corruption Remote Code Execution Vulnerability,,Microsoft,2022-09-30,2023-01-18,110
ZDI-23-023,ZDI-CAN-18996,Microsoft,CVE-2023-21782,6.6,2023-01-18,,Microsoft 3D Builder GLB File Parsing Use-After-Free Remote Code Execution Vulnerability,,Microsoft,2022-09-30,2023-01-18,110
ZDI-23-022,ZDI-CAN-18995,Microsoft,CVE-2023-21782,6.6,2023-01-18,,Microsoft 3D Builder GLB File Parsing Use-After-Free Remote Code Execution Vulnerability,,Microsoft,2022-09-30,2023-01-18,110
ZDI-23-021,ZDI-CAN-18994,Microsoft,CVE-2023-21782,6.6,2023-01-18,,Microsoft 3D Builder GLB File Parsing Use-After-Free Remote Code Execution Vulnerability,,Microsoft,2022-09-30,2023-01-18,110
ZDI-23-020,ZDI-CAN-18993,Microsoft,CVE-2023-21782,6.6,2023-01-18,,Microsoft 3D Builder GLB File Parsing Use-After-Free Remote Code Execution Vulnerability,,Microsoft,2022-09-30,2023-01-18,110
ZDI-23-019,ZDI-CAN-18992,Microsoft,CVE-2023-21782,6.6,2023-01-18,,Microsoft 3D Builder GLB File Parsing Use-After-Free Remote Code Execution Vulnerability,,Microsoft,2022-09-30,2023-01-18,110
ZDI-23-018,ZDI-CAN-18991,Microsoft,CVE-2023-21782,6.6,2023-01-18,,Microsoft 3D Builder GLB File Parsing Use-After-Free Remote Code Execution Vulnerability,,Microsoft,2022-09-30,2023-01-18,110
ZDI-23-017,ZDI-CAN-18989,Microsoft,CVE-2023-21782,6.6,2023-01-18,,Microsoft 3D Builder GLB File Parsing Out-Of-Bounds Write Remote Code Execution Vulnerability,,Microsoft,2022-09-30,2023-01-18,110
ZDI-23-016,ZDI-CAN-19033,Microsoft,CVE-2023-21782,6.6,2023-01-18,,Microsoft 3D Builder PLY File Parsing Out-Of-Bounds Read Remote Code Execution Vulnerability,,Microsoft,2022-09-30,2023-01-18,110
ZDI-23-015,ZDI-CAN-19024,Microsoft,CVE-2023-21782,6.6,2023-01-18,,Microsoft Print 3D PLY File Parsing Out-Of-Bounds Write Remote Code Execution Vulnerability,,Microsoft,2022-09-30,2023-01-18,110
ZDI-23-014,ZDI-CAN-19017,Microsoft,CVE-2023-21781,6.6,2023-01-18,,Microsoft 3D Builder PLY File Parsing Out-Of-Bounds Write Remote Code Execution Vulnerability,,Microsoft,2022-09-30,2023-01-18,110
ZDI-23-013,ZDI-CAN-19032,Microsoft,CVE-2023-21780,6.6,2023-01-18,,Microsoft 3D Builder OBJ File Parsing Out-Of-Bounds Write Remote Code Execution Vulnerability,,Microsoft,2022-09-30,2023-01-18,110
ZDI-23-012,ZDI-CAN-19491,Microsoft,CVE-2023-21764,7.0,2023-01-18,,Microsoft Exchange GetTorusCmdletConfigurationEntries Uncontrolled Search Path Element Local Privilege Escalation Vulnerability,,Microsoft,2022-11-11,2023-01-18,68
ZDI-23-011,ZDI-CAN-19492,Microsoft,CVE-2023-21763,7.8,2023-01-18,,Microsoft Exchange TorusUpdateInitialSessionState Uncontrolled Search Path Element Local Privilege Escalation Vulnerability,,Microsoft,2022-11-11,2023-01-18,68
ZDI-23-010,ZDI-CAN-19183,Microsoft,CVE-2023-21737,7.8,2023-01-18,,Microsoft Office Visio DWG File Parsing Heap-based Buffer Overflow Remote Code Execution Vulnerability,,Microsoft,2022-10-20,2023-01-18,90
ZDI-23-009,ZDI-CAN-18647,Microsoft,CVE-2023-21547,3.7,2023-01-18,,Microsoft Windows IKEEXT Service Vendor ID Null Pointer Dereference Denial-of-Service Vulnerability,,Microsoft,2022-10-13,2023-01-18,97
ZDI-23-008,ZDI-CAN-18601,Microsoft,CVE-2023-21735,7.8,2023-01-18,,Microsoft Office SKP File Parsing Use-After-Free Remote Code Execution Vulnerability,,Microsoft,2022-10-06,2023-01-18,104
ZDI-23-007,ZDI-CAN-18598,Microsoft,CVE-2023-21734,7.8,2023-01-18,,Microsoft Office SKP File Parsing Use-After-Free Remote Code Execution Vulnerability,,Microsoft,2022-10-06,2023-01-18,104
ZDI-23-006,ZDI-CAN-19041,Microsoft,CVE-2023-21745,8.8,2023-01-18,2024-10-16,Microsoft Exchange PowerShell Unsafe Reflection NTLM Relay Vulnerability,,Microsoft,2022-09-29,2023-01-18,111
ZDI-23-005,ZDI-CAN-19092,Microsoft,CVE-2023-21736,7.8,2023-01-18,,Microsoft Office Visio DXF File Parsing Heap-based Buffer Overflow Remote Code Execution Vulnerability,,Microsoft,2022-10-04,2023-01-18,106
ZDI-23-004,ZDI-CAN-18614,Microsoft,CVE-2023-21680,7.8,2023-01-18,,Microsoft Windows GreStartDocInternal Use-After-Free Local Privilege Escalation Vulnerability,,Microsoft,2022-09-30,2023-01-18,110
ZDI-23-003,ZDI-CAN-19042,Microsoft,CVE-2023-21745,8.8,2024-10-16,2024-10-16,Microsoft Exchange PowerShell Unsafe Reflection NTLM Relay Vulnerability,,Microsoft,2022-09-29,2024-10-16,748
ZDI-23-002,ZDI-CAN-18519,Microsoft,CVE-2023-21531,5.3,2023-01-18,,Microsoft Azure Service Fabric WAagent Exposure of Resource to Wrong Sphere Information Disclosure Vulnerability,,Microsoft,2022-09-20,2023-01-18,120
ZDI-23-001,ZDI-CAN-18151,Microsoft,CVE-2023-21542,7.8,2023-01-18,,Microsoft Windows Installer Service Time-Of-Check Time-Of-Use Local Privilege Escalation Vulnerability,,Microsoft,2022-08-31,2023-01-18,140
ZDI-24-1694,ZDI-CAN-25733,Microsoft,,7.8,2024-12-17,2024-12-17,Microsoft PC Manager MSPCManagerService Link Following Local Privilege Escalation Vulnerability,,Microsoft,2024-11-05,2024-12-17,42
ZDI-24-1658,ZDI-CAN-25361,Microsoft,CVE-2024-49041,7.5,2024-12-11,2024-12-11,Microsoft Edge File Extension Spoofing Remote Code Execution Vulnerability,,Microsoft,2024-09-17,2024-12-11,85
ZDI-24-1657,ZDI-CAN-24583,Microsoft,CVE-2024-49082,6.8,2024-12-11,2024-12-11,Microsoft Windows Directory Traversal Vulnerability,,Microsoft,2024-08-09,2024-12-11,124
ZDI-24-1605,ZDI-CAN-24608,Adobe,CVE-2024-49529,3.3,2024-11-21,2024-11-21,Adobe InDesign JP2 File Parsing Out-Of-Bounds Read Information Disclosure Vulnerability,,Adobe,2024-06-21,2024-11-21,153
ZDI-24-1534,ZDI-CAN-24221,Microsoft,CVE-2024-38024,7.2,2024-11-20,2024-11-20,Microsoft SharePoint Server FindSpecific Unsafe Reflection Remote Code Execution Vulnerability,,Microsoft,2024-05-28,2024-11-20,176
ZDI-24-1511,ZDI-CAN-25090,Microsoft,CVE-2024-49032,7.8,2024-11-14,2024-11-14,Microsoft Office PowerPoint PPTX File Parsing Use-After-Free Remote Code Execution Vulnerability,,Microsoft,2024-08-27,2024-11-14,79
ZDI-24-1451,ZDI-CAN-24763,Apple,CVE-2024-44284,7.8,2024-10-31,2025-03-06,Apple macOS ICC Profile Parsing Out-Of-Bounds Write Remote Code Execution Vulnerability,,Apple,2024-08-14,2024-10-31,78
ZDI-24-1450,ZDI-CAN-25146,Apple,CVE-2024-44283,3.3,2024-10-31,2024-10-31,Apple macOS ICC Profile Parsing Out-Of-Bounds Read Information Disclosure Vulnerability,,Apple,2024-08-14,2024-10-31,78
ZDI-24-1449,ZDI-CAN-25163,Apple,CVE-2024-44282,3.3,2024-10-31,2024-10-31,Apple macOS CoreFoundation Font Glyphs Parsing Out-Of-Bounds Read Information Disclosure Vulnerability,,Apple,2024-08-14,2024-10-31,78
ZDI-24-1448,ZDI-CAN-25148,Apple,CVE-2024-44281,3.3,2024-10-31,2024-10-31,Apple macOS ICC Profile Parsing Out-Of-Bounds Read Information Disclosure Vulnerability,,Apple,2024-08-14,2024-10-31,78
ZDI-24-1447,ZDI-CAN-25147,Apple,CVE-2024-44279,3.3,2024-10-31,2024-10-31,Apple macOS ICC Profile Parsing Out-Of-Bounds Read Information Disclosure Vulnerability,,Apple,2024-08-14,2024-10-31,78
ZDI-24-1446,ZDI-CAN-25084,Apple,CVE-2024-44237,3.3,2024-10-31,2024-10-31,Apple macOS ICC Profile Parsing Out-Of-Bounds Read Information Disclosure Vulnerability,,Apple,2024-08-09,2024-10-31,83
ZDI-24-1445,ZDI-CAN-25085,Apple,CVE-2024-44236,7.8,2024-10-31,2024-10-31,Apple macOS ICC Profile Parsing Out-Of-Bounds Write Remote Code Execution Vulnerability,,Apple,2024-08-09,2024-10-31,83
ZDI-24-1444,ZDI-CAN-25204,Apple,CVE-2024-44218,8.8,2024-10-31,2024-10-31,Apple SceneKit Improper Validation of Array Index Remote Code Execution Vulnerability,,Apple,2024-08-20,2024-10-31,72
ZDI-24-1443,ZDI-CAN-23979,Apple,CVE-2024-44215,3.3,2024-10-31,2025-03-06,Apple macOS ImageIO JP2 Image Parsing Out-Of-Bounds Read Information Disclosure Vulnerability,,Apple,2024-06-28,2024-10-31,125
ZDI-24-1442,ZDI-CAN-25214,Apple,"CVE-2024-44240, CVE-2024-44302",3.3,2024-10-31,2024-10-31,Apple macOS CoreText Font Ligature Caret List Parsing Out-Of-Bounds Read Information Disclosure Vulnerability,,Apple,2024-08-22,2024-10-31,70
ZDI-24-1332,ZDI-CAN-24026,Adobe,CVE-2024-45146,7.8,2024-10-08,2024-10-08,Adobe Dimension SKP File Parsing Use-After-Free Remote Code Execution Vulnerability,,Adobe,2024-05-01,2024-10-08,160
ZDI-24-1331,ZDI-CAN-24056,Adobe,CVE-2024-45138,7.8,2024-10-08,2024-10-08,Adobe Substance 3D Stager SKP File Parsing Use-After-Free Remote Code Execution Vulnerability,,Adobe,2024-05-01,2024-10-08,160
ZDI-24-1330,ZDI-CAN-24370,Microsoft,CVE-2024-43556,7.8,2024-10-08,2024-10-08,Microsoft Windows win32kfull Use-After-Free Local Privilege Escalation Vulnerability,,Microsoft,2024-07-05,2024-10-08,95
ZDI-24-1321,ZDI-CAN-24149,Apple,CVE-2024-40841,8.8,2024-10-02,2024-10-02,Apple macOS AppleVADriver Out-Of-Bounds Write Remote Code Execution Vulnerability,,Apple,2024-05-09,2024-10-02,146
ZDI-24-1313,ZDI-CAN-24194,Apple,CVE-2024-40777,7.8,2024-10-02,2025-03-06,Apple macOS ImageIO PSD File Parsing Heap-based Buffer Overflow Remote Code Execution Vulnerability,,Apple,2024-06-05,2024-10-02,119
ZDI-24-1312,ZDI-CAN-23980,Apple,CVE-2024-40784,3.3,2024-10-02,2025-03-06,Apple macOS ImageIO KTX Image Parsing Out-Of-Bounds Read Information Disclosure Vulnerability,,Apple,2024-06-05,2024-10-02,119
ZDI-24-1311,ZDI-CAN-23562,Microsoft,CVE-2024-38066,7.8,2024-10-02,2024-10-02,Microsoft Windows Menu DC Path Use-After-Free Local Privilege Escalation Vulnerability,,Microsoft,2024-04-11,2024-10-02,174
ZDI-24-1293,ZDI-CAN-24175,Microsoft,CVE-2024-38249,8.8,2024-09-26,2024-09-26,Microsoft Windows BeginPaint Brush Use-After-Free Local Privilege Escalation Vulnerability,,Microsoft,2024-06-05,2024-09-26,113
ZDI-24-1292,ZDI-CAN-24179,Microsoft,CVE-2024-38249,8.8,2024-09-26,2024-09-26,Microsoft Windows BeginPaint Color Space Use-After-Free Local Privilege Escalation Vulnerability,,Microsoft,2024-06-05,2024-09-26,113
ZDI-24-1291,ZDI-CAN-24091,Microsoft,CVE-2024-38249,7.8,2024-09-26,2024-09-26,Microsoft Windows Device Context Improper Release Local Privilege Escalation Vulnerability,,Microsoft,2024-06-05,2024-09-26,113
ZDI-24-1288,ZDI-CAN-24088,Apple,CVE-2024-40846,7.5,2024-09-25,2024-09-25,Apple macOS AppleIntelKBLGraphicsMTLDriver Out-Of-Bounds Write Remote Code Execution Vulnerability,,Apple,2024-05-21,2024-09-25,127
ZDI-24-1287,ZDI-CAN-24140,Apple,CVE-2024-44160,8.8,2024-09-25,2024-09-25,Apple macOS AppleVADriver Out-Of-Bounds Write Remote Code Execution Vulnerability,,Apple,2024-05-02,2024-09-25,146
ZDI-24-1286,ZDI-CAN-24411,Apple,CVE-2024-44161,4.3,2024-09-25,2024-09-25,Apple macOS AppleGVA Out-Of-Bounds Read Information Disclosure Vulnerability,,Apple,2024-06-06,2024-09-25,111
ZDI-24-1285,ZDI-CAN-24142,Apple,CVE-2024-44154,4.3,2024-09-25,2024-09-25,Apple macOS VideoToolbox Uninitialized Memory Information Disclosure Vulnerability,,Apple,2024-05-02,2024-09-25,146
ZDI-24-1284,ZDI-CAN-24087,Apple,CVE-2024-40841,7.5,2024-09-25,2024-09-25,Apple macOS AppleIntelKBLGraphicsMTLDriver Out-Of-Bounds Read Remote Code Execution Vulnerability,,Apple,2024-05-21,2024-09-25,127
ZDI-24-1283,ZDI-CAN-24570,Apple,CVE-2024-44176,7.8,2024-09-25,2025-03-06,Apple macOS ImageIO JP2 File Parsing Out-Of-Bounds Write Remote Code Execution Vulnerability,,Apple,2024-08-06,2024-09-25,50
ZDI-24-1282,ZDI-CAN-23949,Apple,CVE-2024-40845,4.3,2024-09-25,2024-09-25,Apple macOS AppleGVA Out-Of-Bounds Read Information Disclosure Vulnerability,,Apple,2024-06-05,2024-09-25,112
ZDI-24-1281,ZDI-CAN-24133,Apple,CVE-2024-27861,4.3,2024-09-25,2024-09-25,Apple macOS AppleVADriver Out-Of-Bounds Read Information Disclosure Vulnerability,,Apple,2024-05-02,2024-09-25,146
ZDI-24-1280,ZDI-CAN-24132,Apple,CVE-2024-27861,4.3,2024-09-25,2024-09-25,Apple macOS AppleVADriver Out-Of-Bounds Read Information Disclosure Vulnerability,,Apple,2024-05-02,2024-09-25,146
ZDI-24-1279,ZDI-CAN-24129,Apple,CVE-2024-27860,4.3,2024-09-25,2024-09-25,Apple macOS AppleVADriver Out-Of-Bounds Read Information Disclosure Vulnerability,,Apple,2024-05-02,2024-09-25,146
ZDI-24-1278,ZDI-CAN-24126,Apple,CVE-2024-27861,4.3,2024-09-25,2024-09-25,Apple macOS AppleVADriver Out-Of-Bounds Read Information Disclosure Vulnerability,,Apple,2024-05-02,2024-09-25,146
ZDI-24-1277,ZDI-CAN-24125,Apple,CVE-2024-27861,4.3,2024-09-25,2024-09-25,Apple macOS AppleVADriver Out-Of-Bounds Read Information Disclosure Vulnerability,,Apple,2024-05-02,2024-09-25,146
ZDI-24-1276,ZDI-CAN-24124,Apple,CVE-2024-27861,4.3,2024-09-25,2024-09-25,Apple macOS AppleVADriver Out-Of-Bounds Read Information Disclosure Vulnerability,,Apple,2024-05-02,2024-09-25,146
ZDI-24-1210,ZDI-CAN-24000,Microsoft,CVE-2024-38213,8.8,2024-09-11,2024-09-11,Microsoft Windows Drag and Drop SmartScreen Bypass Vulnerability,,Microsoft,2024-05-02,2024-09-11,132
ZDI-24-1209,ZDI-CAN-23616,Microsoft,CVE-2024-38213,8.8,2024-09-11,2024-09-11,Microsoft Windows Defender SmartScreen Bypass Vulnerability,,Microsoft,2024-03-06,2024-09-11,189
ZDI-24-1207,ZDI-CAN-24998,Microsoft,CVE-2024-43461,7.5,2024-09-10,2024-09-10,Microsoft Windows Internet Explorer File Extension Spoofing Remote Code Execution Vulnerability,,Microsoft,2024-07-19,2024-09-10,53
ZDI-24-1206,ZDI-CAN-24482,Microsoft,CVE-2024-43466,6.5,2024-09-10,2024-09-10,Microsoft SharePoint SPAutoSerializingObject Deserialization of Untrusted Data Denial-of-Service Vulnerability,,Microsoft,2024-06-26,2024-09-10,76
ZDI-24-1205,ZDI-CAN-24174,Microsoft,CVE-2024-38249,8.8,2024-09-10,2024-09-10,Microsoft Windows BeginPaint Pen Use-After-Free Local Privilege Escalation Vulnerability,,Microsoft,2024-06-05,2024-09-10,97
ZDI-24-1204,ZDI-CAN-23930,Microsoft,CVE-2024-38018,8.8,2024-09-10,2024-09-10,Microsoft SharePoint SPThemes Deserialization of Untrusted Data Remote Code Execution Vulnerability,,Microsoft,2024-04-12,2024-09-10,151
ZDI-24-1203,ZDI-CAN-24266,Adobe,CVE-2024-43760,7.8,2024-09-10,2024-09-10,Adobe Photoshop JP2 File Parsing Out-Of-Bounds Write Remote Code Execution Vulnerability,,Adobe,2024-05-30,2024-09-10,103
ZDI-24-1202,ZDI-CAN-24049,Adobe,CVE-2024-39381,7.8,2024-09-10,2024-09-10,Adobe After Effects AVI File Parsing Out-Of-Bounds Write Remote Code Execution Vulnerability,,Adobe,2024-05-01,2024-09-10,132
ZDI-24-1201,ZDI-CAN-24052,Adobe,CVE-2024-39384,7.8,2024-09-10,2024-09-10,Adobe Premiere Pro AVI File Parsing Out-Of-Bounds Write Remote Code Execution Vulnerability,,Adobe,2024-05-01,2024-09-10,132
ZDI-24-1200,ZDI-CAN-24051,Adobe,CVE-2024-39377,7.8,2024-09-10,2024-09-10,Adobe Media Encoder AVI File Parsing Out-Of-Bounds Write Remote Code Execution Vulnerability,,Adobe,2024-05-01,2024-09-10,132
ZDI-24-1199,ZDI-CAN-24048,Adobe,CVE-2024-39382,3.3,2024-09-10,2024-09-10,Adobe After Effects AVI File Parsing Out-Of-Bounds Read Information Disclosure Vulnerability,,Adobe,2024-05-01,2024-09-10,132
ZDI-24-1198,ZDI-CAN-24053,Adobe,CVE-2024-39385,3.3,2024-09-10,2024-09-10,Adobe Premiere Pro AVI File Parsing Use-After-Free Information Disclosure Vulnerability,,Adobe,2024-05-01,2024-09-10,132
ZDI-24-1197,ZDI-CAN-24050,Adobe,CVE-2024-39378,7.8,2024-09-10,2024-09-10,Adobe Audition AVI File Parsing Out-Of-Bounds Write Remote Code Execution Vulnerability,,Adobe,2024-05-01,2024-09-10,132
ZDI-24-1196,ZDI-CAN-24186,Adobe,CVE-2024-45107,3.3,2024-09-09,2024-09-09,Adobe Acrobat Reader DC Doc Object Use-After-Free Information Disclosure Vulnerability,,Adobe,2024-05-30,2024-09-09,102
ZDI-24-1180,ZDI-CAN-24061,Apple,CVE-2024-27857,7.8,2024-08-23,2024-08-23,Apple macOS AMDRadeonX6000MTLDriver KTX Parsing Out-Of-Bounds Write Remote Code Execution Vulnerability,,Apple,2024-05-01,2024-08-23,114
ZDI-24-1179,ZDI-CAN-24068,Apple,CVE-2024-27857,3.3,2024-08-23,2024-08-23,Apple macOS AMDRadeonX6000MTLDriver KTX Parsing Out-Of-Bounds Read Information Disclosure Vulnerability,,Apple,2024-05-01,2024-08-23,114
ZDI-24-1160,ZDI-CAN-23730,Apple,CVE-2024-40789,4.3,2024-08-22,2024-08-22,Apple WebKit WebCodecs VideoFrame Out-Of-Bounds Read Information Disclosure Vulnerability,,Apple,2024-05-01,2024-08-22,113
ZDI-24-1148,ZDI-CAN-24264,Microsoft,CVE-2024-38171,7.8,2024-08-13,2024-08-15,Microsoft Office PowerPoint PPTX File Parsing Use-After-Free Remote Code Execution Vulnerability,,Microsoft,2024-06-06,2024-08-13,68
ZDI-24-1147,ZDI-CAN-23936,Microsoft,CVE-2024-38163,7.0,2024-08-13,2024-08-15,Microsoft Windows 10 WinREUpdateInstaller_2401B_amd64 Link Following Privilege Escalation Vulnerability,,Microsoft,2024-04-12,2024-08-13,123
ZDI-24-1146,ZDI-CAN-23934,Microsoft,CVE-2024-38163,7.0,2024-08-13,2024-08-15,Microsoft Windows 10 WinREUpdateInstaller DLL Hijacking Local Privilege Escalation Vulnerability,,Microsoft,2024-04-12,2024-08-13,123
ZDI-24-1145,ZDI-CAN-23552,Microsoft,CVE-2024-38169,7.8,2024-08-13,2024-08-15,Microsoft Office Visio VSDX File Parsing Out-Of-Bounds Write Remote Code Execution Vulnerability,,Microsoft,2024-05-15,2024-08-13,90
ZDI-24-1144,ZDI-CAN-24055,Adobe,CVE-2024-39388,7.8,2024-08-13,2024-08-15,Adobe Substance 3D Stager SKP File Parsing Use-After-Free Remote Code Execution Vulnerability,,Adobe,2024-05-01,2024-08-13,104
ZDI-24-1143,ZDI-CAN-24031,Adobe,CVE-2024-34124,7.8,2024-08-13,2024-08-15,Adobe Dimension SKP File Parsing Out-Of-Bounds Write Remote Code Execution Vulnerability,,Adobe,2024-05-01,2024-08-13,104
ZDI-24-1142,ZDI-CAN-24030,Adobe,CVE-2024-20789,7.8,2024-08-13,2024-08-15,Adobe Dimension SKP File Parsing Use-After-Free Remote Code Execution Vulnerability,,Adobe,2024-05-01,2024-08-13,104
ZDI-24-1141,ZDI-CAN-24027,Adobe,CVE-2024-34125,3.3,2024-08-13,2024-08-15,Adobe Dimension GLB File Parsing Out-Of-Bounds Read Information Disclosure Vulnerability,,Adobe,2024-04-25,2024-08-13,110
ZDI-24-1140,ZDI-CAN-24028,Adobe,CVE-2024-34126,3.3,2024-08-13,2024-08-15,Adobe Dimension USD File Parsing Out-Of-Bounds Read Information Disclosure Vulnerability,,Adobe,2024-04-25,2024-08-13,110
ZDI-24-1139,ZDI-CAN-24057,Adobe,CVE-2024-39386,7.8,2024-08-13,2024-08-15,Adobe Bridge AVI FIle Parsing Out-Of-Bounds Write Remote Code Execution Vulnerability,,Adobe,2024-05-01,2024-08-13,104
ZDI-24-1138,ZDI-CAN-24607,Adobe,CVE-2024-41840,7.8,2024-08-13,2024-08-15,Adobe Bridge JP2 File Parsing Out-Of-Bounds Write Remote Code Execution Vulnerability,,Adobe,2024-06-21,2024-08-13,53
ZDI-24-1137,ZDI-CAN-24047,Adobe,CVE-2024-39387,3.3,2024-08-13,2024-08-15,Adobe Bridge AVI FIle Parsing Out-Of-Bounds Read Information Disclosure Vulnerability,,Adobe,2024-05-01,2024-08-13,104
ZDI-24-1136,ZDI-CAN-24182,Adobe,CVE-2024-39423,7.8,2024-08-13,2024-08-15,Adobe Acrobat Reader DC AcroForm Annotation Out-Of-Bounds Write Remote Code Execution Vulnerability,,Adobe,2024-05-15,2024-08-13,90
ZDI-24-1135,ZDI-CAN-24090,Adobe,CVE-2024-39422,7.8,2024-08-13,2024-08-15,Adobe Acrobat Reader DC AcroForm Annotation Use-After-Free Remote Code Execution Vulnerability,,Adobe,2024-05-08,2024-08-13,97
ZDI-24-1134,ZDI-CAN-24309,Adobe,CVE-2024-39424,7.8,2024-08-13,2024-08-15,Adobe Acrobat Reader DC Annotation Use-After-Free Remote Code Execution Vulnerability,,Adobe,2024-06-05,2024-08-13,69
ZDI-24-1133,ZDI-CAN-24569,Adobe,CVE-2024-41831,7.8,2024-08-13,2024-08-15,Adobe Acrobat Reader DC AcroForm Use-After-Free Remote Code Execution Vulnerability,,Adobe,2024-06-28,2024-08-13,46
ZDI-24-1132,ZDI-CAN-24310,Adobe,CVE-2024-41833,3.3,2024-08-13,2024-08-15,Adobe Acrobat Reader DC Annotation Out-Of-Bounds Read Information Disclosure Vulnerability,,Adobe,2024-06-06,2024-08-13,68
ZDI-24-1131,ZDI-CAN-24311,Adobe,CVE-2024-41834,3.3,2024-08-13,2024-08-15,Adobe Acrobat Reader DC Annotation Out-Of-Bounds Read Information Disclosure Vulnerability,,Adobe,2024-06-06,2024-08-13,68
ZDI-24-1130,ZDI-CAN-24312,Adobe,CVE-2024-39426,7.8,2024-08-13,2024-08-15,Adobe Acrobat Reader DC Annotation Memory Corruption Remote Code Execution Vulnerability,,Adobe,2024-06-21,2024-08-13,53
ZDI-24-1122,ZDI-CAN-23588,Apple,CVE-2024-27829,3.1,2024-08-08,2024-08-15,Apple macOS VideoToolbox Out-Of-Bounds Read Information Disclosure Vulnerability,,Apple,2024-04-17,2024-08-08,113
ZDI-24-1121,ZDI-CAN-23591,Apple,CVE-2024-27829,4.3,2024-08-08,2024-08-15,Apple macOS VideoToolbox Out-Of-Bounds Read Information Disclosure Vulnerability,,Apple,2024-05-01,2024-08-08,99
ZDI-24-1120,ZDI-CAN-24130,Apple,CVE-2024-27829,8.8,2024-08-08,2024-08-15,Apple macOS AppleVADriver Out-Of-Bounds Write Remote Code Execution Vulnerability,,Apple,2024-05-02,2024-08-08,98
ZDI-24-1119,ZDI-CAN-24059,Apple,CVE-2024-27857,3.3,2024-08-08,2024-08-15,Apple macOS AMDRadeonX6000MTLDriver KTX Parsing Out-Of-Bounds Read Information Disclosure Vulnerability,,Apple,2024-05-01,2024-08-08,99
ZDI-24-1118,ZDI-CAN-24060,Apple,CVE-2024-27857,7.8,2024-08-08,2024-08-15,Apple macOS AMDRadeonX6000MTLDriver KTX Parsing Out-Of-Bounds Write Remote Code Execution Vulnerability,,Apple,2024-05-01,2024-08-08,99
ZDI-24-1117,ZDI-CAN-24063,Apple,CVE-2024-27857,3.3,2024-08-08,2024-08-15,Apple macOS AMDRadeonX6000MTLDriver KTX Parsing Out-Of-Bounds Read Information Disclosure Vulnerability,,Apple,2024-05-01,2024-08-08,99
ZDI-24-1116,ZDI-CAN-24066,Apple,CVE-2024-27857,7.8,2024-08-08,2024-08-15,Apple macOS AMDRadeonX6000MTLDriver KTX Parsing Out-Of-Bounds Write Remote Code Execution Vulnerability,,Apple,2024-05-01,2024-08-08,99
ZDI-24-1115,ZDI-CAN-24069,Apple,CVE-2024-27857,7.8,2024-08-08,2024-08-15,Apple macOS AMDRadeonX6000MTLDriver KTX Parsing Out-Of-Bounds Write Remote Code Execution Vulnerability,,Apple,2024-05-01,2024-08-08,99
ZDI-24-1114,ZDI-CAN-24062,Apple,CVE-2024-27857,3.3,2024-08-08,2024-08-15,Apple macOS AMDRadeonX6000MTLDriver KTX Parsing Out-Of-Bounds Read Information Disclosure Vulnerability,,Apple,2024-05-01,2024-08-08,99
ZDI-24-1113,ZDI-CAN-24064,Apple,CVE-2024-27857,3.3,2024-08-08,2024-08-15,Apple macOS AMDRadeonX6000MTLDriver KTX Parsing Out-Of-Bounds Read Information Disclosure Vulnerability,,Apple,2024-05-01,2024-08-08,99
ZDI-24-1112,ZDI-CAN-24065,Apple,CVE-2024-27857,7.8,2024-08-08,2024-08-15,Apple macOS AMDRadeonX6000MTLDriver KTX Parsing Out-Of-Bounds Write Remote Code Execution Vulnerability,,Apple,2024-05-01,2024-08-08,99
ZDI-24-1111,ZDI-CAN-24067,Apple,CVE-2024-27857,3.3,2024-08-08,2024-08-15,Apple macOS AMDRadeonX6000MTLDriver KTX Parsing Out-Of-Bounds Read Information Disclosure Vulnerability,,Apple,2024-05-01,2024-08-08,99
ZDI-24-1110,ZDI-CAN-24035,Apple,CVE-2024-27857,3.3,2024-08-08,2024-08-15,Apple macOS AMDRadeonX6000MTLDriver KTX Parsing Out-Of-Bounds Read Information Disclosure Vulnerability,,Apple,2024-04-25,2024-08-08,105
ZDI-24-1109,ZDI-CAN-24037,Apple,CVE-2024-27857,3.3,2024-08-08,2024-08-15,Apple macOS AMDRadeonX6000MTLDriver KTX Parsing Out-Of-Bounds Read Information Disclosure Vulnerability,,Apple,2024-04-25,2024-08-08,105
ZDI-24-1108,ZDI-CAN-24036,Apple,CVE-2024-27857,3.3,2024-08-08,2024-08-15,Apple macOS AMDRadeonX6000MTLDriver KTX Parsing Out-Of-Bounds Read Information Disclosure Vulnerability,,Apple,2024-04-25,2024-08-08,105
ZDI-24-1107,ZDI-CAN-24038,Apple,CVE-2024-27857,3.3,2024-08-08,2024-08-15,Apple macOS AMDRadeonX6000MTLDriver KTX Parsing Out-Of-Bounds Read Information Disclosure Vulnerability,,Apple,2024-04-25,2024-08-08,105
ZDI-24-1101,ZDI-CAN-22578,Apple,CVE-2024-27802,3.3,2024-08-06,2024-08-15,Apple macOS Metal Framework KTX Image Parsing Out-Of-Bounds Read Information Disclosure Vulnerability,,Apple,2023-12-20,2024-08-06,230
ZDI-24-1098,ZDI-CAN-22870,Microsoft,,5.5,2024-08-06,2024-08-15,(0Day) Microsoft Windows Error Reporting Service Missing Authorization Arbitrary Process Termination Vulnerability,,Microsoft,2024-01-23,2024-08-06,196
ZDI-24-1097,ZDI-CAN-22453,Microsoft,,9.9,2024-08-06,2024-08-15,(0Day) Microsoft GitHub Dev-Containers Improper Privilege Management Privilege Escalation Vulnerability,,Microsoft,2023-11-03,2024-08-06,277
ZDI-24-1096,ZDI-CAN-22344,Microsoft,,3.3,2024-08-06,2024-08-15,(0Day) Microsoft Office Visio EMF File Parsing Out-Of-Bounds Read Information Disclosure Vulnerability,,Microsoft,2023-10-12,2024-08-06,299
ZDI-24-1095,ZDI-CAN-22326,Microsoft,,3.3,2024-08-06,2024-08-15,(0Day) Microsoft Office Visio DXF File Parsing Out-Of-Bounds Read Information Disclosure Vulnerability,,Microsoft,2023-10-12,2024-08-06,299
ZDI-24-1094,ZDI-CAN-22291,Microsoft,,3.3,2024-08-06,2024-08-15,(0Day) Microsoft Office Visio EMF File Parsing Out-Of-Bounds Read Information Disclosure Vulnerability,,Microsoft,2023-10-12,2024-08-06,299
ZDI-24-1093,ZDI-CAN-22290,Microsoft,,3.3,2024-08-06,2024-08-15,(0Day) Microsoft Office Visio EMF File Parsing Out-Of-Bounds Read Information Disclosure Vulnerability,,Microsoft,2023-10-12,2024-08-06,299
ZDI-24-1092,ZDI-CAN-22289,Microsoft,,3.3,2024-08-06,2024-08-15,(0Day) Microsoft Office Visio DXF File Parsing Out-Of-Bounds Read Information Disclosure Vulnerability,,Microsoft,2023-10-12,2024-08-06,299
ZDI-24-1091,ZDI-CAN-20572,Microsoft,,5.5,2024-08-06,2024-08-15,(0Day) Microsoft Windows DirectComposition Out-Of-Bounds Read Denial-of-Service Vulnerability,,Microsoft,2023-05-01,2024-08-06,463
ZDI-24-1090,ZDI-CAN-20571,Microsoft,,5.5,2024-08-06,2024-08-15,(0Day) Microsoft Windows DirectComposition Null Pointer Dereference Denial-of-Service Vulnerability,,Microsoft,2023-04-28,2024-08-06,466
ZDI-24-1089,ZDI-CAN-20166,Microsoft,,3.3,2024-08-06,2024-08-15,(0Day) Microsoft Office Visio DXF File Parsing Out-Of-Bounds Read Information Disclosure Vulnerability,,Microsoft,2023-01-20,2024-08-06,564
ZDI-24-1088,ZDI-CAN-19051,Microsoft,,3.3,2024-08-06,2024-08-15,(0Day) Microsoft 3D Viewer GLB File Parsing Out-Of-Bounds Read Information Disclosure Vulnerability,,Microsoft,2022-09-30,2024-08-06,676
ZDI-24-1076,ZDI-CAN-23414,Microsoft,CVE-2024-30082,8.8,2024-08-05,2024-08-15,Microsoft Windows Menu DC Color Space Use-After-Free Local Privilege Escalation Vulnerability,,Microsoft,2024-03-08,2024-08-05,150
ZDI-24-1075,ZDI-CAN-23296,Microsoft,,9.8,2024-08-05,2024-08-15,Microsoft PowerShell Reference for Office Products officedocs-cdn Uncontrolled Search Path Element Remote Code Execution Vulnerability,,Microsoft,2024-01-23,2024-08-05,195
ZDI-24-1074,ZDI-CAN-23295,Microsoft,,9.8,2024-08-05,2024-08-15,Microsoft PowerShell Gallery psg-prod-centralus Uncontrolled Search Path Element Remote Code Execution Vulnerability,,Microsoft,2024-01-23,2024-08-05,195
ZDI-24-1073,ZDI-CAN-23269,Microsoft,,9.8,2024-08-05,2024-08-15,Microsoft Azure uAMQP azure-iot-sdks-ci Uncontrolled Search Path Element Remote Code Execution Vulnerability,,Microsoft,2024-01-23,2024-08-05,195
ZDI-24-1072,ZDI-CAN-23258,Microsoft,,9.8,2024-08-05,2024-08-15,Microsoft CameraTraps cameratracrsppftkje Uncontrolled Search Path Element Remote Code Execution Vulnerability,,Microsoft,2024-01-23,2024-08-05,195
ZDI-24-1071,ZDI-CAN-23234,Microsoft,,9.8,2024-08-05,2024-08-15,Microsoft Azure GPT ALE palantirdemoacr Uncontrolled Search Path Element Remote Code Execution Vulnerability,,Microsoft,2024-01-23,2024-08-05,195
ZDI-24-1070,ZDI-CAN-23075,Microsoft,,9.8,2024-08-05,2024-08-15,Microsoft Partner Resources openhacks Uncontrolled Search Path Element Remote Code Execution Vulnerability,,Microsoft,2024-01-12,2024-08-05,206
ZDI-24-1069,ZDI-CAN-23067,Microsoft,,9.8,2024-08-05,2024-08-15,Microsoft Technical Case Studies athena-dashboard Uncontrolled Search Path Element Remote Code Execution Vulnerability,,Microsoft,2024-01-12,2024-08-05,206
ZDI-24-1068,ZDI-CAN-23066,Microsoft,,5.3,2024-08-05,2024-08-15,Microsoft Azure ML.NET Samples mlnetfilestorage Uncontrolled Search Path Element Vulnerability,,Microsoft,2024-01-12,2024-08-05,206
ZDI-24-1067,ZDI-CAN-23055,Microsoft,,9.4,2024-08-05,2024-08-15,Microsoft Azure CollectSFData docs-analytics-eus Uncontrolled Search Path Element Impersonation Vulnerability,,Microsoft,2024-01-10,2024-08-05,208
ZDI-24-1066,ZDI-CAN-23054,Microsoft,,9.8,2024-08-05,2024-08-15,Microsoft Azure DataStoriesSamples machinelearningdatasets Uncontrolled Search Path Element Remote Code Execution Vulnerability,,Microsoft,2024-01-10,2024-08-05,208
ZDI-24-1065,ZDI-CAN-23041,Microsoft,,9.8,2024-08-05,2024-08-15,Microsoft Azure Availability Monitor for Kafka esnewdeveastdockerregistry Uncontrolled Search Path Element Remote Code Execution Vulnerability,,Microsoft,2024-01-10,2024-08-05,208
ZDI-24-1064,ZDI-CAN-23029,Microsoft,,9.8,2024-08-05,2024-08-15,Microsoft AirSim airsimci Uncontrolled Search Path Element Remote Code Execution Vulnerability,,Microsoft,2024-01-10,2024-08-05,208
ZDI-24-1063,ZDI-CAN-23028,Microsoft,,9.8,2024-08-05,2024-08-15,Microsoft Reactor Workshops reactorworkshops Uncontrolled Search Path Element Remote Code Execution Vulnerability,,Microsoft,2024-01-10,2024-08-05,208
ZDI-24-1062,ZDI-CAN-23027,Microsoft,,9.8,2024-08-05,2024-08-15,Microsoft Fluid Framework prague Uncontrolled Search Path Element Remote Code Execution Vulnerability,,Microsoft,2024-01-10,2024-08-05,208
ZDI-24-1061,ZDI-CAN-23026,Microsoft,,9.8,2024-08-05,2024-08-15,Microsoft What The Hack docsmsftpdfs Uncontrolled Search Path Element Remote Code Execution Vulnerability,,Microsoft,2024-01-10,2024-08-05,208
ZDI-24-1060,ZDI-CAN-23023,Microsoft,,9.8,2024-08-05,2024-08-15,Microsoft Azure Aztack aztack1528763526 Uncontrolled Search Path Element Remote Code Execution Vulnerability,,Microsoft,2024-01-10,2024-08-05,208
ZDI-24-1059,ZDI-CAN-23022,Microsoft,,9.8,2024-08-05,2024-08-15,Microsoft Azure Linux Automation konkaciwestus1 Uncontrolled Search Path Element Remote Code Execution Vulnerability,,Microsoft,2024-01-10,2024-08-05,208
ZDI-24-1058,ZDI-CAN-23021,Microsoft,,9.8,2024-08-05,2024-08-15,Microsoft Azure NodeJS LogPoint logpointsassets Uncontrolled Search Path Element Remote Code Execution Vulnerability,,Microsoft,2024-01-10,2024-08-05,208
ZDI-24-1041,ZDI-CAN-20781,Google,CVE-2023-7261,7.8,2024-08-01,2024-08-15,Google Chrome Updater DosDevices Local Privilege Escalation Vulnerability,,Google,2023-04-28,2024-08-01,461
ZDI-24-1040,ZDI-CAN-24127,Apple,CVE-2024-27877,4.3,2024-07-31,2024-08-15,Apple macOS AppleVADriver Out-Of-Bounds Read Information Disclosure Vulnerability,,Apple,2024-05-02,2024-07-31,90
ZDI-24-1035,ZDI-CAN-22668,Microsoft,CVE-2024-21371,8.8,2024-07-31,2024-08-15,Microsoft Windows NTFS Junction Heap-based Buffer Overflow Local Privilege Escalation Vulnerability,,Microsoft,2024-02-06,2024-07-31,176
ZDI-24-993,ZDI-CAN-23299,Microsoft,,7.5,2024-07-29,2024-08-15,Microsoft Azure myapiendpoint.developer.azure-api Improper Access Control Information Disclosure Vulnerability,,Microsoft,2024-03-28,2024-07-29,123
ZDI-24-992,ZDI-CAN-23542,Microsoft,,9.8,2024-07-29,2024-08-15,Microsoft Azure VSTS CLI vstscli Uncontrolled Search Path Element Remote Code Execution Vulnerability,,Microsoft,2024-03-04,2024-07-29,147
ZDI-24-991,ZDI-CAN-23522,Microsoft,,9.8,2024-07-29,2024-08-15,Microsoft Azure Arc Jumpstart Uncontrolled Search Path Element Remote Code Execution Vulnerability,,Microsoft,2024-02-29,2024-07-29,151
ZDI-24-990,ZDI-CAN-19131,Microsoft,,3.3,2024-07-29,2024-08-15,Microsoft 3D Builder GLB File Parsing Out-Of-Bounds Read Information Disclosure Vulnerability,,Microsoft,2022-10-18,2024-07-29,650
ZDI-24-989,ZDI-CAN-23298,Microsoft,,9.8,2024-07-29,2024-08-15,Microsoft Azure Container Network Management sbidprod Uncontrolled Search Path Element Remote Code Execution Vulnerability,,Microsoft,2024-01-31,2024-07-29,180
ZDI-24-988,ZDI-CAN-23268,Microsoft,,9.8,2024-07-29,2024-08-15,Microsoft Azure MQTT azure-iot-sdks-ci Uncontrolled Search Path Element Remote Code Execution Vulnerability,,Microsoft,2024-01-23,2024-07-29,188
ZDI-24-987,ZDI-CAN-23259,Microsoft,,9.8,2024-07-29,2024-08-15,Microsoft Object Detection Solution Accelerator csaddevamlacr Uncontrolled Search Path Element Remote Code Execution Vulnerability,,Microsoft,2024-01-23,2024-07-29,188
ZDI-24-986,ZDI-CAN-23235,Microsoft,,9.8,2024-07-29,2024-08-15,Microsoft Azure IoT Edge Dev Tool iotedgetoolscontainerregistry Uncontrolled Search Path Element Remote Code Execution Vulnerability,,Microsoft,2024-01-23,2024-07-29,188
ZDI-24-985,ZDI-CAN-23050,Microsoft,,9.8,2024-07-29,2024-08-15,Microsoft Azure Service Fabric servicefabricsdkstorage Uncontrolled Search Path Element Remote Code Execution Vulnerability,,Microsoft,2024-01-10,2024-07-29,201
ZDI-24-984,ZDI-CAN-18535,Microsoft,,7.8,2024-07-29,2024-08-15,Microsoft Word DOC File Parsing Use-After-Free Remote Code Execution Vulnerability,,Microsoft,2022-08-25,2024-07-29,704
ZDI-24-983,ZDI-CAN-23036,Microsoft,,9.8,2024-07-29,2024-08-15,Microsoft Azure Go Labs microsoftgoproxy Uncontrolled Search Path Element Remote Code Execution Vulnerability,,Microsoft,2024-01-10,2024-07-29,201
ZDI-24-982,ZDI-CAN-23025,Microsoft,,5.3,2024-07-29,2024-08-15,Microsoft Azure SQL Workshop azuremlsampleexperiments Uncontrolled Search Path Element Vulnerability,,Microsoft,2024-01-10,2024-07-29,201
ZDI-24-981,ZDI-CAN-23020,Microsoft,,9.8,2024-07-29,2024-08-15,Microsoft Azure Machine Learning Notebooks azuremlpackages Uncontrolled Search Path Element Remote Code Execution Vulnerability,,Microsoft,2024-01-10,2024-07-29,201
ZDI-24-980,ZDI-CAN-23019,Microsoft,,9.8,2024-07-29,2024-08-15,Microsoft Azure Machine Learning Forecasting Toolkit azuremlftkrelease Uncontrolled Search Path Element Remote Code Execution Vulnerability,,Microsoft,2024-01-10,2024-07-29,201
ZDI-24-979,ZDI-CAN-19066,Microsoft,,7.8,2024-07-29,2024-08-15,Microsoft Office Visio DXF File Parsing Integer Overflow Remote Code Execution Vulnerability,,Microsoft,2022-10-04,2024-07-29,664
ZDI-24-978,ZDI-CAN-22503,Microsoft,,7.8,2024-07-29,2024-08-15,Microsoft PC Manager Link Following Local Privilege Escalation Vulnerability,,Microsoft,2023-12-22,2024-07-29,220
ZDI-24-977,ZDI-CAN-22158,Microsoft,,7.8,2024-07-29,2024-08-15,Microsoft Office Excel XLW File Parsing Memory Corruption Remote Code Execution Vulnerability,,Microsoft,2023-11-01,2024-07-29,271
ZDI-24-976,ZDI-CAN-20982,Microsoft,,7.8,2024-07-29,2024-08-15,Microsoft Office PowerPoint GLB File Parsing Memory Corruption Remote Code Execution Vulnerability,,Microsoft,2023-05-19,2024-07-29,437
ZDI-24-975,ZDI-CAN-18381,Microsoft,,3.3,2024-07-29,2024-08-15,Microsoft Excel FBX File Parsing Use-After-Free Information Disclosure Vulnerability,,Microsoft,2022-08-23,2024-07-29,706
ZDI-24-965,ZDI-CAN-23325,Apple,CVE-2024-27829,8.8,2024-07-26,2024-08-15,Apple macOS VideoToolbox Out-Of-Bounds Write Remote Code Execution Vulnerability,,Apple,2024-03-08,2024-07-26,140
ZDI-24-816,ZDI-CAN-23370,Microsoft,CVE-2024-30082,8.8,2024-06-20,2024-08-15,Microsoft Windows Menu DC Bitmap Use-After-Free Local Privilege Escalation Vulnerability,,Microsoft,2024-03-08,2024-06-20,104
ZDI-24-665,ZDI-CAN-23848,Mozilla,CVE-2024-29944,7.8,2024-06-12,2024-08-15,(Pwn2Own) Mozilla Firefox Exposed Dangerous Function Sandbox Escape Vulnerability,,Mozilla,2024-04-24,2024-06-12,49
ZDI-24-664,ZDI-CAN-23794,Mozilla,CVE-2024-29943,5.4,2024-06-12,2024-08-15,(Pwn2Own) Mozilla Firefox SpiderMonkey JIT Compiler Out-Of-Bounds Write Remote Code Execution Vulnerability,,Mozilla,2024-03-26,2024-06-12,78
ZDI-24-609,ZDI-CAN-23461,Microsoft,CVE-2024-30082,8.8,2024-06-12,2024-08-15,Microsoft Windows Menu DC Pen Use-After-Free Local Privilege Escalation Vulnerability,,Microsoft,2024-03-08,2024-06-12,96
ZDI-24-608,ZDI-CAN-23462,Microsoft,CVE-2024-30082,8.8,2024-06-12,2024-08-15,Microsoft Windows Menu DC Brush Use-After-Free Local Privilege Escalation Vulnerability,,Microsoft,2024-03-08,2024-06-12,96
ZDI-24-607,ZDI-CAN-23789,Microsoft,CVE-2024-30089,8.8,2024-06-12,2024-08-15,(Pwn2Own) Microsoft Windows mskssrv Driver Use-After-Free Local Privilege Escalation Vulnerability,,Microsoft,2024-03-28,2024-06-12,76
ZDI-24-606,ZDI-CAN-23449,Microsoft,CVE-2024-30088,8.8,2024-06-12,2024-08-15,(Pwn2Own) Microsoft Windows NtQueryInformationToken Race Condition Local Privilege Escalation Vulnerability,,Microsoft,2024-03-28,2024-06-12,76
ZDI-24-605,ZDI-CAN-23774,Microsoft,CVE-2024-30087,8.8,2024-06-12,2024-08-15,(Pwn2Own) Microsoft Windows win32kfull Improper Input Validation Local Privilege Escalation Vulnerability,,Microsoft,2024-04-24,2024-06-12,49
ZDI-24-604,ZDI-CAN-23788,Microsoft,CVE-2024-35250,8.8,2024-06-12,2024-08-15,(Pwn2Own) Microsoft Windows UnserializePropertySet Privilege Context Switching Error Local Privilege Escalation Vulnerability,,Microsoft,2024-03-28,2024-06-12,76
ZDI-24-603,ZDI-CAN-23773,Microsoft,CVE-2024-30084,8.8,2024-06-12,2024-08-15,(Pwn2Own) Microsoft Windows UnserializePropertySet Time-Of-Check Time-Of-Use Local Privilege Escalation Vulnerability,,Microsoft,2024-03-28,2024-06-12,76
ZDI-24-602,ZDI-CAN-23791,Microsoft,CVE-2024-30086,8.8,2024-06-12,2024-08-15,(Pwn2Own) Microsoft Windows DirectComposition Use-After-Free Local Privilege Escalation Vulnerability,,Microsoft,2024-03-28,2024-06-12,76
ZDI-24-601,ZDI-CAN-23845,Microsoft,CVE-2024-30085,7.8,2024-06-12,2024-08-15,(Pwn2Own) Microsoft Windows cldflt Heap-based Buffer Overflow Local Privilege Escalation Vulnerability,,Microsoft,2024-04-03,2024-06-12,70
ZDI-24-599,ZDI-CAN-24054,Adobe,CVE-2024-34115,7.8,2024-06-11,2024-07-01,Adobe Substance 3D Stager SKP File Parsing Out-Of-Bounds Write Remote Code Execution Vulnerability,,Adobe,2024-05-01,2024-06-11,41
ZDI-24-598,ZDI-CAN-16220,Microsoft,,7.7,2024-06-11,2024-07-01,(0Day) Microsoft Windows Incorrect Permission Assignment Information Disclosure Vulnerability,,Microsoft,2022-08-31,2024-06-11,650
ZDI-24-581,ZDI-CAN-22281,Microsoft,,10.0,2024-06-06,2024-07-01,Microsoft Azure SQL Managed Instance Documentation SAS Token Incorrect Permission Assignment Authentication Bypass Vulnerability,,Microsoft,2023-10-03,2024-06-06,247
ZDI-24-580,ZDI-CAN-22149,Microsoft,,9.8,2024-06-06,2024-07-01,Microsoft Artifact Registry Container Images Empty Password Authentication Bypass Vulnerability,,Microsoft,2023-09-20,2024-06-06,260
ZDI-24-579,ZDI-CAN-22309,Apple,CVE-2024-27836,7.8,2024-06-12,2025-03-06,Apple macOS PPM Image Parsing Out-Of-Bounds Write Remote Code Execution Vulnerability,,Apple,2024-01-17,2024-06-12,147
ZDI-24-578,ZDI-CAN-22897,Apple,CVE-2024-23286,3.3,2024-06-06,2025-03-06,Apple macOS CoreGraphics Image Parsing Out-Of-Bounds Read Information Disclosure Vulnerability,,Apple,2024-01-17,2024-06-06,141
ZDI-24-495,ZDI-CAN-23790,Microsoft,CVE-2024-30037,8.8,2024-05-22,2024-07-01,(Pwn2Own) Microsoft Windows CLFS Integer Underflow Local Privilege Escalation Vulnerability,,Microsoft,2024-05-21,2024-05-22,1
ZDI-24-493,ZDI-CAN-22887,Adobe,CVE-2024-30279,7.8,2024-05-22,2024-07-01,Adobe Acrobat Reader DC JPEG2000 File Parsing Out-Of-Bounds Write Remote Code Execution Vulnerability,,Adobe,2024-01-03,2024-05-22,140
ZDI-24-492,ZDI-CAN-22867,Adobe,CVE-2024-30280,7.8,2024-05-22,2024-07-01,Adobe Acrobat Pro DC AcroForm Annotation Out-Of-Bounds Read Remote Code Execution Vulnerability,,Adobe,2024-01-03,2024-05-22,140
ZDI-24-483,ZDI-CAN-23327,Adobe,CVE-2024-30310,7.8,2024-05-19,2024-07-01,Adobe Acrobat Reader DC PDF File Parsing Out-Of-Bounds Write Remote Code Execution Vulnerability,,Adobe,2024-01-30,2024-05-19,110
ZDI-24-482,ZDI-CAN-23474,Adobe,CVE-2024-34094,7.8,2024-05-19,2024-07-01,Adobe Acrobat Reader DC Annotation Use-After-Free Remote Code Execution Vulnerability,,Adobe,2024-03-12,2024-05-19,68
ZDI-24-481,ZDI-CAN-23475,Adobe,CVE-2024-34095,7.8,2024-05-19,2024-07-01,Adobe Acrobat Reader DC Annotation Use-After-Free Remote Code Execution Vulnerability,,Adobe,2024-03-12,2024-05-19,68
ZDI-24-480,ZDI-CAN-23472,Adobe,CVE-2024-34096,7.8,2024-05-19,2024-07-01,Adobe Acrobat Reader DC Annotation Use-After-Free Remote Code Execution Vulnerability,,Adobe,2024-03-12,2024-05-19,68
ZDI-24-479,ZDI-CAN-23466,Adobe,CVE-2024-30284,7.8,2024-05-19,2024-07-01,Adobe Acrobat Reader DC Annotation Use-After-Free Remote Code Execution Vulnerability,,Adobe,2024-03-07,2024-05-19,73
ZDI-24-478,ZDI-CAN-23473,Adobe,CVE-2024-34097,7.8,2024-05-19,2024-07-01,Adobe Acrobat Reader DC Annotation Use-After-Free Remote Code Execution Vulnerability,,Adobe,2024-03-12,2024-05-19,68
ZDI-24-477,ZDI-CAN-23614,Adobe,CVE-2024-34101,3.3,2024-05-19,2024-07-01,Adobe Acrobat Reader DC PDF File Parsing Out-Of-Bounds Read Information Disclosure Vulnerability,,Adobe,2024-03-08,2024-05-19,72
ZDI-24-453,ZDI-CAN-23586,Microsoft,CVE-2024-30043,7.1,2024-05-14,2024-07-01,Microsoft SharePoint BaseXmlDataSource XML External Entity Processing Information Disclosure Vulnerability,,Microsoft,2024-03-07,2024-05-14,68
ZDI-24-452,ZDI-CAN-22417,Microsoft,CVE-2024-30034,8.4,2024-05-14,2024-07-01,Microsoft Windows cldflt Type Confusion Information Disclosure Vulnerability,,Microsoft,2024-01-23,2024-05-14,112
ZDI-24-451,ZDI-CAN-22907,Microsoft,CVE-2024-30033,7.0,2024-05-14,2024-07-01,Microsoft Windows Search Service Link Following Local Privilege Escalation Vulnerability,,Microsoft,2024-01-23,2024-05-14,112
ZDI-24-439,ZDI-CAN-20464,Microsoft,CVE-2023-24948,7.6,2024-05-09,2024-07-01,Microsoft Windows Bluetooth AVDTP Protocol Integer Underflow Remote Code Execution Vulnerability,,Microsoft,2023-03-10,2024-05-09,426
ZDI-24-427,ZDI-CAN-23106,Adobe,CVE-2024-30306,7.8,2024-05-07,2024-07-01,Adobe Acrobat Reader DC AcroForm Out-Of-Bounds Read Remote Code Execution Vulnerability,,Adobe,2024-01-17,2024-05-07,111
ZDI-24-426,ZDI-CAN-23077,Adobe,CVE-2024-30302,3.3,2024-05-07,2024-07-01,Adobe Acrobat Reader DC AcroForm Use-After-Free Information Disclosure Vulnerability,,Adobe,2024-01-17,2024-05-07,111
ZDI-24-425,ZDI-CAN-23044,Adobe,CVE-2024-30303,7.8,2024-05-07,2024-07-01,Adobe Acrobat Reader DC AcroForm Use-After-Free Remote Code Execution Vulnerability,,Adobe,2024-01-17,2024-05-07,111
ZDI-24-424,ZDI-CAN-23043,Adobe,CVE-2024-30305,7.8,2024-05-07,2024-07-01,Adobe Acrobat Reader DC AcroForm Use-After-Free Remote Code Execution Vulnerability,,Adobe,2024-01-17,2024-05-07,111
ZDI-24-423,ZDI-CAN-23042,Adobe,CVE-2024-30301,7.8,2024-05-07,2024-07-01,Adobe Acrobat Reader DC AcroForm Use-After-Free Remote Code Execution Vulnerability,,Adobe,2024-01-21,2024-05-07,107
ZDI-24-422,ZDI-CAN-23040,Adobe,CVE-2024-30304,7.8,2024-05-07,2024-07-01,Adobe Acrobat Reader DC Annotation Use-After-Free Remote Code Execution Vulnerability,,Adobe,2024-01-17,2024-05-07,111
ZDI-24-406,ZDI-CAN-22173,Adobe,CVE-2023-48633,7.8,2024-04-26,2024-07-01,Adobe After Effects AEP File Parsing Use-After-Free Remote Code Execution Vulnerability,,Adobe,2023-09-20,2024-04-26,219
ZDI-24-404,ZDI-CAN-22327,Apple,CVE-2024-23264,3.3,2024-04-25,2024-07-01,Apple macOS Metal Framework PVR File Parsing Out-Of-Bounds Read Information Disclosure Vulnerability,,Apple,2023-11-16,2024-04-25,161
ZDI-24-400,ZDI-CAN-23558,Microsoft,,9.8,2024-04-25,2024-07-01,Microsoft uAMQP for Python azure-iot-sdks-ci Uncontrolled Search Path Element Remote Code Execution Vulnerability,,Microsoft,2024-03-04,2024-04-25,52
ZDI-24-399,ZDI-CAN-22547,Microsoft,CVE-2024-29991,7.5,2024-04-25,2024-07-01,Microsoft Windows MHT File Mark-Of-The-Web Bypass Remote Code Execution Vulnerability,,Microsoft,2024-02-06,2024-04-25,79
ZDI-24-396,ZDI-CAN-23024,Microsoft,,9.8,2024-04-23,2024-07-01,Microsoft Azure ODSP nikisos Uncontrolled Search Path Element Remote Code Execution Vulnerability,,Microsoft,2024-01-10,2024-04-23,104
ZDI-24-369,ZDI-CAN-22648,Google,,5.3,2024-04-22,2024-07-01,Google cAdvisor REST API Improper Access Control Information Disclosure Vulnerability,,Google,2023-11-27,2024-04-22,147
ZDI-24-367,ZDI-CAN-23785,Google,CVE-2024-3159,5.4,2024-04-15,2024-07-01,(Pwn2Own) Google Chrome V8 Enum Cache Out-Of-Bounds Read Remote Code Execution Vulnerability,,Google,2024-03-27,2024-04-15,19
ZDI-24-366,ZDI-CAN-23792,Google,CVE-2024-2887,5.4,2024-04-15,2024-07-01,(Pwn2Own) Google Chrome WASM Improper Input Validation Remote Code Execution Vulnerability,,Google,2024-03-26,2024-04-15,20
ZDI-24-365,ZDI-CAN-23799,Microsoft,CVE-2024-3914,5.4,2024-04-15,2024-07-01,(Pwn2Own) Microsoft Edge DOMArrayBuffer Use-After-Free Remote Code Execution Vulnerability,,Microsoft,2024-03-28,2024-04-15,18
ZDI-24-363,ZDI-CAN-22924,Microsoft,CVE-2024-26158,7.8,2024-04-09,2024-07-01,Microsoft Windows Installer Service Link Following Local Privilege Escalation Vulnerability,,Microsoft,2023-12-22,2024-04-09,109
ZDI-24-362,ZDI-CAN-23397,Microsoft,CVE-2024-20685,5.9,2024-04-09,2024-07-01,Microsoft Azure Private 5G Core InitialUEMessage Improper Input Validation Denial-of-Service Vulnerability,,Microsoft,2024-03-07,2024-04-09,33
ZDI-24-361,ZDI-CAN-23943,Microsoft,CVE-2024-29988,8.8,2024-04-09,2024-07-01,Microsoft Windows Internet Shortcut SmartScreen Bypass Vulnerability,,Microsoft,2024-04-09,2024-04-09,0
ZDI-24-294,ZDI-CAN-23146,Microsoft,CVE-2024-26199,7.8,2024-03-13,2024-07-01,Microsoft Office Performance Monitor Link Following Local Privilege Escalation Vulnerability,,Microsoft,2024-02-06,2024-03-13,36
ZDI-24-293,ZDI-CAN-22552,Microsoft,CVE-2024-21411,8.8,2024-03-13,2024-07-01,Microsoft Skype Protection Mechanism Failure Remote Code Execution Vulnerability,,Microsoft,2023-12-13,2024-03-13,91
ZDI-24-292,ZDI-CAN-22671,Adobe,CVE-2024-20745,7.8,2024-03-13,2024-07-01,Adobe Premiere Pro AVI File Parsing Heap-based Buffer Overflow Remote Code Execution Vulnerability,,Adobe,2023-12-06,2024-03-13,98
ZDI-24-291,ZDI-CAN-22653,Adobe,CVE-2024-20752,7.8,2024-03-13,2024-07-01,Adobe Bridge PS File Parsing Use-After-Free Remote Code Execution Vulnerability,,Adobe,2023-11-28,2024-03-13,106
ZDI-24-284,ZDI-CAN-22674,Adobe,CVE-2024-20765,7.8,2024-03-11,2024-07-01,Adobe Acrobat Reader DC PDF File Parsing Use-After-Free Remote Code Execution Vulnerability,,Adobe,2023-12-06,2024-03-11,96
ZDI-24-283,ZDI-CAN-22250,Apple,CVE-2024-23257,3.3,2024-03-11,2025-03-06,Apple macOS JP2 Image Parsing Uninitialized Pointer Information Disclosure Vulnerability,,Apple,2023-11-01,2024-03-11,131
ZDI-24-208,ZDI-CAN-23012,Microsoft,,9.8,2024-02-26,2024-07-01,Microsoft Azure MCR VSTS CLI vstscli Uncontrolled Search Path Element Remote Code Execution Vulnerability,,Microsoft,2024-01-10,2024-02-26,47
ZDI-24-207,ZDI-CAN-22261,Apple,CVE-2023-42902,8.8,2024-02-26,2024-07-01,Apple macOS VideoToolbox Out-Of-Bounds Write Remote Code Execution Vulnerability,,Apple,2023-10-17,2024-02-26,132
ZDI-24-206,ZDI-CAN-21769,Apple,CVE-2023-42888,3.3,2024-02-26,2024-07-01,Apple macOS ImageIO MPO Parsing Out-Of-Bounds Read Information Disclosure Vulnerability,,Apple,2023-07-27,2024-02-26,214
ZDI-24-169,ZDI-CAN-22647,Adobe,CVE-2024-20739,7.8,2024-02-13,2024-07-01,Adobe Audition AVI File Parsing Heap-based Buffer Overflow Remote Code Execution Vulnerability,,Adobe,2023-11-28,2024-02-13,77
ZDI-24-168,ZDI-CAN-22727,Adobe,CVE-2024-20728,7.8,2024-02-13,2024-07-01,Adobe Acrobat Pro DC Annotation Out-Of-Bounds Write Remote Code Execution Vulnerability,,Adobe,2023-12-06,2024-02-13,69
ZDI-24-167,ZDI-CAN-22516,Adobe,CVE-2024-20734,3.3,2024-02-13,2024-07-01,Adobe Acrobat Pro DC AcroForm Use-After-Free Information Disclosure Vulnerability,,Adobe,2023-12-11,2024-02-13,64
ZDI-24-166,ZDI-CAN-22822,Adobe,CVE-2024-20736,3.3,2024-02-13,2024-07-01,Adobe Acrobat Pro DC AcroForm Out-Of-Bounds Read Information Disclosure Vulnerability,,Adobe,2023-12-20,2024-02-13,55
ZDI-24-165,ZDI-CAN-23100,Microsoft,CVE-2024-21412,8.8,2024-02-13,2024-07-01,Microsoft Windows Internet Shortcut SmartScreen Bypass Vulnerability,,Microsoft,2024-01-11,2024-02-13,33
ZDI-24-164,ZDI-CAN-21970,Microsoft,CVE-2024-21379,7.8,2024-02-13,2024-07-01,Microsoft Office Word PDF File Parsing Out-Of-Bounds Write Remote Code Execution Vulnerability,,Microsoft,2023-10-03,2024-02-13,133
ZDI-24-031,ZDI-CAN-22126,Microsoft,CVE-2024-21310,7.8,2024-01-10,2024-07-01,Microsoft Windows cldflt Integer Overflow Local Privilege Escalation Vulnerability,,Microsoft,2023-10-03,2024-01-10,99
ZDI-24-030,ZDI-CAN-21445,Microsoft,CVE-2024-20677,7.8,2024-01-10,2024-07-01,Microsoft Office Word FBX File Parsing Use-After-Free Remote Code Execution Vulnerability,,Microsoft,2023-07-13,2024-01-10,181
ZDI-25-1127,ZDI-CAN-28038,Apple,CVE-2025-43541,8.8,2025-12-17,2025-12-17,Apple Safari JavaScriptCore FTL DataView byteLength Property Handling Type Confusion Remote Code Execution Vulnerability,,Apple,2025-09-10,2025-12-17,98
ZDI-25-1126,ZDI-CAN-28284,Apple,CVE-2025-43501,8.8,2025-12-17,2025-12-17,Apple Safari JavaScriptCore HashTable Expansion Integer Overflow Remote Code Execution Vulnerability,,Apple,2025-10-15,2025-12-17,63
ZDI-25-1099,ZDI-CAN-27795,Microsoft,CVE-2025-60711,8.8,2025-12-17,2025-12-17,Microsoft Edge Mark-Of-The-Web Removal Remote Code Execution Vulnerability,,Microsoft,2025-09-04,2025-12-17,104
ZDI-25-1058,ZDI-CAN-27311,Microsoft,,3.3,2025-12-10,2025-12-10,(0Day) Microsoft Windows TAR File UI Misrepresentation Vulnerability,,Microsoft,2025-07-25,2025-12-10,138
ZDI-25-1057,ZDI-CAN-26574,Microsoft,,7.8,2025-12-10,2025-12-10,(0Day) Microsoft Visual Studio VsDevCmd Uncontrolled Search Path Element Remote Code Execution Vulnerability,,Microsoft,2025-02-19,2025-12-10,294
ZDI-25-1056,ZDI-CAN-27220,Microsoft,,5.0,2025-12-10,2025-12-10,(0Day) Microsoft ASP.NET SOAP Execution Restriction Bypass Remote Code Execution Vulnerability,,Microsoft,2025-06-25,2025-12-10,168
ZDI-25-1055,ZDI-CAN-27835,Microsoft,,4.3,2025-12-10,2025-12-10,(0Day) Microsoft Windows MP4 File Parsing Null Pointer Dereference Denial-of-Service Vulnerability,,Microsoft,2025-10-08,2025-12-10,63
ZDI-25-1054,ZDI-CAN-26750,Microsoft,,3.3,2025-12-10,2025-12-10,(0Day) Microsoft Windows dir Command Improper Character Neutralization Vulnerability,,Microsoft,2025-04-04,2025-12-10,250
ZDI-25-1053,ZDI-CAN-27955,Microsoft,,3.5,2025-12-10,2025-12-10,(0Day) Microsoft SharePoint Calendar Overlay Hyperlink Injection Vulnerability,,Microsoft,2025-08-28,2025-12-10,104
ZDI-25-1050,ZDI-CAN-26573,Microsoft,,7.8,2025-12-09,2025-12-09,Microsoft Azure Virtual Desktop Link Following Local Privilege Escalation Vulnerability,,Microsoft,2025-08-01,2025-12-09,130
ZDI-25-1049,ZDI-CAN-27759,Microsoft,CVE-2025-62458,8.8,2025-12-09,2025-12-09,Microsoft Windows win32kfull Out-Of-Bounds Write Local Privilege Escalation Vulnerability,,Microsoft,2025-08-07,2025-12-09,124
ZDI-25-1048,ZDI-CAN-27760,Microsoft,CVE-2025-62458,8.8,2025-12-09,2025-12-09,Microsoft Windows win32kfull Out-Of-Bounds Write Local Privilege Escalation Vulnerability,,Microsoft,2025-08-07,2025-12-09,124
ZDI-25-1047,ZDI-CAN-27761,Microsoft,CVE-2025-62458,8.8,2025-12-09,2025-12-09,Microsoft Windows win32kbase Out-Of-Bounds Access Local Privilege Escalation Vulnerability,,Microsoft,2025-08-07,2025-12-09,124
ZDI-25-1046,ZDI-CAN-27832,Microsoft,CVE-2025-62458,8.8,2025-12-09,2025-12-09,Microsoft Windows win32kfull Type Confusion Local Privilege Escalation Vulnerability,,Microsoft,2025-08-07,2025-12-09,124
ZDI-25-1043,ZDI-CAN-27425,Adobe,CVE-2025-64899,7.8,2025-12-09,2025-12-09,Adobe Acrobat Reader DC Annotation Out-Of-Bounds Read Remote Code Execution Vulnerability,,Adobe,2025-06-26,2025-12-09,166
ZDI-25-1011,ZDI-CAN-28039,Apple,CVE-2025-43432,8.8,2025-11-13,2025-11-13,Apple Safari JavaScriptCore Wasm Function Parsing Use-After-Free Remote Code Execution Vulnerability,,Apple,2025-09-04,2025-11-13,70
ZDI-25-1010,ZDI-CAN-27991,Apple,CVE-2025-43457,8.8,2025-11-13,2025-11-13,Apple Safari JavaScriptCore DFG CSE Phase Graph Node Substitution Use-After-Free Remote Code Execution Vulnerability,,Apple,2025-08-26,2025-11-13,79
ZDI-25-1009,ZDI-CAN-27849,Apple,CVE-2025-43384,7.8,2025-11-13,2025-11-13,Apple macOS USD readAccessorData Heap-based Buffer Overflow Remote Code Execution Vulnerability,,Apple,2025-08-07,2025-11-13,98
ZDI-25-1008,ZDI-CAN-27894,Apple,CVE-2025-43380,7.8,2025-11-13,2025-11-13,Apple macOS ICC Profile Parsing Out-Of-Bounds Write Remote Code Execution Vulnerability,,Apple,2025-08-14,2025-11-13,91
ZDI-25-1007,ZDI-CAN-27825,Apple,CVE-2025-43438,4.3,2025-11-13,2025-11-13,Apple Safari JavaScriptCore operationMapIteratorNext Type Confusion Information Disclosure Vulnerability,,Apple,2025-08-19,2025-11-13,86
ZDI-25-1006,ZDI-CAN-27796,Apple,CVE-2025-43445,6.3,2025-11-13,2025-11-13,Apple macOS CoreText Font Glyph Parsing Out-Of-Bounds Read Remote Code Execution Vulnerability,,Apple,2025-07-29,2025-11-13,107
ZDI-25-1005,ZDI-CAN-27348,Apple,CVE-2025-43401,4.3,2025-11-13,2025-11-13,Apple macOS WindowServer Excessive Iteration Denial-of-Service Vulnerability,,Apple,2025-07-08,2025-11-13,128
ZDI-25-1004,ZDI-CAN-27854,Apple,CVE-2025-43386,7.8,2025-11-13,2025-11-13,Apple macOS USD importMeshJointWeights Heap-based Buffer Overflow Remote Code Execution Vulnerability,,Apple,2025-08-07,2025-11-13,98
ZDI-25-1003,ZDI-CAN-27853,Apple,CVE-2025-43383,7.8,2025-11-13,2025-11-13,Apple macOS USD importNodeAnimations Heap-based Buffer Overflow Remote Code Execution Vulnerability,,Apple,2025-08-07,2025-11-13,98
ZDI-25-1002,ZDI-CAN-27848,Apple,CVE-2025-43385,7.8,2025-11-13,2025-11-13,Apple macOS USD importMeshes Heap-based Buffer Overflow Remote Code Execution Vulnerability,,Apple,2025-08-07,2025-11-13,98
ZDI-25-1001,ZDI-CAN-27263,Microsoft,CVE-2025-60709,7.5,2025-11-13,2025-11-13,Microsoft Windows Common Log File System Out-Of-Bounds Read Information Disclosure Vulnerability,,Microsoft,2025-07-25,2025-11-13,111
ZDI-25-1000,ZDI-CAN-28025,Adobe,CVE-2025-61844,3.3,2025-11-13,2025-11-13,Adobe USD-Fileformat-plugins usdGltf Out-Of-Bounds Read Information Disclosure Vulnerability,,Adobe,2025-09-04,2025-11-13,70
ZDI-25-999,ZDI-CAN-28023,Adobe,CVE-2025-61845,3.3,2025-11-13,2025-11-13,Adobe USD-Fileformat-plugins usdGltf Out-Of-Bounds Read Information Disclosure Vulnerability,,Adobe,2025-09-04,2025-11-13,70
ZDI-25-998,ZDI-CAN-28024,Adobe,CVE-2025-61843,3.3,2025-11-13,2025-11-13,Adobe USD-Fileformat-plugins usdGltf Out-Of-Bounds Read Information Disclosure Vulnerability,,Adobe,2025-09-04,2025-11-13,70
ZDI-25-997,ZDI-CAN-28027,Adobe,CVE-2025-61842,3.3,2025-11-13,2025-11-13,Adobe USD-Fileformat-plugins usdGltf Use-After-Free Information Disclosure Vulnerability,,Adobe,2025-09-04,2025-11-13,70
ZDI-25-996,ZDI-CAN-28022,Adobe,CVE-2025-61841,3.3,2025-11-13,2025-11-13,Adobe USD-Fileformat-plugins usdGltf Out-Of-Bounds Read Information Disclosure Vulnerability,,Adobe,2025-09-04,2025-11-13,70
ZDI-25-995,ZDI-CAN-28026,Adobe,CVE-2025-61840,3.3,2025-11-13,2025-11-13,Adobe USD-Fileformat-plugins usdGltf Out-Of-Bounds Read Information Disclosure Vulnerability,,Adobe,2025-09-04,2025-11-13,70
ZDI-25-994,ZDI-CAN-28072,Adobe,CVE-2025-61839,7.8,2025-11-13,2025-11-13,Adobe USD-Fileformat-plugins Out-Of-Bounds Read Remote Code Execution Vulnerability,,Adobe,2025-09-04,2025-11-13,70
ZDI-25-993,ZDI-CAN-28071,Adobe,CVE-2025-61838,7.8,2025-11-13,2025-11-13,Adobe USD-Fileformat-plugins usdGltf Heap-based Buffer Overflow Remote Code Execution Vulnerability,,Adobe,2025-09-04,2025-11-13,70
ZDI-25-992,ZDI-CAN-28021,Adobe,CVE-2025-61837,7.8,2025-11-13,2025-11-13,Adobe USD-Fileformat-plugins usdGltf Heap-based Buffer Overflow Remote Code Execution Vulnerability,,Adobe,2025-08-28,2025-11-13,77
ZDI-25-964,ZDI-CAN-28057,Microsoft,CVE-2025-50154,3.3,2025-10-27,2025-10-27,Microsoft Windows LNK File Parsing Improper Input Validation NTLM Relay Vulnerability,,Microsoft,2025-09-10,2025-10-27,47
ZDI-25-953,ZDI-CAN-27289,Microsoft,CVE-2025-59284,3.3,2025-10-14,2025-10-14,Microsoft Windows TAR File Parsing NTLM Relay Vulnerability,,Microsoft,2025-07-25,2025-10-14,81
ZDI-25-901,ZDI-CAN-27586,Apple,CVE-2025-43368,4.3,2025-09-18,2025-09-18,Apple Safari IPC Connection Invalidation Use-After-Free Information Disclosure Vulnerability,,Apple,2025-07-22,2025-09-18,58
ZDI-25-900,ZDI-CAN-27407,Apple,CVE-2025-43346,8.8,2025-09-18,2025-09-18,Apple macOS OGG Audio File Header Parsing Memory Corruption Remote Code Execution Vulnerability,,Apple,2025-06-18,2025-09-18,92
ZDI-25-899,ZDI-CAN-27286,Apple,CVE-2025-43349,7.8,2025-09-18,2025-09-18,Apple macOS Audio APAC Frame Decoding Out-Of-Bounds Write Remote Code Execution Vulnerability,,Apple,2025-06-12,2025-09-18,98
ZDI-25-892,ZDI-CAN-24739,Microsoft,,7.5,2025-09-09,2025-09-09,Microsoft .NET IsTypeAuthorized Deserialization of Untrusted Data Denial-of-Service Vulnerability,,Microsoft,2024-07-12,2025-09-09,424
ZDI-25-878,ZDI-CAN-26523,Apple,CVE-2025-43284,6.5,2025-08-28,2026-02-04,Apple macOS AppleIntelKBLGraphics Out-Of-Bounds Read Information Disclosure Vulnerability,,Apple,2025-04-04,2025-08-28,146
ZDI-25-846,ZDI-CAN-27058,Apple,CVE-2025-31281,3.3,2025-08-14,2025-08-14,Apple macOS USD importMeshJointWeights Out-Of-Bounds Read Information Disclosure Vulnerability,,Apple,2025-04-25,2025-08-14,111
ZDI-25-845,ZDI-CAN-27174,Microsoft,CVE-2025-53132,8.8,2025-08-14,2025-08-14,(Pwn2Own) Microsoft Windows win32kfull Race Condition Local Privilege Escalation Vulnerability,,Microsoft,2025-05-21,2025-08-14,85
ZDI-25-844,ZDI-CAN-27541,Microsoft,CVE-2025-53788,4.7,2025-08-14,2025-08-14,Microsoft Windows Subsystem for Linux WslCoreVm::Initialize Incorrect Privilege Management Information Disclosure Vulnerability,,Microsoft,2025-07-09,2025-08-14,36
ZDI-25-843,ZDI-CAN-27188,Microsoft,CVE-2025-50168,8.8,2025-08-14,2025-08-14,(Pwn2Own) Microsoft Windows win32kbase Type Confusion Local Privilege Escalation Vulnerability,,Microsoft,2025-05-23,2025-08-14,83
ZDI-25-842,ZDI-CAN-27171,Microsoft,CVE-2025-53156,3.8,2025-08-14,2025-08-14,(Pwn2Own) Microsoft Windows Exposed Dangerous Function Information Disclosure Vulnerability,,Microsoft,2025-06-12,2025-08-14,63
ZDI-25-841,ZDI-CAN-27235,Microsoft,CVE-2025-53723,8.8,2025-08-14,2025-08-14,(Pwn2Own) Microsoft Windows 11 vhdmp Integer Overflow Local Privilege Escalation Vulnerability,,Microsoft,2025-05-23,2025-08-14,83
ZDI-25-840,ZDI-CAN-27256,Microsoft,CVE-2025-53155,8.8,2025-08-14,2025-08-14,(Pwn2Own) Microsoft Windows 11 vhdmp Improper Validation of Array Index Local Privilege Escalation Vulnerability,,Microsoft,2025-05-23,2025-08-14,83
ZDI-25-839,ZDI-CAN-26363,Microsoft,CVE-2025-53783,9.8,2025-08-14,2025-08-14,Microsoft Teams Real Time Media Manager Integer Underflow Remote Code Execution Vulnerability,,Microsoft,2025-04-16,2025-08-14,120
ZDI-25-838,ZDI-CAN-27158,Microsoft,CVE-2025-50167,8.8,2025-08-14,2025-08-14,(Pwn2Own) Microsoft Windows 11 vhdmp Use-After-Free Local Privilege Escalation Vulnerability,,Microsoft,2025-05-23,2025-08-14,83
ZDI-25-825,ZDI-CAN-26281,Apple,,3.3,2025-08-11,2025-08-11,Apple macOS AudioToolboxCore Audio Conversion Out-Of-Bounds Read Information Disclosure Vulnerability,,Apple,2025-01-28,2025-08-11,195
ZDI-25-824,ZDI-CAN-26364,Microsoft,,3.3,2025-08-06,2025-08-06,(0Day) Microsoft Windows Theme File Parsing Improper Input Validation NTLM Relay Vulnerability,,Microsoft,2025-01-30,2025-08-06,188
ZDI-25-823,ZDI-CAN-26372,Microsoft,,3.3,2025-08-06,2025-08-06,(0Day) Microsoft Windows Theme File Parsing Improper Input Validation NTLM Relay Vulnerability,,Microsoft,2025-01-30,2025-08-06,188
ZDI-25-822,ZDI-CAN-25207,Microsoft,,6.5,2025-08-06,2025-08-06,(0Day) Microsoft SharePoint GetTransformer Unsafe Reflection Denial-of-Service Vulnerability,,Microsoft,2024-08-22,2025-08-06,349
ZDI-25-821,ZDI-CAN-24974,Microsoft,,7.5,2025-08-06,2025-08-06,(0Day) Microsoft Windows Internet Explorer Remote Code Execution Vulnerability,,Microsoft,2024-07-18,2025-08-06,384
ZDI-25-820,ZDI-CAN-24831,Microsoft,,8.1,2025-08-06,2025-08-06,(0Day) Microsoft SharePoint IsAuthorizedType Deserialization of Untrusted Data Information Disclosure and Denial-of-Service Vulnerability,,Microsoft,2024-07-12,2025-08-06,390
ZDI-25-819,ZDI-CAN-24425,Microsoft,,7.1,2025-08-06,2025-08-06,(0Day) Microsoft Windows NetBIOS Hostname SmartScreen Bypass Remote Code Execution Vulnerability,,Microsoft,2024-06-12,2025-08-06,420
ZDI-25-818,ZDI-CAN-24078,Microsoft,,7.5,2025-08-06,2025-08-06,(0Day) Microsoft Windows OneDrive SmartScreen Bypass Vulnerability,,Microsoft,2024-06-06,2025-08-06,426
ZDI-25-817,ZDI-CAN-23584,Microsoft,,6.5,2025-08-06,2025-08-06,(0Day) Microsoft Edge PDF NTLM Response Information Disclosure Vulnerability,,Microsoft,2024-06-05,2025-08-06,427
ZDI-25-816,ZDI-CAN-23960,Microsoft,,5.3,2025-08-06,2025-08-06,(0Day) Microsoft Azure AP5GC gNB-ID Use of Multiple Resources with Duplicate Identifier Denial-Of-Service Vulnerability,,Microsoft,2024-04-25,2025-08-06,468
ZDI-25-815,ZDI-CAN-23990,Microsoft,,8.8,2025-08-06,2025-08-06,(0Day) Microsoft Windows CAB File SmartScreen Bypass Vulnerability,,Microsoft,2024-04-24,2025-08-06,469
ZDI-25-814,ZDI-CAN-23548,Microsoft,,6.5,2025-08-06,2025-08-06,(0Day) Microsoft Windows MonikerLink Information Disclosure Vulnerability,,Microsoft,2024-02-27,2025-08-06,526
ZDI-25-813,ZDI-CAN-23444,Microsoft,,7.5,2025-08-06,2025-08-06,(0Day) Microsoft PowerShell TryModuleAutoLoading Directory Traversal Remote Code Execution Vulnerability,,Microsoft,2024-02-21,2025-08-06,532
ZDI-25-812,ZDI-CAN-23938,Microsoft,,8.8,2025-08-06,2025-08-06,(0Day) Microsoft Windows SmartScreen Bypass Remote Code Execution Vulnerability,,Microsoft,2024-04-12,2025-08-06,481
ZDI-25-811,ZDI-CAN-23946,Microsoft,,4.3,2025-08-06,2025-08-06,(0Day) Microsoft Office OfficeApps Unintended Proxy Information Disclosure Vulnerability,,Microsoft,2024-04-17,2025-08-06,476
ZDI-25-810,ZDI-CAN-23945,Microsoft,,8.8,2025-08-06,2025-08-06,(0Day) Microsoft Windows ZIP File Insufficient UI Warning Remote Code Execution Vulnerability,,Microsoft,2024-04-17,2025-08-06,476
ZDI-25-809,ZDI-CAN-23450,Microsoft,,8.8,2025-08-06,2025-08-06,(0Day) Microsoft Exchange PowerShell Exposed Dangerous Method NTLM Relay Vulnerability,,Microsoft,2024-02-21,2025-08-06,532
ZDI-25-775,ZDI-CAN-25494,Google,,7.5,2025-08-05,2025-08-05,(0Day) Google Chrome SwiftShader Out-Of-Bound Write Remote Code Execution Vulnerability,,Google,2024-10-03,2025-08-05,306
ZDI-25-774,ZDI-CAN-24741,Google,,8.8,2025-08-05,2025-08-05,(0Day) Google Drive ZIP File Mark-of-the-Web Bypass Remote Code Execution Vulnerability,,Google,2024-07-12,2025-08-05,389
ZDI-25-773,ZDI-CAN-24742,Google,,8.8,2025-08-05,2025-08-05,(0Day) Google Drive File Sharing Mark-of-the-Web Bypass Vulnerability,,Google,2024-07-05,2025-08-05,396
ZDI-25-770,ZDI-CAN-25335,Microsoft,,8.8,2025-08-01,2025-08-01,Microsoft Skype Chromium Remote Code Execution Vulnerability,,Microsoft,2025-01-30,2025-08-01,183
ZDI-25-728,ZDI-CAN-26782,Apple,CVE-2025-31239,7.8,2025-07-30,2025-07-30,Apple macOS MediaToolbox Framework Memory Corruption Remote Code Execution Vulnerability,,Apple,2025-03-25,2025-07-30,127
ZDI-25-727,ZDI-CAN-25365,Apple,,7.8,2025-07-30,2025-07-30,Apple macOS libFontValidation kern Table Parsing Stack-based Buffer Overflow Remote Code Execution Vulnerability,,Apple,2024-09-19,2025-07-30,314
ZDI-25-709,ZDI-CAN-27217,Apple,CVE-2025-43214,8.8,2025-07-29,2025-08-26,Apple Safari JavaScriptCore WasmToJSException Type Confusion Remote Code Execution Vulnerability,,Apple,2025-06-10,2025-07-29,49
ZDI-25-708,ZDI-CAN-22536,Mozilla,CVE-2024-3863,7.5,2025-07-29,2025-07-29,Mozilla Firefox Web Page Download Mark-Of-The-Web Protection Mechanism Failure Vulnerability,,Mozilla,2024-02-13,2025-07-29,532
ZDI-25-691,ZDI-CAN-26915,Apple,CVE-2025-43221,3.3,2025-07-29,2025-07-29,Apple macOS USD importAnimations Out-Of-Bounds Read Information Disclosure Vulnerability,,Apple,2025-04-08,2025-07-29,112
ZDI-25-690,ZDI-CAN-26909,Apple,CVE-2025-43221,3.3,2025-07-29,2025-07-29,Apple macOS USD importNodeAnimations Out-Of-Bounds Read Information Disclosure Vulnerability,,Apple,2025-04-08,2025-07-29,112
ZDI-25-689,ZDI-CAN-27107,Apple,CVE-2025-31281,7.8,2025-07-29,2025-07-29,Apple macOS USD importNodeAnimations Heap-based Buffer Overflow Remote Code Execution Vulnerability,,Apple,2025-05-02,2025-07-29,88
ZDI-25-688,ZDI-CAN-26966,Apple,CVE-2025-31281,3.3,2025-07-29,2025-07-29,Apple macOS USD importNodeAnimations Out-Of-Bounds Read Information Disclosure Vulnerability,,Apple,2025-04-16,2025-07-29,104
ZDI-25-687,ZDI-CAN-26846,Apple,CVE-2025-31281,3.3,2025-07-29,2025-07-29,Apple macOS USD readAccessorDataToFloat Out-Of-Bounds Read Information Disclosure Vulnerability,,Apple,2025-04-04,2025-07-29,116
ZDI-25-686,ZDI-CAN-26914,Apple,CVE-2025-43224,3.3,2025-07-29,2025-07-29,Apple macOS USD importNodeAnimations Out-Of-Bounds Read Information Disclosure Vulnerability,,Apple,2025-04-08,2025-07-29,112
ZDI-25-685,ZDI-CAN-26853,Apple,CVE-2025-43224,3.3,2025-07-29,2025-07-29,Apple macOS USD importNodeAnimations Out-Of-Bounds Read Information Disclosure Vulnerability,,Apple,2025-04-04,2025-07-29,116
ZDI-25-684,ZDI-CAN-26830,Apple,CVE-2025-43224,3.3,2025-07-29,2025-07-29,Apple macOS USD importNodeAnimations Out-Of-Bounds Read Information Disclosure Vulnerability,,Apple,2025-04-04,2025-07-29,116
ZDI-25-683,ZDI-CAN-27105,Apple,CVE-2025-43264,7.8,2025-07-29,2025-07-29,Apple macOS USD importMeshJointWeights Heap-based Buffer Overflow Remote Code Execution Vulnerability,,Apple,2025-05-02,2025-07-29,88
ZDI-25-682,ZDI-CAN-26829,Apple,CVE-2025-43264,7.8,2025-07-29,2025-07-29,Apple macOS USD importMeshes Heap-based Buffer Overflow Remote Code Execution Vulnerability,,Apple,2025-04-04,2025-07-29,116
ZDI-25-681,ZDI-CAN-27287,Apple,CVE-2025-43210,8.8,2025-07-29,2025-07-29,Apple macOS MediaToolbox Framework Memory Corruption Remote Code Execution Vulnerability,,Apple,2025-05-29,2025-07-29,61
ZDI-25-680,ZDI-CAN-27274,Apple,CVE-2025-43186,7.8,2025-07-29,2025-07-29,Apple macOS AudioToolbox MP4 File Parsing Memory Corruption Remote Code Execution Vulnerability,,Apple,2025-05-23,2025-07-29,67
ZDI-25-679,ZDI-CAN-27106,Apple,CVE-2025-43215,3.3,2025-07-29,2025-07-29,Apple macOS USD readColor Out-Of-Bounds Read Information Disclosure Vulnerability,,Apple,2025-05-02,2025-07-29,88
ZDI-25-678,ZDI-CAN-27041,Apple,CVE-2025-43239,7.8,2025-07-29,2025-07-29,Apple macOS ICC Profile Parsing Out-Of-Bounds Write Remote Code Execution Vulnerability,,Apple,2025-04-25,2025-07-29,95
ZDI-25-677,ZDI-CAN-27036,Apple,CVE-2025-43218,3.3,2025-07-29,2025-07-29,Apple macOS USD CustomLoadImageData Out-Of-Bounds Read Information Disclosure Vulnerability,,Apple,2025-04-25,2025-07-29,95
ZDI-25-676,ZDI-CAN-26978,Apple,CVE-2025-43219,7.8,2025-07-29,2025-07-29,Apple macOS USD importSkeletons Out-Of-Bounds Write Remote Code Execution Vulnerability,,Apple,2025-04-16,2025-07-29,104
ZDI-25-675,ZDI-CAN-26847,Apple,CVE-2025-31280,3.3,2025-07-29,2025-07-29,Apple macOS USD readAccessorInts Out-Of-Bounds Read Information Disclosure Vulnerability,,Apple,2025-04-04,2025-07-29,116
ZDI-25-674,ZDI-CAN-26636,Apple,CVE-2025-43255,6.5,2025-07-29,2025-07-29,Apple macOS AppleIntelKBLGraphics Out-Of-Bounds Read Information Disclosure Vulnerability,,Apple,2025-04-04,2025-07-29,116
ZDI-25-673,ZDI-CAN-26616,Apple,CVE-2025-43209,8.8,2025-07-29,2025-07-29,Apple Safari getHourCycles Stack-based Buffer Overflow Remote Code Execution Vulnerability,,Apple,2025-06-05,2025-07-29,54
ZDI-25-653,ZDI-CAN-27791,Microsoft,CVE-2025-53770,8.8,2025-07-25,2025-07-25,(Pwn2Own) Microsoft SharePoint Deserialization of Untrusted Data Remote Code Execution Vulnerability,,Microsoft,2025-07-24,2025-07-25,1
ZDI-25-652,ZDI-CAN-27790,Microsoft,CVE-2025-53771,6.5,2025-07-25,2025-07-25,(Pwn2Own) Microsoft SharePoint ToolPane Authentication Bypass Vulnerability,,Microsoft,2025-07-24,2025-07-25,1
ZDI-25-584,ZDI-CAN-27167,Microsoft,CVE-2025-49727,8.8,2025-07-08,2025-07-08,Microsoft Windows win32kfull Out-Of-Bounds Write Local Privilege Escalation Vulnerability,,Microsoft,2025-05-21,2025-07-08,48
ZDI-25-583,ZDI-CAN-26791,Microsoft,CVE-2025-49732,7.8,2025-07-08,2025-07-08,Microsoft Windows win32kfull Out-Of-Bounds Write Local Privilege Escalation Vulnerability,,Microsoft,2025-04-04,2025-07-08,95
ZDI-25-582,ZDI-CAN-27246,Microsoft,CVE-2025-49740,7.0,2025-07-08,2025-07-08,Microsoft Windows Startup Folder SmartScreen Bypass Vulnerability,,Microsoft,2025-05-21,2025-07-08,48
ZDI-25-581,ZDI-CAN-27247,Microsoft,CVE-2025-49704,8.8,2025-07-08,2025-07-08,(Pwn2Own) Microsoft SharePoint DataSetSurrogateSelector Deserialization of Untrusted Data Remote Code Execution Vulnerability,,Microsoft,2025-05-29,2025-07-08,40
ZDI-25-580,ZDI-CAN-27162,Microsoft,CVE-2025-49706,6.5,2025-07-08,2025-07-08,(Pwn2Own) Microsoft SharePoint ToolPane Authentication Bypass Vulnerability,,Microsoft,2025-05-29,2025-07-08,40
ZDI-25-579,ZDI-CAN-26249,Microsoft,CVE-2025-47993,7.8,2025-07-08,2025-07-08,Microsoft PC Manager Uncontrolled Search Path Element Local Privilege Escalation Vulnerability,,Microsoft,2025-03-12,2025-07-08,118
ZDI-25-578,ZDI-CAN-26768,Microsoft,CVE-2025-49742,7.8,2025-07-08,2025-07-08,Microsoft Windows win32kfull Integer Overflow Local Privilege Escalation Vulnerability,,Microsoft,2025-04-04,2025-07-08,95
ZDI-25-577,ZDI-CAN-26358,Microsoft,CVE-2025-48820,7.8,2025-07-08,2025-07-08,Microsoft Windows AppX Deployment Service Link Following Local Privilege Escalation Vulnerability,,Microsoft,2025-01-28,2025-07-08,161
ZDI-25-423,ZDI-CAN-23719,Microsoft,,9.8,2025-06-25,2025-06-25,Microsoft WinJS winjsdevelop Uncontrolled Search Path Element Remote Code Execution Vulnerability,,Microsoft,2024-03-14,2025-06-25,468
ZDI-25-422,ZDI-CAN-24823,Microsoft,,3.7,2025-06-25,2025-06-25,Microsoft Azure Machine Learning Environments Denial-of-Service Vulnerability,,Microsoft,2024-07-12,2025-06-25,348
ZDI-25-421,ZDI-CAN-24622,Microsoft,,5.3,2025-06-25,2025-06-25,Microsoft Azure App Services Information Disclosure Vulnerability,,Microsoft,2024-07-05,2025-06-25,355
ZDI-25-418,ZDI-CAN-26498,Apple,CVE-2025-31196,4.3,2025-06-24,2025-06-24,Apple macOS CoreGraphics PDF File Parsing Out-Of-Bounds Read Information Disclosure Vulnerability,,Apple,2025-03-06,2025-06-24,110
ZDI-25-359,ZDI-CAN-26586,Microsoft,CVE-2025-47959,7.8,2025-06-10,2025-06-11,Microsoft Visual Studio initializeCommand Insufficient UI Warning Remote Code Execution Vulnerability,,Microsoft,2025-02-19,2025-06-10,111
ZDI-25-338,ZDI-CAN-26593,Adobe,CVE-2025-43574,7.8,2025-06-10,2025-06-10,Adobe Acrobat Reader DC Collab Object Use-After-Free Remote Code Execution Vulnerability,,Adobe,2025-03-05,2025-06-10,97
ZDI-25-337,ZDI-CAN-26777,Adobe,CVE-2025-47112,3.3,2025-06-10,2025-06-10,Adobe Acrobat Reader DC Font Parsing Out-Of-Bounds Read Information Disclosure Vulnerability,,Adobe,2025-04-30,2025-06-10,41
ZDI-25-336,ZDI-CAN-26590,Adobe,CVE-2025-43573,7.8,2025-06-10,2025-06-10,Adobe Acrobat Reader DC Collab Object Use-After-Free Remote Code Execution Vulnerability,,Adobe,2025-03-05,2025-06-10,97
ZDI-25-335,ZDI-CAN-26342,Adobe,CVE-2025-43575,7.8,2025-06-10,2025-06-10,Adobe Acrobat Reader DC Doc Object Out-Of-Bounds Write Remote Code Execution Vulnerability,,Adobe,2025-03-11,2025-06-10,91
ZDI-25-334,ZDI-CAN-26776,Microsoft,CVE-2025-30394,8.6,2025-06-10,2025-06-10,Microsoft Windows Remote Desktop Gateway Service Null Pointer Dereference Denial-of-Service Vulnerability,,Microsoft,2025-05-02,2025-06-10,39
ZDI-25-333,ZDI-CAN-26487,Microsoft,CVE-2025-32714,7.8,2025-06-10,2025-06-10,Microsoft Windows Installer Service Uncontrolled Search Path Element Local Privilege Escalation Vulnerability,,Microsoft,2025-02-04,2025-06-10,126
ZDI-25-332,ZDI-CAN-26710,Microsoft,CVE-2025-33075,7.8,2025-06-10,2025-06-10,Microsoft Windows Installer Service Link Following Local Privilege Escalation Vulnerability,,Microsoft,2025-03-12,2025-06-10,90
ZDI-25-308,ZDI-CAN-25684,Adobe,CVE-2025-30310,7.8,2025-05-21,2025-05-21,Adobe Dreamweaver V8 Remote Code Execution Vulnerability,,Adobe,2024-12-11,2025-05-21,161
ZDI-25-305,ZDI-CAN-24156,Apple,CVE-2025-31219,8.8,2025-05-21,2025-05-21,Apple XNU kernel vm_map Race Condition Local Privilege Escalation Vulnerability,,Apple,2025-02-13,2025-05-21,97
ZDI-25-304,ZDI-CAN-26603,Apple,CVE-2025-31251,8.8,2025-05-21,2025-05-21,Apple macOS JPEG Image Decoding Out-Of-Bounds Write Remote Code Execution Vulnerability,,Apple,2025-02-21,2025-05-21,89
ZDI-25-303,ZDI-CAN-26148,Apple,CVE-2025-24222,4.3,2025-05-21,2025-05-21,Apple Safari SandboxBroker ZIP File Processing Out-Of-Bounds Read Information Disclosure Vulnerability,,Apple,2025-03-06,2025-05-21,76
ZDI-25-302,ZDI-CAN-26650,Apple,CVE-2025-31239,7.8,2025-05-21,2025-05-21,Apple macOS CoreMedia Framework Memory Corruption Remote Code Execution Vulnerability,,Apple,2025-03-06,2025-05-21,76
ZDI-25-301,ZDI-CAN-26150,Apple,CVE-2025-31238,8.8,2025-05-21,2025-05-21,Apple Safari Scrollbar Animation Use-After-Free Remote Code Execution Vulnerability,,Apple,2025-03-06,2025-05-21,76
ZDI-25-300,ZDI-CAN-26714,Apple,CVE-2025-31209,3.3,2025-05-21,2025-05-21,Apple macOS PDF Parsing Out-Of-Bounds Read Information Disclosure Vulnerability,,Apple,2025-03-25,2025-05-21,57
ZDI-25-299,ZDI-CAN-26783,Apple,CVE-2025-31208,3.3,2025-05-21,2025-05-21,Apple macOS acv2 Codec Converter Out-Of-Bounds Read Information Disclosure Vulnerability,,Apple,2025-03-25,2025-05-21,57
ZDI-25-298,ZDI-CAN-26826,Apple,CVE-2025-31233,8.8,2025-05-21,2025-05-21,Apple macOS MP4 File Parsing Memory Corruption Remote Code Execution Vulnerability,,Apple,2025-04-02,2025-05-21,49
ZDI-25-294,ZDI-CAN-26137,Microsoft,CVE-2025-29975,7.8,2025-05-21,2025-05-21,Microsoft PC Manager MSPCManagerService Link Following Local Privilege Escalation Vulnerability,,Microsoft,2025-03-12,2025-05-21,70
ZDI-25-293,ZDI-CAN-26153,Microsoft,CVE-2025-29837,6.1,2025-05-21,2025-05-21,Microsoft Windows Installer Service Link Following Information Disclosure Vulnerability,,Microsoft,2025-01-09,2025-05-21,132
ZDI-25-292,ZDI-CAN-27202,Mozilla,CVE-2025-4918,8.8,2025-05-21,2025-06-12,(Pwn2Own) Mozilla Firefox SpiderMonkey Out-Of-Bounds Write Remote Code Execution Vulnerability,,Mozilla,2025-05-21,2025-05-21,0
ZDI-25-291,ZDI-CAN-27172,Mozilla,CVE-2025-4919,8.8,2025-05-21,2025-05-21,(Pwn2Own) Mozilla Firefox IonMonkey JIT Compiler Integer Overflow Remote Code Execution Vulnerability,,Mozilla,2025-05-21,2025-05-21,0
ZDI-25-259,ZDI-CAN-23843,Adobe,CVE-2024-34098,7.8,2025-04-30,2025-04-30,(Pwn2Own) Adobe Acrobat Reader DC Collab Command Injection Remote Code Execution Vulnerability,,Adobe,2024-04-24,2025-04-30,371
ZDI-25-258,ZDI-CAN-23553,Adobe,CVE-2024-34099,7.8,2025-04-30,2025-04-30,(Pwn2Own) Adobe Acrobat Reader DC distributionURL JavaScript API Restrictions Bypass Vulnerability,,Adobe,2024-04-24,2025-04-30,371
ZDI-25-234,ZDI-CAN-25985,Microsoft,CVE-2025-29812,8.8,2025-04-09,2025-04-09,Microsoft Windows dxkrnl Untrusted Pointer Dereference Local Privilege Escalation Vulnerability,,Microsoft,2025-01-30,2025-04-09,69
ZDI-25-196,ZDI-CAN-25736,Apple,CVE-2025-24185,7.8,2025-04-01,2025-04-01,Apple macOS ICC Profile Parsing Out-Of-Bounds Write Remote Code Execution Vulnerability,,Apple,2024-11-05,2025-04-01,147
ZDI-25-195,ZDI-CAN-25812,Apple,CVE-2025-24210,4.3,2025-04-01,2025-04-01,Apple macOS CoreGraphics Image Parsing Out-Of-Bounds Read Information Disclosure Vulnerability,,Apple,2024-12-19,2025-04-01,103
ZDI-25-194,ZDI-CAN-26063,Apple,CVE-2025-24256,6.4,2025-04-01,2025-04-01,Apple macOS AppleIntelKBLGraphics Time-Of-Check Time-Of-Use Information Disclosure Vulnerability,,Apple,2025-02-13,2025-04-01,47
ZDI-25-193,ZDI-CAN-26154,Apple,CVE-2025-24182,3.3,2025-04-01,2025-04-01,Apple macOS CoreText Font Glyphs Parsing Out-Of-Bounds Read Information Disclosure Vulnerability,,Apple,2025-01-08,2025-04-01,83
ZDI-25-192,ZDI-CAN-26494,Apple,CVE-2025-24190,8.8,2025-04-01,2025-04-01,Apple macOS MP4 File Parsing Memory Corruption Remote Code Execution Vulnerability,,Apple,2025-02-07,2025-04-01,53
ZDI-25-191,ZDI-CAN-26497,Apple,CVE-2025-24211,8.8,2025-04-01,2025-04-01,Apple macOS MP4 File Parsing Out-Of-Bounds Write Remote Code Execution Vulnerability,,Apple,2025-02-07,2025-04-01,53
ZDI-25-190,ZDI-CAN-26495,Apple,CVE-2025-24230,4.3,2025-04-01,2025-04-01,Apple macOS MP4 File Parsing Out-Of-Bounds Read Information Disclosure Vulnerability,,Apple,2025-02-07,2025-04-01,53
ZDI-25-189,ZDI-CAN-26248,Apple,CVE-2025-24243,7.8,2025-04-01,2025-04-01,Apple macOS AudioToolbox AMR File Parsing Memory Corruption Remote Code Execution Vulnerability,,Apple,2025-01-09,2025-04-01,82
ZDI-25-188,ZDI-CAN-26247,Apple,CVE-2025-24244,3.3,2025-04-01,2025-04-01,Apple macOS AudioToolboxCore WAV File Parsing Out-Of-Bounds Read Information Disclosure Vulnerability,,Apple,2025-01-09,2025-04-01,82
ZDI-25-172,ZDI-CAN-25319,Apple,CVE-2025-24124,8.8,2025-03-18,2025-03-18,Apple macOS MOV File Parsing Out-Of-Bounds Write Remote Code Execution Vulnerability,,Apple,2024-10-31,2025-03-18,138
ZDI-25-171,ZDI-CAN-25242,Apple,CVE-2024-54500,3.3,2025-03-18,2025-03-18,Apple macOS ImageIO Pixel Conversion Out-Of-Bounds Read Information Disclosure Vulnerability,,Apple,2024-10-08,2025-03-18,161
ZDI-25-170,ZDI-CAN-25546,Apple,CVE-2024-54501,3.3,2025-03-18,2025-03-18,Apple macOS WindowServer Denial-of-Service Vulnerability,,Apple,2024-10-15,2025-03-18,154
ZDI-25-169,ZDI-CAN-25201,Apple,CVE-2024-54497,4.3,2025-03-18,2025-03-18,Apple macOS WindowServer Unchecked Input for Loop Condition Denial-of-Service Vulnerability,,Apple,2024-10-03,2025-03-18,166
ZDI-25-168,ZDI-CAN-25370,Apple,CVE-2025-24123,8.8,2025-03-18,2025-03-18,Apple macOS MOV File Parsing Out-Of-Bounds Write Remote Code Execution Vulnerability,,Apple,2024-10-31,2025-03-18,138
ZDI-25-167,ZDI-CAN-25735,Apple,CVE-2025-24139,3.3,2025-03-18,2025-03-18,Apple macOS ICC Profile Parsing Out-Of-Bounds Read Information Disclosure Vulnerability,,Apple,2024-11-05,2025-03-18,133
ZDI-25-166,ZDI-CAN-25338,Apple,CVE-2024-54486,3.3,2025-03-18,2025-03-18,Apple macOS libFontParser Glyph Mapping Out-Of-Bounds Read Information Disclosure Vulnerability,,Apple,2024-09-10,2025-03-18,189
ZDI-25-165,ZDI-CAN-25661,Apple,CVE-2024-54499,3.3,2025-03-18,2025-03-18,Apple macOS ImageIO JPG File Parsing Out-Of-Bounds Read Information Disclosure Vulnerability,,Apple,2024-11-07,2025-03-18,131
ZDI-25-164,ZDI-CAN-25808,Apple,CVE-2025-24149,3.3,2025-03-18,2025-03-18,Apple SceneKit Out-Of-Bounds Read Information Disclosure Vulnerability,,Apple,2024-11-13,2025-03-18,125
ZDI-25-150,ZDI-CAN-26371,Microsoft,CVE-2025-26633,7.0,2025-03-18,2025-03-18,Microsoft Windows MSC File Insufficient UI Warning Remote Code Execution Vulnerability,,Microsoft,2025-01-30,2025-03-18,47
ZDI-25-149,ZDI-CAN-26251,Adobe,CVE-2025-271561,7.8,2025-03-18,2025-03-18,Adobe Acrobat Reader DC AcroForm Out-Of-Bounds Read Remote Code Execution Vulnerability,,Adobe,2025-02-07,2025-03-18,39
ZDI-25-148,ZDI-CAN-25373,Microsoft,CVE-2025-9491,7.0,2025-03-18,2025-10-30,(0Day) Microsoft Windows LNK File UI Misrepresentation Remote Code Execution Vulnerability,,Microsoft,2024-09-20,2025-03-18,179
ZDI-25-135,ZDI-CAN-26232,Adobe,CVE-2025-27162,7.8,2025-03-13,2025-03-13,Adobe Acrobat Reader DC AcroForm Use of Uninitialized Variable Remote Code Execution Vulnerability,,Adobe,2025-02-07,2025-03-13,34
ZDI-25-134,ZDI-CAN-25734,Adobe,CVE-2025-24431,7.8,2025-03-13,2025-03-13,Adobe Acrobat Reader DC Doc Object Out-Of-Bounds Read Remote Code Execution Vulnerability,,Adobe,2024-12-05,2025-03-13,98
ZDI-25-133,ZDI-CAN-26231,Adobe,CVE-2025-27174,7.8,2025-03-13,2025-03-13,Adobe Acrobat Reader DC Annotation Use-After-Free Remote Code Execution Vulnerability,,Adobe,2025-02-18,2025-03-13,23
ZDI-25-132,ZDI-CAN-26147,Adobe,CVE-2025-27159,7.8,2025-03-13,2025-03-13,Adobe Acrobat Reader DC Annotation Use-After-Free Remote Code Execution Vulnerability,,Adobe,2025-02-07,2025-03-13,34
ZDI-25-131,ZDI-CAN-26169,Adobe,CVE-2025-27160,7.8,2025-03-13,2025-03-13,Adobe Acrobat Reader DC Annotation Use-After-Free Remote Code Execution Vulnerability,,Adobe,2025-02-07,2025-03-13,34
ZDI-25-093,ZDI-CAN-26551,Apple,CVE-2024-27834,5.0,2025-02-24,2025-02-24,(Pwn2Own) Apple Safari Pointer Authentication Code Bypass Vulnerability,,Apple,2025-02-12,2025-02-24,12
ZDI-25-092,ZDI-CAN-23795,Apple,CVE-2024-27833,5.4,2025-02-24,2025-02-24,(Pwn2Own) Apple Safari B3 JIT Compiler Integer Underflow Remote Code Execution Vulnerability,,Apple,2024-03-26,2025-02-24,335
ZDI-25-091,ZDI-CAN-25761,Microsoft,CVE-2025-21373,7.8,2025-02-24,2025-02-24,Microsoft Windows Installer Service Link Following Local Privilege Escalation Vulnerability,,Microsoft,2024-11-08,2025-02-24,108
ZDI-25-090,ZDI-CAN-25393,Microsoft,CVE-2025-21404,7.5,2025-02-24,2025-02-24,Microsoft Edge UI Misrepresentation Remote Code Execution Vulnerability,,Microsoft,2024-09-17,2025-02-24,160
ZDI-25-083,ZDI-CAN-24690,Microsoft,,7.5,2025-02-04,2025-02-04,Microsoft Edge ms-its: Scheme Remote Code Execution Vulnerability,,Microsoft,2024-08-09,2025-02-04,179
ZDI-25-060,ZDI-CAN-25396,Google,CVE-2024-9954,7.5,2025-01-30,2025-01-30,Google Chrome AI Manager Use-After-Free Remote Code Execution Vulnerability,,Google,2024-09-25,2025-01-30,127
ZDI-25-048,ZDI-CAN-24012,Apple,CVE-2024-27856,8.8,2025-01-20,2025-03-06,Apple WebKit WebCore ContainerNode Use-After-Free Remote Code Execution Vulnerability,,Apple,2024-05-09,2025-01-20,256
ZDI-25-046,ZDI-CAN-25333,Adobe,CVE-2025-21127,7.3,2025-01-20,2025-01-20,Adobe Photoshop node_modules Uncontrolled Search Path Element Local Privilege Escalation Vulnerability,,Adobe,2024-10-03,2025-01-20,109
ZDI-25-030,ZDI-CAN-25187,Microsoft,CVE-2025-21363,7.8,2025-01-15,2025-01-15,Microsoft Office Word DOCX File Parsing Uninitialized Pointer Remote Code Execution Vulnerability,,Microsoft,2024-10-31,2025-01-15,76
ZDI-25-029,ZDI-CAN-25332,Microsoft,CVE-2025-21331,7.8,2025-01-15,2025-01-15,Microsoft Windows Installer Service Link Following Local Privilege Escalation Vulnerability,,Microsoft,2024-09-10,2025-01-15,127
ZDI-25-028,ZDI-CAN-25188,Microsoft,CVE-2025-21298,7.8,2025-01-15,2025-01-15,Microsoft Office Word RTF File Parsing Memory Corruption Remote Code Execution Vulnerability,,Microsoft,2024-10-15,2025-01-15,92
ZDI-25-027,ZDI-CAN-23793,Google,CVE-2024-2886,5.4,2025-01-12,2025-01-12,(Pwn2Own) Google Chrome VideoFrame Use-After-Free Remote Code Execution Vulnerability,,Google,2024-03-26,2025-01-12,292
ZDI-25-022,ZDI-CAN-25404,Apple,,3.3,2025-01-09,2025-01-09,Apple macOS libFontValidation Font Glyph YCoordinate Parsing Out-Of-Bounds Read Information Disclosure Vulnerability,,Apple,2024-09-25,2025-01-09,106
ZDI-25-021,ZDI-CAN-25364,Apple,,3.3,2025-01-09,2025-01-09,Apple macOS libFontValidation Font Glyph Flags Parsing Out-Of-Bounds Read Information Disclosure Vulnerability,,Apple,2024-09-19,2025-01-09,112
ZDI-25-020,ZDI-CAN-25366,Apple,,3.3,2025-01-09,2025-01-09,Apple macOS libFontValidation post Table Parsing Out-Of-Bounds Read Information Disclosure Vulnerability,,Apple,2024-09-19,2025-01-09,112
ZDI-25-019,ZDI-CAN-25339,Apple,,3.3,2025-01-09,2025-01-09,Apple macOS libFontValidation loca Table Parsing Out-Of-Bounds Read Information Disclosure Vulnerability,,Apple,2024-09-10,2025-01-09,121
ZDI-25-018,ZDI-CAN-25341,Apple,,3.3,2025-01-09,2025-01-09,Apple macOS libFontValidation Font Header Name Parsing Out-Of-Bounds Read Information Disclosure Vulnerability,,Apple,2024-09-10,2025-01-09,121
ZDI-25-017,ZDI-CAN-25340,Apple,,3.3,2025-01-09,2025-01-09,Apple macOS libFontValidation kern Table Parsing Out-Of-Bounds Read Information Disclosure Vulnerability,,Apple,2024-09-10,2025-01-09,121
ZDI-25-016,ZDI-CAN-25263,Apple,"CVE-2024-44240, CVE-2024-44302",3.3,2025-01-09,2025-01-09,Apple macOS CoreText Font Ligature Caret List Parsing Out-Of-Bounds Read Information Disclosure Vulnerability,,Apple,2024-08-22,2025-01-09,140
ZDI-25-015,ZDI-CAN-25213,Apple,"CVE-2024-44240, CVE-2024-44302",3.3,2025-01-09,2025-01-09,Apple macOS CoreText Font Ligature Caret List Parsing Out-Of-Bounds Read Information Disclosure Vulnerability,,Apple,2024-08-22,2025-01-09,140
ZDI-26-751,ZDI-CAN-30656,Microsoft,CVE-2026-50375,8.8,2026-10-01,2026-10-01,Microsoft Windows dxgkrnl Time-Of-Check Time-Of-Use Local Privilege Escalation Vulnerability,,Microsoft,2026-07-03,2026-10-01,90
ZDI-26-708,ZDI-CAN-29849,Microsoft,,5.3,2026-09-16,2026-09-16,(0Day) Microsoft Windows HTTP Proxy Privilege Escalation Vulnerability,,Microsoft,2026-05-07,2026-09-16,132
ZDI-26-679,ZDI-CAN-31973,Adobe,CVE-2026-75862,7.8,2026-09-10,2026-09-10,Adobe Photoshop DCM JPEG Image Parsing Integer Overflow Remote Code Execution Vulnerability,,Adobe,2026-06-26,2026-09-10,76
ZDI-26-678,ZDI-CAN-31752,Adobe,CVE-2026-75863,7.8,2026-09-10,2026-09-10,Adobe Photoshop DCM File Parsing Integer Overflow Remote Code Execution Vulnerability,,Adobe,2026-06-15,2026-09-10,87
ZDI-26-677,ZDI-CAN-32027,Adobe,CVE-2026-75771,7.8,2026-09-10,2026-09-10,Adobe Photoshop DCM JPEG-LS Image Parsing Integer Overflow Remote Code Execution Vulnerability,,Adobe,2026-06-26,2026-09-10,76
ZDI-26-676,ZDI-CAN-31613,Adobe,CVE-2026-81973,7.8,2026-09-10,2026-09-10,Adobe Acrobat Reader DC DigSig Use-After-Free Remote Code Execution Vulnerability,,Adobe,2026-07-22,2026-09-10,50
ZDI-26-675,ZDI-CAN-31386,Adobe,CVE-2026-81976,7.8,2026-09-10,2026-09-10,Adobe Acrobat Reader DC Annotation Use-After-Free Remote Code Execution Vulnerability,,Adobe,2026-06-30,2026-09-10,72
ZDI-26-674,ZDI-CAN-31079,Adobe,CVE-2026-81981,7.8,2026-09-10,2026-09-10,Adobe Acrobat Reader DC Annotation Out-Of-Bounds Write Remote Code Execution Vulnerability,,Adobe,2026-06-18,2026-09-10,84
ZDI-26-673,ZDI-CAN-31180,Adobe,CVE-2026-81988,7.8,2026-09-10,2026-09-10,Adobe Acrobat Pro DC Doc Object Use-After-Free Remote Code Execution Vulnerability,,Adobe,2026-06-02,2026-09-10,100
ZDI-26-672,ZDI-CAN-30998,Adobe,CVE-2026-81977,3.3,2026-09-10,2026-09-10,Adobe Acrobat Reader DC PDF File Parsing Integer Underflow Information Disclosure Vulnerability,,Adobe,2026-06-30,2026-09-10,72
ZDI-26-671,ZDI-CAN-31643,Adobe,CVE-2026-80161,7.8,2026-09-10,2026-09-10,Adobe Acrobat Reader DC Dialog Object Type Confusion Remote Code Execution Vulnerability,,Adobe,2026-07-22,2026-09-10,50
ZDI-26-670,ZDI-CAN-30877,Adobe,CVE-2026-81991,3.3,2026-09-10,2026-09-10,Adobe Acrobat Pro DC Doc Object Out-Of-Bounds Read Information Disclosure Vulnerability,,Adobe,2026-06-02,2026-09-10,100
ZDI-26-669,ZDI-CAN-31150,Adobe,CVE-2026-81978,3.3,2026-09-10,2026-09-10,Adobe Acrobat Reader DC JBIG2 File Parsing Out-Of-Bounds Read Information Disclosure Vulnerability,,Adobe,2026-06-30,2026-09-10,72
ZDI-26-668,ZDI-CAN-31082,Adobe,CVE-2026-81984,3.3,2026-09-10,2026-09-10,Adobe Acrobat Reader DC Annotation Use-After-Free Information Disclosure Vulnerability,,Adobe,2026-06-10,2026-09-10,92
ZDI-26-667,ZDI-CAN-31374,Adobe,CVE-2026-81975,7.8,2026-09-10,2026-09-10,Adobe Acrobat Reader DC Annotation Use-After-Free Remote Code Execution Vulnerability,,Adobe,2026-06-30,2026-09-10,72
ZDI-26-666,ZDI-CAN-31535,Adobe,CVE-2026-79910,3.3,2026-09-10,2026-09-10,Adobe Acrobat Reader DC JPEG2000 File Parsing Out-Of-Bounds Read Information Disclosure Vulnerability,,Adobe,2026-07-29,2026-09-10,43
ZDI-26-665,ZDI-CAN-31909,Adobe,CVE-2026-79909,7.8,2026-09-10,2026-09-10,Adobe Acrobat Reader DC Annots Report Use-After-Free Remote Code Execution Vulnerability,,Adobe,2026-08-01,2026-09-10,40
ZDI-26-664,ZDI-CAN-31012,Adobe,CVE-2026-81986,7.8,2026-09-10,2026-09-10,Adobe Acrobat Reader DC Annotation Use-After-Free Remote Code Execution Vulnerability,,Adobe,2026-06-10,2026-09-10,92
ZDI-26-663,ZDI-CAN-30785,Adobe,CVE-2026-81989,7.8,2026-09-10,2026-09-10,Adobe Acrobat Pro DC Annotation Use-After-Free Remote Code Execution Vulnerability,,Adobe,2026-06-02,2026-09-10,100
ZDI-26-662,ZDI-CAN-30878,Adobe,CVE-2026-81990,7.8,2026-09-10,2026-09-10,Adobe Acrobat Reader DC Annotation Use-After-Free Remote Code Execution Vulnerability,,Adobe,2026-06-02,2026-09-10,100
ZDI-26-661,ZDI-CAN-31010,Adobe,CVE-2026-81985,7.8,2026-09-10,2026-09-10,Adobe Acrobat Reader DC Annotation Use-After-Free Remote Code Execution Vulnerability,,Adobe,2026-06-10,2026-09-10,92
ZDI-26-660,ZDI-CAN-32181,Adobe,CVE-2026-80162,3.3,2026-09-10,2026-09-10,Adobe Acrobat Reader DC Font Parsing Use-After-Free Information Disclosure Vulnerability,,Adobe,2026-07-22,2026-09-10,50
ZDI-26-659,ZDI-CAN-32516,Adobe,CVE-2026-80160,3.3,2026-09-10,2026-09-10,Adobe Acrobat Reader DC JPEG2000 File Parsing Out-Of-Bounds Read Information Disclosure Vulnerability,,Adobe,2026-07-22,2026-09-10,50
ZDI-26-658,ZDI-CAN-31740,Adobe,CVE-2026-81987,7.8,2026-09-10,2026-09-10,Adobe Acrobat Pro DC JPEG Parsing Integer Overflow Remote Code Execution Vulnerability,,Adobe,2026-06-10,2026-09-10,92
ZDI-26-629,ZDI-CAN-30176,Microsoft,,5.8,2026-09-09,2026-09-09,Microsoft Azure Entra ID OAuth Device Code Grant Information Disclosure Vulnerability,,Microsoft,2026-03-31,2026-09-09,162
ZDI-26-622,ZDI-CAN-31212,Microsoft,CVE-2026-50696,8.1,2026-09-08,2026-09-08,Microsoft Windows IKEv2 AES-GCM Decryption Integer Underflow Remote Code Execution Vulnerability,,Microsoft,2026-05-11,2026-09-08,120
ZDI-26-621,ZDI-CAN-30744,Microsoft,CVE-2026-62712,7.8,2026-09-08,2026-09-08,Microsoft Windows UMPDDrvRealizeBrush Improper Object Management Local Privilege Escalation Vulnerability,,Microsoft,2026-05-11,2026-09-08,120
ZDI-26-620,ZDI-CAN-30743,Microsoft,CVE-2026-62712,7.8,2026-09-08,2026-09-08,Microsoft Windows UMPDDrvPlgBlt Improper Object Management Local Privilege Escalation Vulnerability,,Microsoft,2026-05-11,2026-09-08,120
ZDI-26-619,ZDI-CAN-30745,Microsoft,CVE-2026-62712,7.8,2026-09-08,2026-09-08,Microsoft Windows UMPDDrvStretchBltROP Improper Object Management Local Privilege Escalation Vulnerability,,Microsoft,2026-05-11,2026-09-08,120
ZDI-26-618,ZDI-CAN-30746,Microsoft,CVE-2026-62712,7.8,2026-09-08,2026-09-08,Microsoft Windows UMPDDrvStretchBlt Improper Object Management Local Privilege Escalation Vulnerability,,Microsoft,2026-05-11,2026-09-08,120
ZDI-26-617,ZDI-CAN-30483,Microsoft,CVE-2026-66804,7.8,2026-09-08,2026-09-08,Microsoft Windows MIDI Service Incorrect Permission Assignment Local Privilege Escalation Vulnerability,,Microsoft,2026-08-11,2026-09-08,28
ZDI-26-610,ZDI-CAN-32069,Apple,CVE-2026-64715,8.8,2026-08-24,2026-08-24,Apple Safari JavaScriptCore B3 ReduceStrength Phase Use-After-Free Remote Code Execution Vulnerability,,Apple,2026-07-16,2026-08-24,39
ZDI-26-607,ZDI-CAN-29320,Microsoft,,7.6,2026-08-24,2026-08-24,Microsoft Office HTML Injection Information Disclosure Vulnerability,,Microsoft,2026-03-03,2026-08-24,174
ZDI-26-606,ZDI-CAN-28205,Microsoft,,7.0,2026-08-24,2026-08-24,Microsoft Windows Compatibility Appraiser Link Following Local Privilege Escalation Vulnerability,,Microsoft,2025-12-23,2026-08-24,244
ZDI-26-605,ZDI-CAN-29223,Microsoft,CVE-2026-50508,3.3,2026-08-24,2026-08-24,Microsoft Windows Localized Filenames Improper Input Validation NTLM Response Information Disclosure Vulnerability,,Microsoft,2026-03-02,2026-08-24,175
ZDI-26-544,ZDI-CAN-31889,Microsoft,CVE-2026-62893,7.5,2026-08-11,2026-08-11,Microsoft Windows Deployment Services Use-After-Free Remote Code Execution Vulnerability,,Microsoft,2026-06-18,2026-08-11,54
ZDI-26-543,ZDI-CAN-30441,Microsoft,CVE-2026-54984,7.8,2026-08-11,2026-08-11,Microsoft Windows ICC File Parsing Out-Of-Bounds Write Remote Code Execution Vulnerability,,Microsoft,2026-06-02,2026-08-11,70
ZDI-26-542,ZDI-CAN-30747,Microsoft,CVE-2026-62712,7.8,2026-08-11,2026-08-11,Microsoft Windows UMPDDrvBitBlt Improper Object Management Local Privilege Escalation Vulnerability,,Microsoft,2026-05-11,2026-08-11,92
ZDI-26-541,ZDI-CAN-31479,Microsoft,CVE-2026-65775,8.8,2026-08-11,2026-08-11,(Pwn2Own) Microsoft Windows win32kfull Use-After-Free Local Privilege Escalation Vulnerability,,Microsoft,2026-05-21,2026-08-11,82
ZDI-26-540,ZDI-CAN-31276,Microsoft,CVE-2026-65776,6.5,2026-08-11,2026-08-11,(Pwn2Own) Microsoft Windows win32kfull Use-After-Free Information Disclosure Vulnerability,,Microsoft,2026-05-21,2026-08-11,82
ZDI-26-539,ZDI-CAN-31260,Microsoft,CVE-2026-65773,7.8,2026-08-11,2026-08-11,(Pwn2Own) Microsoft Windows ipt.sys Incorrect Permission Assignment Local Privilege Escalation Vulnerability,,Microsoft,2026-05-21,2026-08-11,82
ZDI-26-538,ZDI-CAN-31480,Microsoft,CVE-2026-62911,8.8,2026-08-11,2026-08-11,(Pwn2Own) Microsoft Exchange Improper Authorization Privilege Escalation Vulnerability,,Microsoft,2026-05-21,2026-08-11,82
ZDI-26-537,ZDI-CAN-31299,Microsoft,CVE-2026-65814,8.8,2026-08-11,2026-08-11,(Pwn2Own) Microsoft Windows storport Integer Overflow Local Privilege Escalation Vulnerability,,Microsoft,2026-05-21,2026-08-11,82
ZDI-26-536,ZDI-CAN-31294,Microsoft,CVE-2026-62735,8.8,2026-08-11,2026-08-11,(Pwn2Own) Microsoft Windows http.sys Integer Overflow Local Privilege Escalation Vulnerability,,Microsoft,2026-05-21,2026-08-11,82
ZDI-26-535,ZDI-CAN-31481,Microsoft,CVE-2026-62911,7.2,2026-08-11,2026-08-11,(Pwn2Own) Microsoft Exchange External Control of File Path Remote Code Execution Vulnerability,,Microsoft,2026-05-21,2026-08-11,82
ZDI-26-534,ZDI-CAN-31262,Microsoft,CVE-2026-62911,8.1,2026-08-11,2026-08-11,(Pwn2Own) Microsoft Exchange Capture-Replay Authentication Bypass Vulnerability,,Microsoft,2026-05-21,2026-08-11,82
ZDI-26-494,ZDI-CAN-30380,Apple,CVE-2026-43729,7.8,2026-07-29,2026-07-29,Apple macOS USD File Parsing Heap-based Buffer Overflow Remote Code Execution Vulnerability,,Apple,2026-04-09,2026-07-29,111
ZDI-26-493,ZDI-CAN-29483,Apple,CVE-2026-43733,7.8,2026-07-29,2026-07-29,Apple macOS USD File Parsing Heap-based Buffer Overflow Remote Code Execution Vulnerability,,Apple,2026-04-01,2026-07-29,119
ZDI-26-492,ZDI-CAN-29252,Apple,CVE-2026-43780,7.8,2026-07-29,2026-07-29,Apple macOS ImageIO Numeric Truncation Remote Code Execution Vulnerability,,Apple,2026-02-19,2026-07-29,160
ZDI-26-491,ZDI-CAN-29143,Apple,CVE-2026-43673,8.8,2026-07-29,2026-07-29,Apple macOS CoreAudio Out-Of-Bounds Write Remote Code Execution Vulnerability,,Apple,2026-04-23,2026-07-29,97
ZDI-26-446,ZDI-CAN-32968,Microsoft,CVE-2026-50297,7.0,2026-07-21,2026-07-21,Microsoft Windows WMI Providers Incorrect Authorization Local Privilege Escalation Vulnerability,,Microsoft,2026-07-21,2026-07-21,0
ZDI-26-445,ZDI-CAN-32967,Microsoft,CVE-2026-50325,7.0,2026-07-21,2026-07-21,Microsoft Windows WMI Providers Incorrect Authorization Local Privilege Escalation Vulnerability,,Microsoft,2026-07-21,2026-07-21,0
ZDI-26-420,ZDI-CAN-29867,Adobe,CVE-2026-48344,7.8,2026-07-15,2026-07-15,Adobe Creative Cloud AGSService Incorrect Permission Assignment Local Privilege Escalation Vulnerability,,Adobe,2026-03-25,2026-07-15,112
ZDI-26-419,ZDI-CAN-29588,Adobe,CVE-2026-48272,7.0,2026-07-15,2026-07-15,Adobe Creative Cloud AdobeUpdateService Uncontrolled Search Path Element Local Privilege Escalation Vulnerability,,Adobe,2026-03-13,2026-07-15,124
ZDI-26-418,ZDI-CAN-30803,Microsoft,CVE-2026-55126,7.3,2026-07-15,2026-07-15,Microsoft SharePoint SPFieldMultiLineText Cross-Site Scripting Vulnerability,,Microsoft,2026-05-07,2026-07-15,69
ZDI-26-417,ZDI-CAN-30003,Microsoft,CVE-2026-50311,7.8,2026-07-15,2026-07-15,Microsoft Windows ServerManager Exposed Dangerous Method Local Privilege Escalation Vulnerability,,Microsoft,2026-04-01,2026-07-15,105
ZDI-26-416,ZDI-CAN-28769,Microsoft,CVE-2026-54129,7.8,2026-07-15,2026-07-15,Microsoft Hyper-V netvsc Out-Of-Bounds Read Local Privilege Escalation Vulnerability,,Microsoft,2026-03-02,2026-07-15,135
ZDI-26-415,ZDI-CAN-30052,Microsoft,CVE-2026-49805,7.0,2026-07-15,2026-07-20,Microsoft Windows WMI Providers Incorrect Authorization Local Privilege Escalation Vulnerability,,Microsoft,2026-04-01,2026-07-15,105
ZDI-26-414,ZDI-CAN-31478,Microsoft,CVE-2026-40400,7.8,2026-07-15,2026-07-15,Microsoft PowerShell Help Directory Traversal Remote Code Execution Vulnerability,,Microsoft,2026-05-28,2026-07-15,48
ZDI-26-413,ZDI-CAN-31261,Microsoft,CVE-2026-50522,8.1,2026-07-15,2026-07-15,(Pwn2Own) Microsoft SharePoint Improper Verification of Cryptographic Signature Remote Code Execution Vulnerability,,Microsoft,2026-05-21,2026-07-15,55
ZDI-26-412,ZDI-CAN-31490,Microsoft,CVE-2026-50522,8.1,2026-07-15,2026-07-15,(Pwn2Own) Microsoft SharePoint Deserialization of Untrusted Data Remote Code Execution Vulnerability,,Microsoft,2026-05-21,2026-07-15,55
ZDI-26-361,ZDI-CAN-29178,Adobe,CVE-2026-27278,7.8,2026-06-24,2026-06-24,Adobe Acrobat Reader DC Field signatureInfo Use-After-Free Remote Code Execution Vulnerability,,Adobe,2026-02-24,2026-06-24,120
ZDI-26-355,ZDI-CAN-28816,Adobe,CVE-2026-27220,7.8,2026-06-10,2026-06-10,Adobe Acrobat Reader DC Annotation Use-After-Free Remote Code Execution Vulnerability,,Adobe,2026-02-03,2026-06-10,127
ZDI-26-354,ZDI-CAN-29987,Adobe,CVE-2026-47919,7.8,2026-06-09,2026-06-09,Adobe Acrobat Reader DC Annotation Use-After-Free Remote Code Execution Vulnerability,,Adobe,2026-04-30,2026-06-09,40
ZDI-26-353,ZDI-CAN-30387,Adobe,CVE-2026-47918,7.8,2026-06-09,2026-06-09,Adobe Acrobat Reader DC Annotation Use-After-Free Remote Code Execution Vulnerability,,Adobe,2026-04-30,2026-06-09,40
ZDI-26-352,ZDI-CAN-30689,Adobe,CVE-2026-47917,7.8,2026-06-09,2026-06-09,Adobe Acrobat Pro DC AcroForm Use-After-Free Remote Code Execution Vulnerability,,Adobe,2026-04-30,2026-06-09,40
ZDI-26-351,ZDI-CAN-30375,Adobe,CVE-2026-48292,7.8,2026-06-09,2026-06-09,Adobe USD-Fileformat-plugins Heap-based Buffer Overflow Remote Code Execution Vulnerability,,Adobe,2026-04-09,2026-06-09,61
ZDI-26-350,ZDI-CAN-29653,Adobe,CVE-2026-48291,7.8,2026-06-09,2026-06-09,Adobe USD-Fileformat-plugins Heap-based Buffer Overflow Remote Code Execution Vulnerability,,Adobe,2026-04-01,2026-06-09,69
ZDI-26-349,ZDI-CAN-29886,Adobe,CVE-2026-47915,7.8,2026-06-09,2026-06-09,Adobe Acrobat Pro DC Annots.api Use-After-Free Remote Code Execution Vulnerability,,Adobe,2026-04-02,2026-06-09,68
ZDI-26-348,ZDI-CAN-29896,Adobe,CVE-2026-47914,7.8,2026-06-09,2026-06-09,Adobe Acrobat Reader DC Annotation Use-After-Free Remote Code Execution Vulnerability,,Adobe,2026-03-30,2026-06-09,71
ZDI-26-347,ZDI-CAN-29409,Adobe,CVE-2026-47913,7.8,2026-06-09,2026-06-09,Adobe Acrobat Reader DC Multimedia Rendition Use-After-Free Remote Code Execution Vulnerability,,Adobe,2026-03-30,2026-06-09,71
ZDI-26-346,ZDI-CAN-29433,Adobe,CVE-2026-47924,3.3,2026-06-09,2026-06-09,Adobe Acrobat Reader DC Annotation Use-After-Free Information Disclosure Vulnerability,,Adobe,2026-03-30,2026-06-09,71
ZDI-26-345,ZDI-CAN-30015,Adobe,CVE-2026-47912,7.8,2026-06-09,2026-06-09,Adobe Acrobat Reader DC Font Handling Use-After-Free Remote Code Execution Vulnerability,,Adobe,2026-03-30,2026-06-09,71
ZDI-26-344,ZDI-CAN-29477,Adobe,CVE-2026-47923,3.3,2026-06-09,2026-06-09,Adobe Acrobat Reader DC Doc Object Out-Of-Bounds Read Information Disclosure Vulnerability,,Adobe,2026-03-30,2026-06-09,71
ZDI-26-343,ZDI-CAN-29828,Adobe,CVE-2026-47911,7.8,2026-06-09,2026-06-09,Adobe Acrobat Reader DC TIF File Parsing Integer Overflow Remote Code Execution Vulnerability,,Adobe,2026-03-30,2026-06-09,71
ZDI-26-339,ZDI-CAN-28792,Microsoft,CVE-2026-48565,7.0,2026-06-09,2026-06-09,Microsoft Windows Narrator Braille Support brlapi Exposed Dangerous Function Local Privilege Escalation Vulnerability,,Microsoft,2026-03-02,2026-06-09,99
ZDI-26-331,ZDI-CAN-31431,Microsoft,CVE-2026-45495,7.5,2026-06-04,2026-06-04,(Pwn2Own) Microsoft Edge Feedback Log File Handling Directory Traversal Remote Code Execution Vulnerability,,Microsoft,2026-05-20,2026-06-04,15
ZDI-26-330,ZDI-CAN-31430,Microsoft,CVE-2026-45494,5.0,2026-06-04,2026-06-04,(Pwn2Own) Microsoft Edge Navigation Handling Universal Cross-Site Scripting Vulnerability,,Microsoft,2026-05-20,2026-06-04,15
ZDI-26-329,ZDI-CAN-31429,Microsoft,CVE-2026-45492,4.3,2026-06-04,2026-06-04,(Pwn2Own) Microsoft Edge Origin Validation Error Security Bypass Vulnerability,,Microsoft,2026-05-20,2026-06-04,15
ZDI-26-315,ZDI-CAN-29240,Apple,CVE-2026-28941,3.3,2026-05-12,2026-05-12,Apple macOS USD Out-Of-Bounds Read Information Disclosure Vulnerability,,Apple,2026-02-19,2026-05-12,82
ZDI-26-314,ZDI-CAN-29239,Apple,CVE-2026-28940,7.8,2026-05-12,2026-05-12,Apple macOS USD File Parsing Out-Of-Bounds Write Remote Code Execution Vulnerability,,Apple,2026-02-12,2026-05-12,89
ZDI-26-313,ZDI-CAN-29186,Apple,CVE-2026-28847,8.8,2026-05-12,2026-05-12,Apple Safari Regular Expression Duplicate Named Groups Heap-based Buffer Overflow Remote Code Execution Vulnerability,,Apple,2026-03-26,2026-05-12,47
ZDI-26-312,ZDI-CAN-28879,Apple,CVE-2026-28955,7.5,2026-05-12,2026-05-12,Apple Safari Web Inspector WebCore Style Resolver Use-After-Free Remote Code Execution Vulnerability,,Apple,2026-03-05,2026-05-12,68
ZDI-26-311,ZDI-CAN-28695,Apple,CVE-2026-28918,3.3,2026-05-12,2026-05-12,Apple macOS CoreSymbolication Out-Of-Bounds Read Information Disclosure Vulnerability,,Apple,2026-03-05,2026-05-12,68
ZDI-26-310,ZDI-CAN-28605,Microsoft,CVE-2026-34342,4.4,2026-05-12,2026-05-12,Microsoft Windows splwow64 Race Condition Local Privilege Escalation Vulnerability,,Microsoft,2026-01-12,2026-05-12,120
ZDI-26-309,ZDI-CAN-28559,Microsoft,CVE-2026-33838,7.8,2026-05-12,2026-05-12,Microsoft Windows Message Queueing Double Free Local Privilege Escalation Vulnerability,,Microsoft,2026-01-08,2026-05-12,124
ZDI-26-294,ZDI-CAN-28157,Microsoft,,3.5,2026-04-21,2026-04-21,(0Day) Microsoft Windows library-ms NTLM Response Information Disclosure Vulnerability,,Microsoft,2025-12-18,2026-04-21,124
ZDI-26-293,ZDI-CAN-28651,Microsoft,,4.3,2026-04-21,2026-04-21,(0Day) Microsoft Office URI Handler NTLM Response Information Disclosure Vulnerability,,Microsoft,2026-02-05,2026-04-21,75
ZDI-26-281,ZDI-CAN-29616,Microsoft,CVE-2026-34054,7.8,2026-04-15,2026-04-15,Microsoft vcpkg OpenSSL Uncontrolled Search Path Element Local Privilege Escalation Vulnerability,,Microsoft,2026-03-10,2026-04-15,36
ZDI-26-279,ZDI-CAN-28793,Microsoft,CVE-2026-32183,7.5,2026-04-15,2026-04-15,Microsoft Windows Snipping Tool Improper Input Validation Remote Code Execution Vulnerability,,Microsoft,2026-03-03,2026-04-15,43
ZDI-26-278,ZDI-CAN-28267,Microsoft,CVE-2026-33104,7.8,2026-04-15,2026-04-15,Microsoft Windows win32kfull Improper Locking Local Privilege Escalation Vulnerability,,Microsoft,2026-02-25,2026-04-15,49
ZDI-26-277,ZDI-CAN-28540,Microsoft,CVE-2026-32073,7.8,2026-04-15,2026-04-15,Microsoft Windows afd.sys Race Condition Local Privilege Escalation Vulnerability,,Microsoft,2026-01-12,2026-04-15,93
ZDI-26-276,ZDI-CAN-28189,Microsoft,CVE-2026-26179,7.5,2026-04-15,2026-04-15,Microsoft Windows Secure Kernel Double Free Local Privilege Escalation Vulnerability,,Microsoft,2025-12-09,2026-04-15,127
ZDI-26-275,ZDI-CAN-27212,Microsoft,,8.8,2026-04-15,2026-04-15,Microsoft Qlib _mount_nfs_uri Command Injection Remote Code Execution Vulnerability,,Microsoft,2025-05-22,2026-04-15,328
ZDI-26-274,ZDI-CAN-27211,Microsoft,,7.8,2026-04-15,2026-04-15,Microsoft Qlib fit Deserialization of Untrusted Data Remote Code Execution Vulnerability,,Microsoft,2025-05-22,2026-04-15,328
ZDI-26-273,ZDI-CAN-28054,Microsoft,,7.8,2026-04-15,2026-04-15,Microsoft Olive Deserialization of Untrusted Data Remote Code Execution Vulnerability,,Microsoft,2025-12-23,2026-04-15,113
ZDI-26-264,ZDI-CAN-29550,Adobe,CVE-2026-27305,7.5,2026-04-15,2026-04-15,Adobe ColdFusion fetchCFSettingFile Directory Traversal Information Disclosure Vulnerability,,Adobe,2026-03-20,2026-04-15,26
ZDI-26-263,ZDI-CAN-30200,Adobe,CVE-2026-27282,6.5,2026-04-15,2026-04-15,Adobe ColdFusion subscribeToEndpoints Authentication Bypass Vulnerability,,Adobe,2026-03-26,2026-04-15,20
ZDI-26-262,ZDI-CAN-29549,Adobe,CVE-2026-34619,5.4,2026-04-15,2026-04-15,Adobe ColdFusion deleteVersion Directory Traversal Arbitrary File Deletion Vulnerability,,Adobe,2026-03-25,2026-04-15,21
ZDI-26-253,ZDI-CAN-29184,Microsoft,CVE-2026-21518,7.8,2026-04-02,2026-04-02,Microsoft Visual Studio Code mcp.json Command Injection Remote Code Execution Vulnerability,,Microsoft,2026-03-05,2026-04-02,28
ZDI-26-252,ZDI-CAN-29301,Mozilla,CVE-2026-4698,8.8,2026-04-02,2026-04-02,Mozilla Firefox IonMonkey Switch Statement Optimization Type Confusion Remote Code Execution Vulnerability,,Mozilla,2026-03-02,2026-04-02,31
ZDI-26-231,ZDI-CAN-28499,Apple,CVE-2026-20695,3.8,2026-03-30,2026-03-30,Apple macOS Exposure of Sensitive Information to Unauthorized Sphere Information Disclosure Vulnerability,,Apple,2026-03-05,2026-03-30,25
ZDI-26-230,ZDI-CAN-28894,Apple,CVE-2026-20690,8.8,2026-03-30,2026-03-30,Apple macOS CoreMedia Framework Out-Of-Bounds Write Remote Code Execution Vulnerability,,Apple,2026-01-09,2026-03-30,80
ZDI-26-226,ZDI-CAN-28042,Microsoft,,9.8,2026-03-24,2026-04-21,(0Day) Microsoft Azure MCP AzureCliService Command Injection Remote Code Execution Vulnerability,,Microsoft,2025-09-10,2026-03-24,195
ZDI-26-194,ZDI-CAN-28462,Microsoft,CVE-2026-21527,5.3,2026-03-16,2026-03-16,Microsoft Exchange InterceptorSmtpAgent Improper Input Validation Security Feature Bypass Vulnerability,,Microsoft,2025-11-14,2026-03-16,122
ZDI-26-185,ZDI-CAN-28271,Microsoft,CVE-2026-25181,3.3,2026-03-10,2026-03-10,Microsoft Windows GDI Bitmap Parsing Out-Of-Bound Read Information Disclosure Vulnerability,,Microsoft,2025-12-02,2026-03-10,98
ZDI-26-184,ZDI-CAN-28381,Microsoft,CVE-2026-24289,7.8,2026-03-10,2026-03-10,Microsoft Windows NDIS Driver Use-After-Free Local Privilege Escalation Vulnerability,,Microsoft,2025-12-05,2026-03-10,95
ZDI-26-183,ZDI-CAN-28498,Microsoft,CVE-2026-24285,7.8,2026-03-10,2026-03-10,Microsoft Windows win32full Improper Release Local Privilege Escalation Vulnerability,,Microsoft,2025-12-02,2026-03-10,98
ZDI-26-182,ZDI-CAN-28488,Microsoft,CVE-2026-24285,7.8,2026-03-10,2026-03-10,Microsoft Windows win32full Improper Release Local Privilege Escalation Vulnerability,,Microsoft,2025-12-02,2026-03-10,98
ZDI-26-181,ZDI-CAN-28487,Microsoft,CVE-2026-24285,7.8,2026-03-10,2026-03-10,Microsoft Windows win32full Improper Release Local Privilege Escalation Vulnerability,,Microsoft,2025-12-05,2026-03-10,95
ZDI-26-180,ZDI-CAN-28247,Microsoft,CVE-2026-23668,8.8,2026-03-10,2026-03-10,Microsoft Windows cdd Improper Locking Local Privilege Escalation Vulnerability,,Microsoft,2025-12-02,2026-03-10,98
ZDI-26-179,ZDI-CAN-28557,Microsoft,CVE-2026-23668,8.8,2026-03-10,2026-03-10,Microsoft Windows win32kfull Improper Locking Local Privilege Escalation Vulnerability,,Microsoft,2025-12-02,2026-03-10,98
ZDI-26-178,ZDI-CAN-28159,Microsoft,CVE-2026-23668,8.8,2026-03-10,2026-03-10,Microsoft Windows cdd Improper Locking Local Privilege Escalation Vulnerability,,Microsoft,2025-11-07,2026-03-10,123
ZDI-26-176,ZDI-CAN-28552,Apple,CVE-2026-20616,7.8,2026-03-10,2026-03-10,Apple macOS libusd_ms Alembic File Parsing Out-Of-Bounds Write Remote Code Execution Vulnerability,,Apple,2025-11-19,2026-03-10,111
ZDI-26-175,ZDI-CAN-28081,Apple,CVE-2026-20634,3.3,2026-03-10,2026-03-10,Apple macOS ImageIO SGI File Parsing Out-Of-Bounds Read Information Disclosure Vulnerability,,Apple,2025-11-05,2026-03-10,125
ZDI-26-174,ZDI-CAN-28176,Apple,CVE-2026-20675,7.8,2026-03-10,2026-03-10,Apple macOS ImageIO SGI File Parsing Integer Overflow Remote Code Execution Vulnerability,,Apple,2025-12-05,2026-03-10,95
ZDI-26-173,ZDI-CAN-28497,Apple,CVE-2026-20611,7.8,2026-03-10,2026-03-10,Apple macOS Audio APAC Frame Decoding Out-Of-Bounds Write Remote Code Execution Vulnerability,,Apple,2025-12-16,2026-03-10,84
ZDI-26-083,ZDI-CAN-28491,Microsoft,CVE-2026-21249,3.3,2026-02-12,2026-02-12,Microsoft Windows searchConnector-ms NTLM Response Information Disclosure Vulnerability,,Microsoft,2025-11-07,2026-02-12,97
ZDI-26-082,ZDI-CAN-28410,Microsoft,CVE-2026-21527,5.3,2026-02-12,2026-02-12,Microsoft Exchange InterceptorSmtpAgent Reliance on Untrusted Inputs Security Feature Bypass Vulnerability,,Microsoft,2025-11-14,2026-02-12,90
ZDI-26-081,ZDI-CAN-28066,Microsoft,CVE-2026-21235,8.8,2026-02-12,2026-02-12,Microsoft Windows win32kfull Use-After-Free Local Privilege Escalation Vulnerability,,Microsoft,2025-10-13,2026-02-12,122
ZDI-26-070,ZDI-CAN-27940,Adobe,CVE-2025-61808,7.2,2026-02-06,2026-02-06,Adobe ColdFusion CAR File Parsing Directory Traversal Remote Code Execution Vulnerability,,Adobe,2025-08-21,2026-02-06,169
ZDI-26-057,ZDI-CAN-28285,Apple,CVE-2025-46298,8.8,2026-02-03,2026-02-03,Apple Safari JavaScriptCore FTL New Array Materialization Type Confusion Remote Code Execution Vulnerability,,Apple,2025-10-15,2026-02-03,111
ZDI-26-056,ZDI-CAN-28035,Apple,CVE-2025-43283,6.5,2026-02-03,2026-02-03,Apple macOS AppleIntelKBLGraphics Out-Of-Bounds Read Information Disclosure Vulnerability,,Apple,2025-09-02,2026-02-03,154
ZDI-26-044,ZDI-CAN-28082,Microsoft,CVE-2026-20871,7.8,2026-01-13,2026-01-13,Microsoft Windows Desktop Window Manager Use-After-Free Local Privilege Escalation Vulnerability,,Microsoft,2025-10-10,2026-01-13,95
